 002070   61753668501   430171            2   002   270220   00   000000   0   000000000000000   000   000000000000000   000   000000000000000      000000000022133464   000   000000044266928   0   0000000000   A   0   0000000000   A   000000   000000   000000000000000   000000000000000   0000A0000000
 002070   61753668501   400101            2   003   010320   00   000000   0   000000000000000   000   000000000000000   000   000000000000000      000000000036608266   000   000000109824798   0   0000000000   A   0   0000000000   A   000000   000000   000000000000000   000000000000000   0000A0000000
 002070   00000000000   430185            2   001   020320   00   000000   0   000000000000000   000   000000000000000   000   000000000000000      000000000007794966   000   000000007794966   0   0000000000   A   0   0000000000   A   000000   000000   000000000000000   000000000000000   0000A0000000
 002070   62729428501   400101            2   017   030320   00   000000   0   000000000000000   000   000000000000000   000   000000000000000      000000000036608266   000   000000622340522   0   0000000000   A   0   0000000000   A   000000   000000   000000000000000   000000000000000   0000A0000000
 002070   61753668501   430171            2   005   040320   00   000000   0   000000000000000   000   000000000000000   000   000000000000000      000000000022133464   000   000000110667320   0   0000000000   A   0   0000000000   A   000000   000000   000000000000000   000000000000000   0000A0000000
 002070   62934649501   430171            2   002   080320   00   000000   0   000000000000000   000   000000000000000   000   000000000000000      000000000022133464   000   000000044266928   0   0000000000   A   0   0000000000   A   000000   000000   000000000000000   000000000000000   0000A0000000
 002070   62278753701   400101            2   001   090320   00   000000   0   000000000000000   000   000000000000000   000   000000000000000      000000000036608266   000   000000036608266   0   0000000000   A   0   0000000000   A   000000   000000   000000000000000   000000000000000   0000A0000000
 002070   61978680803   430185            2   001   110320   00   000000   0   000000000000000   000   000000000000000   000   000000000000000      000000000007794966   000   000000007794966   0   0000000000   A   0   0000000000   A   000000   000000   000000000000000   000000000000000   0000A0000000
 002070   63289905002   430171            2   001   110320   00   000000   0   000000000000000   000   000000000000000   000   000000000000000      000000000022133464   000   000000022133464   0   0000000000   A   0   0000000000   A   000000   000000   000000000000000   000000000000000   0000A0000000
 002070   61867603001   400101            2   001   140320   00   000000   0   000000000000000   000   000000000000000   000   000000000000000      000000000036608266   000   000000036608266   0   0000000000   A   0   0000000000   A   000000   000000   000000000000000   000000000000000   0000A0000000
 002070   61120376501   430185            2   001   190320   00   000000   0   000000000000000   000   000000000000000   000   000000000000000      000000000007794966   000   000000007794966   0   0000000000   A   0   0000000000   A   000000   000000   000000000000000   000000000000000   0000A0000000
 002070   13222261201   430171            2   005   230320   00   000000   0   000000000000000   000   000000000000000   000   000000000000000      000000000022133464   000   000000110667320   0   0000000000   A   0   0000000000   A   000000   000000   000000000000000   000000000000000   0000A0000000
 002070   13222261202   430171            2   003   250320   00   000000   0   000000000000000   000   000000000000000   000   000000000000000      000000000022133464   000   000000066400392   0   0000000000   A   0   0000000000   A   000000   000000   000000000000000   000000000000000   0000A0000000
 002070   61278174601   430171            2   001   260320   00   000000   0   000000000000000   000   000000000000000   000   000000000000000      000000000022133464   000   000000022133464   0   0000000000   A   0   0000000000   A   000000   000000   000000000000000   000000000000000   0000A0000000
 002070   63186274801   430185            2   001   270320   00   000000   0   000000000000000   000   000000000000000   000   000000000000000      000000000007794966   000   000000007794966   0   0000000000   A   0   0000000000   A   000000   000000   000000000000000   000000000000000   0000A0000000
 002070   63289905002   100213            2   001   110320   00   000000   0   000000000000000   000   000000000000000   000   000000000000000      000000000039250860   000   000000039250860   0   0000000000   A   0   0000000000   A   000000   000000   000000000000000   000000000000000   0000A0000000
 002070   61633301202   431101            2   001   190320   00   000000   0   000000000000000   000   000000000000000   000   000000000000000      000000000001122481   000   000000001122481   0   0000000000   A   0   0000000000   A   000000   000000   000000000000000   000000000000000   0000A0000000
 002070   61633301202   031301            2   001   190320   00   000000   0   000000000000000   000   000000000000000   000   000000000000000      000000000019447017   000   000000019447017   0   0000000000   A   0   0000000000   A   000000   000000   000000000000000   000000000000000   0000A0000000
 002070   63135239102   070109            2   001   190320   00   000000   0   000000000000000   000   000000000000000   000   000000000000000      000000000047636271   000   000000047636271   0   0000000000   A   0   0000000000   A   000000   000000   000000000000000   000000000000000   0000A0000000
 002070   63135239102   431101            2   001   190320   00   000000   0   000000000000000   000   000000000000000   000   000000000000000      000000000001122481   000   000000001122481   0   0000000000   A   0   0000000000   A   000000   000000   000000000000000   000000000000000   0000A0000000
 002070   61278174601   080611            2   001   260320   00   000000   0   000000000000000   000   000000000000000   000   000000000000000      000000000021409560   000   000000021409560   0   0000000000   A   0   0000000000   A   000000   000000   000000000000000   000000000000000   0000A0000000
 002070   61917232002   130102            2   001   300320   00   000000   0   000000000000000   000   000000000000000   000   000000000000000      000000000021409560   000   000000021409560   0   0000000000   A   0   0000000000   A   000000   000000   000000000000000   000000000000000   0000A0000000
 002070   61917232002   431101            2   001   300320   00   000000   0   000000000000000   000   000000000000000   000   000000000000000      000000000001122481   000   000000001122481   0   0000000000   A   0   0000000000   A   000000   000000   000000000000000   000000000000000   0000A0000000
 002070   63289905002   55439X1           2   005   110320   00   000000   0   000000000000000   000   000000000000000   000   000000000000000      000000000003723915   000   000000018619574   0   0000000000   A   0   0000000000   A   000000   000000   000000000000000   000000000000000   0000A0000000
 002070   63289905002   57916X1           2   001   110320   00   000000   0   000000000000000   000   000000000000000   000   000000000000000      000000000003463200   000   000000003463200   0   0000000000   A   0   0000000000   A   000000   000000   000000000000000   000000000000000   0000A0000000
 002070   63289905002   45332X1           2   001   110320   00   000000   0   000000000000000   000   000000000000000   000   000000000000000      000000000001517451   000   000000001517451   0   0000000000   A   0   0000000000   A   000000   000000   000000000000000   000000000000000   0000A0000000
 002070   63289905002   34031X1           2   001   110320   00   000000   0   000000000000000   000   000000000000000   000   000000000000000      000000000001143847   000   000000001143847   0   0000000000   A   0   0000000000   A   000000   000000   000000000000000   000000000000000   0000A0000000
 002070   63289905002   58373X1           2   001   110320   00   000000   0   000000000000000   000   000000000000000   000   000000000000000      000000000000353019   000   000000000353019   0   0000000000   A   0   0000000000   A   000000   000000   000000000000000   000000000000000   0000A0000000
 002070   63289905002   DES00026          2   005   110320   00   000000   0   000000000000000   000   000000000000000   000   000000000000000      000000000000047855   000   000000000239274   0   0000000000   A   0   0000000000   A   000000   000000   000000000000000   000000000000000   0000A0000000
 002070   63289905002   DES00052          2   001   110320   00   000000   0   000000000000000   000   000000000000000   000   000000000000000      000000000003420873   000   000000003420873   0   0000000000   A   0   0000000000   A   000000   000000   000000000000000   000000000000000   0000A0000000
 002070   61633301202   DES00163          2   001   190320   00   000000   0   000000000000000   000   000000000000000   000   000000000000000      000000000001915268   000   000000001915268   0   0000000000   A   0   0000000000   A   000000   000000   000000000000000   000000000000000   0000A0000000
 002070   61633301202   18164X1           2   001   190320   00   000000   0   000000000000000   000   000000000000000   000   000000000000000      000000000001658700   000   000000001658700   0   0000000000   A   0   0000000000   A   000000   000000   000000000000000   000000000000000   0000A0000000
 002070   61633301202   52001X1           2   001   190320   00   000000   0   000000000000000   000   000000000000000   000   000000000000000      000000000003165734   000   000000003165734   0   0000000000   A   0   0000000000   A   000000   000000   000000000000000   000000000000000   0000A0000000
 002070   61633301202   14916X1           2   025   190320   00   000000   0   000000000000000   000   000000000000000   000   000000000000000      000000000000165190   000   000000004129740   0   0000000000   A   0   0000000000   A   000000   000000   000000000000000   000000000000000   0000A0000000
 002070   61633301202   55439X1           2   001   190320   00   000000   0   000000000000000   000   000000000000000   000   000000000000000      000000000003723915   000   000000003723915   0   0000000000   A   0   0000000000   A   000000   000000   000000000000000   000000000000000   0000A0000000
 002070   61633301202   31837X1           2   001   190320   00   000000   0   000000000000000   000   000000000000000   000   000000000000000      000000000001197802   000   000000001197802   0   0000000000   A   0   0000000000   A   000000   000000   000000000000000   000000000000000   0000A0000000
 002070   61633301202   58689X1           2   001   190320   00   000000   0   000000000000000   000   000000000000000   000   000000000000000      000000000003503563   000   000000003503563   0   0000000000   A   0   0000000000   A   000000   000000   000000000000000   000000000000000   0000A0000000
 002070   61633301202   45332X1           2   001   190320   00   000000   0   000000000000000   000   000000000000000   000   000000000000000      000000000001517451   000   000000001517451   0   0000000000   A   0   0000000000   A   000000   000000   000000000000000   000000000000000   0000A0000000
 002070   61633301202   34031X1           2   001   190320   00   000000   0   000000000000000   000   000000000000000   000   000000000000000      000000000001143847   000   000000001143847   0   0000000000   A   0   0000000000   A   000000   000000   000000000000000   000000000000000   0000A0000000
 002070   61633301202   58606X1           2   001   190320   00   000000   0   000000000000000   000   000000000000000   000   000000000000000      000000000000433987   000   000000000433987   0   0000000000   A   0   0000000000   A   000000   000000   000000000000000   000000000000000   0000A0000000
 002070   61633301202   58373X1           2   001   190320   00   000000   0   000000000000000   000   000000000000000   000   000000000000000      000000000000353019   000   000000000353019   0   0000000000   A   0   0000000000   A   000000   000000   000000000000000   000000000000000   0000A0000000
 002070   61633301202   DES00026          2   005   190320   00   000000   0   000000000000000   000   000000000000000   000   000000000000000      000000000000047855   000   000000000239274   0   0000000000   A   0   0000000000   A   000000   000000   000000000000000   000000000000000   0000A0000000
 002070   63135239102   DES00033          2   001   190320   00   000000   0   000000000000000   000   000000000000000   000   000000000000000      000000000000838946   000   000000000838946   0   0000000000   A   0   0000000000   A   000000   000000   000000000000000   000000000000000   0000A0000000
 002070   63135239102   DES00064          2   001   190320   00   000000   0   000000000000000   000   000000000000000   000   000000000000000      000000000021019585   000   000000021019585   0   0000000000   A   0   0000000000   A   000000   000000   000000000000000   000000000000000   0000A0000000
 002070   63135239102   15010X1           2   001   190320   00   000000   0   000000000000000   000   000000000000000   000   000000000000000      000000000001642500   000   000000001642500   0   0000000000   A   0   0000000000   A   000000   000000   000000000000000   000000000000000   0000A0000000
 002070   63135239102   55439X1           2   002   190320   00   000000   0   000000000000000   000   000000000000000   000   000000000000000      000000000003723914   000   000000007447829   0   0000000000   A   0   0000000000   A   000000   000000   000000000000000   000000000000000   0000A0000000
 002070   63135239102   50933X1           2   030   190320   00   000000   0   000000000000000   000   000000000000000   000   000000000000000      000000000000165190   000   000000004955688   0   0000000000   A   0   0000000000   A   000000   000000   000000000000000   000000000000000   0000A0000000
 002070   63135239102   60196X1           2   001   190320   00   000000   0   000000000000000   000   000000000000000   000   000000000000000      000000000001657198   000   000000001657198   0   0000000000   A   0   0000000000   A   000000   000000   000000000000000   000000000000000   0000A0000000
 002070   63135239102   58689X1           2   001   190320   00   000000   0   000000000000000   000   000000000000000   000   000000000000000      000000000003503563   000   000000003503563   0   0000000000   A   0   0000000000   A   000000   000000   000000000000000   000000000000000   0000A0000000
 002070   63135239102   58373X1           2   001   190320   00   000000   0   000000000000000   000   000000000000000   000   000000000000000      000000000000353019   000   000000000353019   0   0000000000   A   0   0000000000   A   000000   000000   000000000000000   000000000000000   0000A0000000
 002070   63135239102   DES00026          2   005   190320   00   000000   0   000000000000000   000   000000000000000   000   000000000000000      000000000000047855   000   000000000239274   0   0000000000   A   0   0000000000   A   000000   000000   000000000000000   000000000000000   0000A0000000
 002070   63135239102   DES00052          2   001   190320   00   000000   0   000000000000000   000   000000000000000   000   000000000000000      000000000003420873   000   000000003420873   0   0000000000   A   0   0000000000   A   000000   000000   000000000000000   000000000000000   0000A0000000
 002070   61278174601   55439X1           2   002   260320   00   000000   0   000000000000000   000   000000000000000   000   000000000000000      000000000003723914   000   000000007447829   0   0000000000   A   0   0000000000   A   000000   000000   000000000000000   000000000000000   0000A0000000
 002070   61278174601   58689X1           2   001   260320   00   000000   0   000000000000000   000   000000000000000   000   000000000000000      000000000003503563   000   000000003503563   0   0000000000   A   0   0000000000   A   000000   000000   000000000000000   000000000000000   0000A0000000
 002070   61278174601   15010X1           2   001   260320   00   000000   0   000000000000000   000   000000000000000   000   000000000000000      000000000001642500   000   000000001642500   0   0000000000   A   0   0000000000   A   000000   000000   000000000000000   000000000000000   0000A0000000
 002070   61278174601   18163X1           2   001   260320   00   000000   0   000000000000000   000   000000000000000   000   000000000000000      000000000001404360   000   000000001404360   0   0000000000   A   0   0000000000   A   000000   000000   000000000000000   000000000000000   0000A0000000
 002070   61278174601   22583X1           2   001   260320   00   000000   0   000000000000000   000   000000000000000   000   000000000000000      000000000002016436   000   000000002016436   0   0000000000   A   0   0000000000   A   000000   000000   000000000000000   000000000000000   0000A0000000
 002070   61278174601   57916X1           2   001   260320   00   000000   0   000000000000000   000   000000000000000   000   000000000000000      000000000003463200   000   000000003463200   0   0000000000   A   0   0000000000   A   000000   000000   000000000000000   000000000000000   0000A0000000
 002070   61278174601   60196X1           2   001   260320   00   000000   0   000000000000000   000   000000000000000   000   000000000000000      000000000001657198   000   000000001657198   0   0000000000   A   0   0000000000   A   000000   000000   000000000000000   000000000000000   0000A0000000
 002070   61278174601   31837X1           2   001   260320   00   000000   0   000000000000000   000   000000000000000   000   000000000000000      000000000001197802   000   000000001197802   0   0000000000   A   0   0000000000   A   000000   000000   000000000000000   000000000000000   0000A0000000
 002070   61278174601   45332X1           2   001   260320   00   000000   0   000000000000000   000   000000000000000   000   000000000000000      000000000001517451   000   000000001517451   0   0000000000   A   0   0000000000   A   000000   000000   000000000000000   000000000000000   0000A0000000
 002070   61278174601   34031X1           2   001   260320   00   000000   0   000000000000000   000   000000000000000   000   000000000000000      000000000001143847   000   000000001143847   0   0000000000   A   0   0000000000   A   000000   000000   000000000000000   000000000000000   0000A0000000
 002070   61278174601   58606X1           2   002   260320   00   000000   0   000000000000000   000   000000000000000   000   000000000000000      000000000000433987   000   000000000867974   0   0000000000   A   0   0000000000   A   000000   000000   000000000000000   000000000000000   0000A0000000
 002070   61278174601   58373X1           2   001   260320   00   000000   0   000000000000000   000   000000000000000   000   000000000000000      000000000000353019   000   000000000353019   0   0000000000   A   0   0000000000   A   000000   000000   000000000000000   000000000000000   0000A0000000
 002070   61278174601   DES00026          2   005   260320   00   000000   0   000000000000000   000   000000000000000   000   000000000000000      000000000000047855   000   000000000239274   0   0000000000   A   0   0000000000   A   000000   000000   000000000000000   000000000000000   0000A0000000
 002070   61278174601   DES00052          2   001   260320   00   000000   0   000000000000000   000   000000000000000   000   000000000000000      000000000003420873   000   000000003420873   0   0000000000   A   0   0000000000   A   000000   000000   000000000000000   000000000000000   0000A0000000
 002070   61917232002   DES00019          2   001   300320   00   000000   0   000000000000000   000   000000000000000   000   000000000000000      000000000000382801   000   000000000382801   0   0000000000   A   0   0000000000   A   000000   000000   000000000000000   000000000000000   0000A0000000
 002070   61917232002   15010X1           2   001   300320   00   000000   0   000000000000000   000   000000000000000   000   000000000000000      000000000001642500   000   000000001642500   0   0000000000   A   0   0000000000   A   000000   000000   000000000000000   000000000000000   0000A0000000
 002070   61917232002   18164X1           2   001   300320   00   000000   0   000000000000000   000   000000000000000   000   000000000000000      000000000001658700   000   000000001658700   0   0000000000   A   0   0000000000   A   000000   000000   000000000000000   000000000000000   0000A0000000
 002070   61917232002   14916X1           2   030   300320   00   000000   0   000000000000000   000   000000000000000   000   000000000000000      000000000000165190   000   000000004955688   0   0000000000   A   0   0000000000   A   000000   000000   000000000000000   000000000000000   0000A0000000
 002070   61917232002   55439X1           2   001   300320   00   000000   0   000000000000000   000   000000000000000   000   000000000000000      000000000003723915   000   000000003723915   0   0000000000   A   0   0000000000   A   000000   000000   000000000000000   000000000000000   0000A0000000
 002070   61917232002   32583X1           2   001   300320   00   000000   0   000000000000000   000   000000000000000   000   000000000000000      000000000000747275   000   000000000747275   0   0000000000   A   0   0000000000   A   000000   000000   000000000000000   000000000000000   0000A0000000
 002070   61917232002   36550X1           2   001   300320   00   000000   0   000000000000000   000   000000000000000   000   000000000000000      000000000002775181   000   000000002775181   0   0000000000   A   0   0000000000   A   000000   000000   000000000000000   000000000000000   0000A0000000
 002070   61917232002   58689X1           2   001   300320   00   000000   0   000000000000000   000   000000000000000   000   000000000000000      000000000003503563   000   000000003503563   0   0000000000   A   0   0000000000   A   000000   000000   000000000000000   000000000000000   0000A0000000
 002070   61917232002   DES00052          2   001   300320   00   000000   0   000000000000000   000   000000000000000   000   000000000000000      000000000003420873   000   000000003420873   0   0000000000   A   0   0000000000   A   000000   000000   000000000000000   000000000000000   0000A0000000
 002070   61917232002   DES00054          2   002   300320   00   000000   0   000000000000000   000   000000000000000   000   000000000000000      000000000000381150   000   000000000762300   0   0000000000   A   0   0000000000   A   000000   000000   000000000000000   000000000000000   0000A0000000
 002070   61753668501   29366X1           2   001   270220   00   000000   0   000000000000000   000   000000000000000   000   000000000000000      000000000000488976   000   000000000488976   0   0000000000   A   0   0000000000   A   000000   000000   000000000000000   000000000000000   0000A0000000
 002070   61753668501   DES00017          2   001   270220   00   000000   0   000000000000000   000   000000000000000   000   000000000000000      000000000000382801   000   000000000382801   0   0000000000   A   0   0000000000   A   000000   000000   000000000000000   000000000000000   0000A0000000
 002070   61753668501   41926X1           2   001   270220   00   000000   0   000000000000000   000   000000000000000   000   000000000000000      000000000000559741   000   000000000559741   0   0000000000   A   0   0000000000   A   000000   000000   000000000000000   000000000000000   0000A0000000
 002070   61753668501   DES00040          2   001   270220   00   000000   0   000000000000000   000   000000000000000   000   000000000000000      000000000000381150   000   000000000381150   0   0000000000   A   0   0000000000   A   000000   000000   000000000000000   000000000000000   0000A0000000
 002070   61753668501   58373X1           2   001   270220   00   000000   0   000000000000000   000   000000000000000   000   000000000000000      000000000000353019   000   000000000353019   0   0000000000   A   0   0000000000   A   000000   000000   000000000000000   000000000000000   0000A0000000
 002070   61753668501   DES00045          2   001   270220   00   000000   0   000000000000000   000   000000000000000   000   000000000000000      000000000000168489   000   000000000168489   0   0000000000   A   0   0000000000   A   000000   000000   000000000000000   000000000000000   0000A0000000
 002070   61753668501   DES00054          2   001   270220   00   000000   0   000000000000000   000   000000000000000   000   000000000000000      000000000000381150   000   000000000381150   0   0000000000   A   0   0000000000   A   000000   000000   000000000000000   000000000000000   0000A0000000
 002070   61753668501   55439X1           2   002   270220   00   000000   0   000000000000000   000   000000000000000   000   000000000000000      000000000003723914   000   000000007447829   0   0000000000   A   0   0000000000   A   000000   000000   000000000000000   000000000000000   0000A0000000
 002070   61753668501   55439X1           2   001   280220   00   000000   0   000000000000000   000   000000000000000   000   000000000000000      000000000003723915   000   000000003723915   0   0000000000   A   0   0000000000   A   000000   000000   000000000000000   000000000000000   0000A0000000
 002070   61753668501   55439X1           2   012   280220   00   000000   0   000000000000000   000   000000000000000   000   000000000000000      000000000003723915   000   000000044686976   0   0000000000   A   0   0000000000   A   000000   000000   000000000000000   000000000000000   0000A0000000
 002070   61753668501   41926X1           2   006   280220   00   000000   0   000000000000000   000   000000000000000   000   000000000000000      000000000000559741   000   000000003358444   0   0000000000   A   0   0000000000   A   000000   000000   000000000000000   000000000000000   0000A0000000
 002070   61753668501   29366X1           2   006   280220   00   000000   0   000000000000000   000   000000000000000   000   000000000000000      000000000000488976   000   000000002933858   0   0000000000   A   0   0000000000   A   000000   000000   000000000000000   000000000000000   0000A0000000
 002070   61753668501   58606X1           2   006   280220   00   000000   0   000000000000000   000   000000000000000   000   000000000000000      000000000000433987   000   000000002603923   0   0000000000   A   0   0000000000   A   000000   000000   000000000000000   000000000000000   0000A0000000
 002070   61753668501   22323X1           2   002   280220   00   000000   0   000000000000000   000   000000000000000   000   000000000000000      000000000001959430   000   000000003918861   0   0000000000   A   0   0000000000   A   000000   000000   000000000000000   000000000000000   0000A0000000
 002070   61753668501   55439X1           2   001   280220   00   000000   0   000000000000000   000   000000000000000   000   000000000000000      000000000003723915   000   000000003723915   0   0000000000   A   0   0000000000   A   000000   000000   000000000000000   000000000000000   0000A0000000
 002070   61753668501   29366X1           2   001   280220   00   000000   0   000000000000000   000   000000000000000   000   000000000000000      000000000000488976   000   000000000488976   0   0000000000   A   0   0000000000   A   000000   000000   000000000000000   000000000000000   0000A0000000
 002070   61753668501   58606X1           2   001   280220   00   000000   0   000000000000000   000   000000000000000   000   000000000000000      000000000000433987   000   000000000433987   0   0000000000   A   0   0000000000   A   000000   000000   000000000000000   000000000000000   0000A0000000
 002070   61753668501   41926X1           2   001   280220   00   000000   0   000000000000000   000   000000000000000   000   000000000000000      000000000000559741   000   000000000559741   0   0000000000   A   0   0000000000   A   000000   000000   000000000000000   000000000000000   0000A0000000
 002070   61753668501   13530X1           2   002   280220   00   000000   0   000000000000000   000   000000000000000   000   000000000000000      000000000004995582   000   000000009991165   0   0000000000   A   0   0000000000   A   000000   000000   000000000000000   000000000000000   0000A0000000
 002070   61753668501   32583X1           2   001   010320   00   000000   0   000000000000000   000   000000000000000   000   000000000000000      000000000000747275   000   000000000747275   0   0000000000   A   0   0000000000   A   000000   000000   000000000000000   000000000000000   0000A0000000
 002070   61753668501   DES00026          2   003   010320   00   000000   0   000000000000000   000   000000000000000   000   000000000000000      000000000000047855   000   000000000143564   0   0000000000   A   0   0000000000   A   000000   000000   000000000000000   000000000000000   0000A0000000
 002070   61753668501   DES00017          2   001   010320   00   000000   0   000000000000000   000   000000000000000   000   000000000000000      000000000000382801   000   000000000382801   0   0000000000   A   0   0000000000   A   000000   000000   000000000000000   000000000000000   0000A0000000
 002070   61753668501   DES00026          2   003   010320   00   000000   0   000000000000000   000   000000000000000   000   000000000000000      000000000000047855   000   000000000143564   0   0000000000   A   0   0000000000   A   000000   000000   000000000000000   000000000000000   0000A0000000
 002070   61753668501   13530X1           2   001   010320   00   000000   0   000000000000000   000   000000000000000   000   000000000000000      000000000004995582   000   000000004995582   0   0000000000   A   0   0000000000   A   000000   000000   000000000000000   000000000000000   0000A0000000
 002070   61753668501   51999X1           2   001   010320   00   000000   0   000000000000000   000   000000000000000   000   000000000000000      000000000010519608   000   000000010519608   0   0000000000   A   0   0000000000   A   000000   000000   000000000000000   000000000000000   0000A0000000
 002070   61753668501   58606X1           2   001   010320   00   000000   0   000000000000000   000   000000000000000   000   000000000000000      000000000000433987   000   000000000433987   0   0000000000   A   0   0000000000   A   000000   000000   000000000000000   000000000000000   0000A0000000
 002070   61753668501   DES00040          2   001   010320   00   000000   0   000000000000000   000   000000000000000   000   000000000000000      000000000000381150   000   000000000381150   0   0000000000   A   0   0000000000   A   000000   000000   000000000000000   000000000000000   0000A0000000
 002070   61753668501   DES00047          2   001   010320   00   000000   0   000000000000000   000   000000000000000   000   000000000000000      000000000004095457   000   000000004095457   0   0000000000   A   0   0000000000   A   000000   000000   000000000000000   000000000000000   0000A0000000
 002070   61753668501   DES00054          2   001   010320   00   000000   0   000000000000000   000   000000000000000   000   000000000000000      000000000000381150   000   000000000381150   0   0000000000   A   0   0000000000   A   000000   000000   000000000000000   000000000000000   0000A0000000
 002070   61753668501   29366X1           2   001   010320   00   000000   0   000000000000000   000   000000000000000   000   000000000000000      000000000000488976   000   000000000488976   0   0000000000   A   0   0000000000   A   000000   000000   000000000000000   000000000000000   0000A0000000
 002070   61753668501   DES00026          2   002   020320   00   000000   0   000000000000000   000   000000000000000   000   000000000000000      000000000000047855   000   000000000095710   0   0000000000   A   0   0000000000   A   000000   000000   000000000000000   000000000000000   0000A0000000
 002070   61753668501   51999X1           2   002   020320   00   000000   0   000000000000000   000   000000000000000   000   000000000000000      000000000010519608   000   000000021039215   0   0000000000   A   0   0000000000   A   000000   000000   000000000000000   000000000000000   0000A0000000
 002070   61753668501   58606X1           2   001   020320   00   000000   0   000000000000000   000   000000000000000   000   000000000000000      000000000000433987   000   000000000433987   0   0000000000   A   0   0000000000   A   000000   000000   000000000000000   000000000000000   0000A0000000
 002070   61753668501   29366X1           2   001   020320   00   000000   0   000000000000000   000   000000000000000   000   000000000000000      000000000000488976   000   000000000488976   0   0000000000   A   0   0000000000   A   000000   000000   000000000000000   000000000000000   0000A0000000
 002070   61753668501   55439X1           2   003   020320   00   000000   0   000000000000000   000   000000000000000   000   000000000000000      000000000003723915   000   000000011171744   0   0000000000   A   0   0000000000   A   000000   000000   000000000000000   000000000000000   0000A0000000
 002070   61753668501   55439X1           2   002   020320   00   000000   0   000000000000000   000   000000000000000   000   000000000000000      000000000003723914   000   000000007447829   0   0000000000   A   0   0000000000   A   000000   000000   000000000000000   000000000000000   0000A0000000
 002070   61753668501   58606X1           2   001   020320   00   000000   0   000000000000000   000   000000000000000   000   000000000000000      000000000000433987   000   000000000433987   0   0000000000   A   0   0000000000   A   000000   000000   000000000000000   000000000000000   0000A0000000
 002070   61753668501   29366X1           2   001   020320   00   000000   0   000000000000000   000   000000000000000   000   000000000000000      000000000000488976   000   000000000488976   0   0000000000   A   0   0000000000   A   000000   000000   000000000000000   000000000000000   0000A0000000
 002070   61753668501   29366X1           2   001   020320   00   000000   0   000000000000000   000   000000000000000   000   000000000000000      000000000000488976   000   000000000488976   0   0000000000   A   0   0000000000   A   000000   000000   000000000000000   000000000000000   0000A0000000
 002070   61753668501   58606X1           2   001   020320   00   000000   0   000000000000000   000   000000000000000   000   000000000000000      000000000000433987   000   000000000433987   0   0000000000   A   0   0000000000   A   000000   000000   000000000000000   000000000000000   0000A0000000
 002070   61753668501   51999X1           2   004   020320   00   000000   0   000000000000000   000   000000000000000   000   000000000000000      000000000010519608   000   000000042078431   0   0000000000   A   0   0000000000   A   000000   000000   000000000000000   000000000000000   0000A0000000
 002070   61753668501   58823X1           2   004   020320   00   000000   0   000000000000000   000   000000000000000   000   000000000000000      000000000000468147   000   000000001872587   0   0000000000   A   0   0000000000   A   000000   000000   000000000000000   000000000000000   0000A0000000
 002070   61753668501   58373X1           2   003   020320   00   000000   0   000000000000000   000   000000000000000   000   000000000000000      000000000000353019   000   000000001059056   0   0000000000   A   0   0000000000   A   000000   000000   000000000000000   000000000000000   0000A0000000
 002070   61753668501   53986X1           2   002   020320   00   000000   0   000000000000000   000   000000000000000   000   000000000000000      000000000000238054   000   000000000476107   0   0000000000   A   0   0000000000   A   000000   000000   000000000000000   000000000000000   0000A0000000
 002070   61753668501   22323X1           2   001   020320   00   000000   0   000000000000000   000   000000000000000   000   000000000000000      000000000001959430   000   000000001959430   0   0000000000   A   0   0000000000   A   000000   000000   000000000000000   000000000000000   0000A0000000
 002070   61753668501   32583X1           2   001   020320   00   000000   0   000000000000000   000   000000000000000   000   000000000000000      000000000000747275   000   000000000747275   0   0000000000   A   0   0000000000   A   000000   000000   000000000000000   000000000000000   0000A0000000
 002070   61753668501   20095X1           2   002   020320   00   000000   0   000000000000000   000   000000000000000   000   000000000000000      000000000000023854   000   000000000047709   0   0000000000   A   0   0000000000   A   000000   000000   000000000000000   000000000000000   0000A0000000
 002070   61753668501   DES00026          2   003   020320   00   000000   0   000000000000000   000   000000000000000   000   000000000000000      000000000000047855   000   000000000143564   0   0000000000   A   0   0000000000   A   000000   000000   000000000000000   000000000000000   0000A0000000
 002070   61753668501   49924X1           2   001   020320   00   000000   0   000000000000000   000   000000000000000   000   000000000000000      000000000001412419   000   000000001412419   0   0000000000   A   0   0000000000   A   000000   000000   000000000000000   000000000000000   0000A0000000
 002070   61753668501   55439X1           2   001   030320   00   000000   0   000000000000000   000   000000000000000   000   000000000000000      000000000003723915   000   000000003723915   0   0000000000   A   0   0000000000   A   000000   000000   000000000000000   000000000000000   0000A0000000
 002070   61753668501   29366X1           2   003   030320   00   000000   0   000000000000000   000   000000000000000   000   000000000000000      000000000000488976   000   000000001466929   0   0000000000   A   0   0000000000   A   000000   000000   000000000000000   000000000000000   0000A0000000
 002070   61753668501   58606X1           2   003   030320   00   000000   0   000000000000000   000   000000000000000   000   000000000000000      000000000000433987   000   000000001301962   0   0000000000   A   0   0000000000   A   000000   000000   000000000000000   000000000000000   0000A0000000
 002070   61753668501   13530X1           2   001   030320   00   000000   0   000000000000000   000   000000000000000   000   000000000000000      000000000004995582   000   000000004995582   0   0000000000   A   0   0000000000   A   000000   000000   000000000000000   000000000000000   0000A0000000
 002070   61753668501   51999X1           2   004   030320   00   000000   0   000000000000000   000   000000000000000   000   000000000000000      000000000010519608   000   000000042078431   0   0000000000   A   0   0000000000   A   000000   000000   000000000000000   000000000000000   0000A0000000
 002070   61753668501   55439X1           2   001   030320   00   000000   0   000000000000000   000   000000000000000   000   000000000000000      000000000003723915   000   000000003723915   0   0000000000   A   0   0000000000   A   000000   000000   000000000000000   000000000000000   0000A0000000
 002070   61753668501   55439X1           2   004   030320   00   000000   0   000000000000000   000   000000000000000   000   000000000000000      000000000003723915   000   000000014895659   0   0000000000   A   0   0000000000   A   000000   000000   000000000000000   000000000000000   0000A0000000
 002070   61753668501   58823X1           2   004   030320   00   000000   0   000000000000000   000   000000000000000   000   000000000000000      000000000000468147   000   000000001872587   0   0000000000   A   0   0000000000   A   000000   000000   000000000000000   000000000000000   0000A0000000
 002070   61753668501   58373X1           2   003   030320   00   000000   0   000000000000000   000   000000000000000   000   000000000000000      000000000000353019   000   000000001059056   0   0000000000   A   0   0000000000   A   000000   000000   000000000000000   000000000000000   0000A0000000
 002070   61753668501   DES00055          2   001   030320   00   000000   0   000000000000000   000   000000000000000   000   000000000000000      000000000001184071   000   000000001184071   0   0000000000   A   0   0000000000   A   000000   000000   000000000000000   000000000000000   0000A0000000
 002070   62729428501   55439X1           2   001   030320   00   000000   0   000000000000000   000   000000000000000   000   000000000000000      000000000003723915   000   000000003723915   0   0000000000   A   0   0000000000   A   000000   000000   000000000000000   000000000000000   0000A0000000
 002070   62729428501   DES00045          2   001   030320   00   000000   0   000000000000000   000   000000000000000   000   000000000000000      000000000000168489   000   000000000168489   0   0000000000   A   0   0000000000   A   000000   000000   000000000000000   000000000000000   0000A0000000
 002070   62729428501   DES00054          2   001   030320   00   000000   0   000000000000000   000   000000000000000   000   000000000000000      000000000000381150   000   000000000381150   0   0000000000   A   0   0000000000   A   000000   000000   000000000000000   000000000000000   0000A0000000
 002070   62729428501   DES00040          2   001   030320   00   000000   0   000000000000000   000   000000000000000   000   000000000000000      000000000000381150   000   000000000381150   0   0000000000   A   0   0000000000   A   000000   000000   000000000000000   000000000000000   0000A0000000
 002070   62729428501   DES00055          2   001   030320   00   000000   0   000000000000000   000   000000000000000   000   000000000000000      000000000001184071   000   000000001184071   0   0000000000   A   0   0000000000   A   000000   000000   000000000000000   000000000000000   0000A0000000
 002070   62729428501   DES00017          2   001   030320   00   000000   0   000000000000000   000   000000000000000   000   000000000000000      000000000000382801   000   000000000382801   0   0000000000   A   0   0000000000   A   000000   000000   000000000000000   000000000000000   0000A0000000
 002070   62729428501   32590X1           2   001   040320   00   000000   0   000000000000000   000   000000000000000   000   000000000000000      000000000000671285   000   000000000671285   0   0000000000   A   0   0000000000   A   000000   000000   000000000000000   000000000000000   0000A0000000
 002070   62729428501   DES00040          2   001   040320   00   000000   0   000000000000000   000   000000000000000   000   000000000000000      000000000000381150   000   000000000381150   0   0000000000   A   0   0000000000   A   000000   000000   000000000000000   000000000000000   0000A0000000
 002070   62729428501   49924X1           2   001   040320   00   000000   0   000000000000000   000   000000000000000   000   000000000000000      000000000001412419   000   000000001412419   0   0000000000   A   0   0000000000   A   000000   000000   000000000000000   000000000000000   0000A0000000
 002070   62729428501   20095X1           2   001   040320   00   000000   0   000000000000000   000   000000000000000   000   000000000000000      000000000000023854   000   000000000023854   0   0000000000   A   0   0000000000   A   000000   000000   000000000000000   000000000000000   0000A0000000
 002070   62729428501   9772X1            2   001   040320   00   000000   0   000000000000000   000   000000000000000   000   000000000000000      000000000000077992   000   000000000077992   0   0000000000   A   0   0000000000   A   000000   000000   000000000000000   000000000000000   0000A0000000
 002070   62729428501   DES00051          2   001   040320   00   000000   0   000000000000000   000   000000000000000   000   000000000000000      000000000004095457   000   000000004095457   0   0000000000   A   0   0000000000   A   000000   000000   000000000000000   000000000000000   0000A0000000
 002070   62729428501   55439X1           2   003   040320   00   000000   0   000000000000000   000   000000000000000   000   000000000000000      000000000003723915   000   000000011171744   0   0000000000   A   0   0000000000   A   000000   000000   000000000000000   000000000000000   0000A0000000
 002070   62729428501   20095X1           2   001   040320   00   000000   0   000000000000000   000   000000000000000   000   000000000000000      000000000000023854   000   000000000023854   0   0000000000   A   0   0000000000   A   000000   000000   000000000000000   000000000000000   0000A0000000
 002070   62729428501   55439X1           2   004   040320   00   000000   0   000000000000000   000   000000000000000   000   000000000000000      000000000003723915   000   000000014895659   0   0000000000   A   0   0000000000   A   000000   000000   000000000000000   000000000000000   0000A0000000
 002070   62729428501   49924X1           2   002   040320   00   000000   0   000000000000000   000   000000000000000   000   000000000000000      000000000001412418   000   000000002824837   0   0000000000   A   0   0000000000   A   000000   000000   000000000000000   000000000000000   0000A0000000
 002070   62729428501   20095X1           2   003   040320   00   000000   0   000000000000000   000   000000000000000   000   000000000000000      000000000000023855   000   000000000071564   0   0000000000   A   0   0000000000   A   000000   000000   000000000000000   000000000000000   0000A0000000
 002070   62729428501   32590X1           2   001   040320   00   000000   0   000000000000000   000   000000000000000   000   000000000000000      000000000000671285   000   000000000671285   0   0000000000   A   0   0000000000   A   000000   000000   000000000000000   000000000000000   0000A0000000
 002070   62729428501   9772X1            2   001   040320   00   000000   0   000000000000000   000   000000000000000   000   000000000000000      000000000000077992   000   000000000077992   0   0000000000   A   0   0000000000   A   000000   000000   000000000000000   000000000000000   0000A0000000
 002070   62729428501   50359X1           2   001   040320   00   000000   0   000000000000000   000   000000000000000   000   000000000000000      000000000000141512   000   000000000141512   0   0000000000   A   0   0000000000   A   000000   000000   000000000000000   000000000000000   0000A0000000
 002070   61753668501   29366X1           2   003   040320   00   000000   0   000000000000000   000   000000000000000   000   000000000000000      000000000000488976   000   000000001466929   0   0000000000   A   0   0000000000   A   000000   000000   000000000000000   000000000000000   0000A0000000
 002070   61753668501   58606X1           2   003   040320   00   000000   0   000000000000000   000   000000000000000   000   000000000000000      000000000000433987   000   000000001301962   0   0000000000   A   0   0000000000   A   000000   000000   000000000000000   000000000000000   0000A0000000
 002070   61753668501   13530X1           2   001   040320   00   000000   0   000000000000000   000   000000000000000   000   000000000000000      000000000004995582   000   000000004995582   0   0000000000   A   0   0000000000   A   000000   000000   000000000000000   000000000000000   0000A0000000
 002070   61753668501   51999X1           2   004   040320   00   000000   0   000000000000000   000   000000000000000   000   000000000000000      000000000010519608   000   000000042078431   0   0000000000   A   0   0000000000   A   000000   000000   000000000000000   000000000000000   0000A0000000
 002070   61753668501   55439X1           2   001   040320   00   000000   0   000000000000000   000   000000000000000   000   000000000000000      000000000003723915   000   000000003723915   0   0000000000   A   0   0000000000   A   000000   000000   000000000000000   000000000000000   0000A0000000
 002070   61753668501   55439X1           2   004   040320   00   000000   0   000000000000000   000   000000000000000   000   000000000000000      000000000003723915   000   000000014895659   0   0000000000   A   0   0000000000   A   000000   000000   000000000000000   000000000000000   0000A0000000
 002070   61753668501   58823X1           2   004   040320   00   000000   0   000000000000000   000   000000000000000   000   000000000000000      000000000000468147   000   000000001872587   0   0000000000   A   0   0000000000   A   000000   000000   000000000000000   000000000000000   0000A0000000
 002070   61753668501   58373X1           2   003   040320   00   000000   0   000000000000000   000   000000000000000   000   000000000000000      000000000000353019   000   000000001059056   0   0000000000   A   0   0000000000   A   000000   000000   000000000000000   000000000000000   0000A0000000
 002070   62729428501   34031X1           2   001   040320   00   000000   0   000000000000000   000   000000000000000   000   000000000000000      000000000001143847   000   000000001143847   0   0000000000   A   0   0000000000   A   000000   000000   000000000000000   000000000000000   0000A0000000
 002070   62729428501   DES00026          2   003   040320   00   000000   0   000000000000000   000   000000000000000   000   000000000000000      000000000000047855   000   000000000143564   0   0000000000   A   0   0000000000   A   000000   000000   000000000000000   000000000000000   0000A0000000
 002070   62729428501   58823X1           2   001   050320   00   000000   0   000000000000000   000   000000000000000   000   000000000000000      000000000000468147   000   000000000468147   0   0000000000   A   0   0000000000   A   000000   000000   000000000000000   000000000000000   0000A0000000
 002070   62729428501   58823X1           2   002   050320   00   000000   0   000000000000000   000   000000000000000   000   000000000000000      000000000000468146   000   000000000936293   0   0000000000   A   0   0000000000   A   000000   000000   000000000000000   000000000000000   0000A0000000
 002070   62729428501   55439X1           2   001   050320   00   000000   0   000000000000000   000   000000000000000   000   000000000000000      000000000003723915   000   000000003723915   0   0000000000   A   0   0000000000   A   000000   000000   000000000000000   000000000000000   0000A0000000
 002070   62729428501   34031X1           2   001   050320   00   000000   0   000000000000000   000   000000000000000   000   000000000000000      000000000001143847   000   000000001143847   0   0000000000   A   0   0000000000   A   000000   000000   000000000000000   000000000000000   0000A0000000
 002070   62729428501   49924X1           2   001   050320   00   000000   0   000000000000000   000   000000000000000   000   000000000000000      000000000001412419   000   000000001412419   0   0000000000   A   0   0000000000   A   000000   000000   000000000000000   000000000000000   0000A0000000
 002070   61753668501   29366X1           2   003   050320   00   000000   0   000000000000000   000   000000000000000   000   000000000000000      000000000000488976   000   000000001466929   0   0000000000   A   0   0000000000   A   000000   000000   000000000000000   000000000000000   0000A0000000
 002070   61753668501   58606X1           2   003   050320   00   000000   0   000000000000000   000   000000000000000   000   000000000000000      000000000000433987   000   000000001301962   0   0000000000   A   0   0000000000   A   000000   000000   000000000000000   000000000000000   0000A0000000
 002070   61753668501   13530X1           2   001   050320   00   000000   0   000000000000000   000   000000000000000   000   000000000000000      000000000004995582   000   000000004995582   0   0000000000   A   0   0000000000   A   000000   000000   000000000000000   000000000000000   0000A0000000
 002070   61753668501   55439X1           2   003   050320   00   000000   0   000000000000000   000   000000000000000   000   000000000000000      000000000003723915   000   000000011171744   0   0000000000   A   0   0000000000   A   000000   000000   000000000000000   000000000000000   0000A0000000
 002070   61753668501   58823X1           2   003   050320   00   000000   0   000000000000000   000   000000000000000   000   000000000000000      000000000000468147   000   000000001404440   0   0000000000   A   0   0000000000   A   000000   000000   000000000000000   000000000000000   0000A0000000
 002070   61753668501   51999X1           2   004   050320   00   000000   0   000000000000000   000   000000000000000   000   000000000000000      000000000010519608   000   000000042078431   0   0000000000   A   0   0000000000   A   000000   000000   000000000000000   000000000000000   0000A0000000
 002070   61753668501   55439X1           2   001   050320   00   000000   0   000000000000000   000   000000000000000   000   000000000000000      000000000003723915   000   000000003723915   0   0000000000   A   0   0000000000   A   000000   000000   000000000000000   000000000000000   0000A0000000
 002070   61753668501   58373X1           2   003   050320   00   000000   0   000000000000000   000   000000000000000   000   000000000000000      000000000000353019   000   000000001059056   0   0000000000   A   0   0000000000   A   000000   000000   000000000000000   000000000000000   0000A0000000
 002070   62729428501   20095X1           2   003   050320   00   000000   0   000000000000000   000   000000000000000   000   000000000000000      000000000000023855   000   000000000071564   0   0000000000   A   0   0000000000   A   000000   000000   000000000000000   000000000000000   0000A0000000
 002070   62729428501   32590X1           2   001   050320   00   000000   0   000000000000000   000   000000000000000   000   000000000000000      000000000000671285   000   000000000671285   0   0000000000   A   0   0000000000   A   000000   000000   000000000000000   000000000000000   0000A0000000
 002070   62729428501   9772X1            2   001   050320   00   000000   0   000000000000000   000   000000000000000   000   000000000000000      000000000000077992   000   000000000077992   0   0000000000   A   0   0000000000   A   000000   000000   000000000000000   000000000000000   0000A0000000
 002070   62729428501   50359X1           2   001   050320   00   000000   0   000000000000000   000   000000000000000   000   000000000000000      000000000000141512   000   000000000141512   0   0000000000   A   0   0000000000   A   000000   000000   000000000000000   000000000000000   0000A0000000
 002070   62729428501   49924X1           2   003   050320   00   000000   0   000000000000000   000   000000000000000   000   000000000000000      000000000001412419   000   000000004237256   0   0000000000   A   0   0000000000   A   000000   000000   000000000000000   000000000000000   0000A0000000
 002070   62729428501   34031X1           2   002   050320   00   000000   0   000000000000000   000   000000000000000   000   000000000000000      000000000001143847   000   000000002287694   0   0000000000   A   0   0000000000   A   000000   000000   000000000000000   000000000000000   0000A0000000
 002070   62729428501   58823X1           2   003   050320   00   000000   0   000000000000000   000   000000000000000   000   000000000000000      000000000000468147   000   000000001404440   0   0000000000   A   0   0000000000   A   000000   000000   000000000000000   000000000000000   0000A0000000
 002070   62729428501   DES00026          2   003   060320   00   000000   0   000000000000000   000   000000000000000   000   000000000000000      000000000000047855   000   000000000143564   0   0000000000   A   0   0000000000   A   000000   000000   000000000000000   000000000000000   0000A0000000
 002070   62729428501   53986X1           2   001   060320   00   000000   0   000000000000000   000   000000000000000   000   000000000000000      000000000000238054   000   000000000238054   0   0000000000   A   0   0000000000   A   000000   000000   000000000000000   000000000000000   0000A0000000
 002070   62729428501   53986X1           2   001   060320   00   000000   0   000000000000000   000   000000000000000   000   000000000000000      000000000000238054   000   000000000238054   0   0000000000   A   0   0000000000   A   000000   000000   000000000000000   000000000000000   0000A0000000
 002070   61753668501   29366X1           2   003   060320   00   000000   0   000000000000000   000   000000000000000   000   000000000000000      000000000000488976   000   000000001466929   0   0000000000   A   0   0000000000   A   000000   000000   000000000000000   000000000000000   0000A0000000
 002070   61753668501   58606X1           2   003   060320   00   000000   0   000000000000000   000   000000000000000   000   000000000000000      000000000000433987   000   000000001301962   0   0000000000   A   0   0000000000   A   000000   000000   000000000000000   000000000000000   0000A0000000
 002070   61753668501   13530X1           2   001   060320   00   000000   0   000000000000000   000   000000000000000   000   000000000000000      000000000004995582   000   000000004995582   0   0000000000   A   0   0000000000   A   000000   000000   000000000000000   000000000000000   0000A0000000
 002070   61753668501   55439X1           2   004   060320   00   000000   0   000000000000000   000   000000000000000   000   000000000000000      000000000003723915   000   000000014895659   0   0000000000   A   0   0000000000   A   000000   000000   000000000000000   000000000000000   0000A0000000
 002070   61753668501   58823X1           2   002   060320   00   000000   0   000000000000000   000   000000000000000   000   000000000000000      000000000000468146   000   000000000936293   0   0000000000   A   0   0000000000   A   000000   000000   000000000000000   000000000000000   0000A0000000
 002070   61753668501   51999X1           2   004   060320   00   000000   0   000000000000000   000   000000000000000   000   000000000000000      000000000010519608   000   000000042078431   0   0000000000   A   0   0000000000   A   000000   000000   000000000000000   000000000000000   0000A0000000
 002070   61753668501   55439X1           2   001   060320   00   000000   0   000000000000000   000   000000000000000   000   000000000000000      000000000003723915   000   000000003723915   0   0000000000   A   0   0000000000   A   000000   000000   000000000000000   000000000000000   0000A0000000
 002070   61753668501   58373X1           2   003   060320   00   000000   0   000000000000000   000   000000000000000   000   000000000000000      000000000000353019   000   000000001059056   0   0000000000   A   0   0000000000   A   000000   000000   000000000000000   000000000000000   0000A0000000
 002070   62729428501   20095X1           2   003   060320   00   000000   0   000000000000000   000   000000000000000   000   000000000000000      000000000000023855   000   000000000071564   0   0000000000   A   0   0000000000   A   000000   000000   000000000000000   000000000000000   0000A0000000
 002070   62729428501   32590X1           2   001   060320   00   000000   0   000000000000000   000   000000000000000   000   000000000000000      000000000000671285   000   000000000671285   0   0000000000   A   0   0000000000   A   000000   000000   000000000000000   000000000000000   0000A0000000
 002070   62729428501   9772X1            2   001   060320   00   000000   0   000000000000000   000   000000000000000   000   000000000000000      000000000000077992   000   000000000077992   0   0000000000   A   0   0000000000   A   000000   000000   000000000000000   000000000000000   0000A0000000
 002070   62729428501   50359X1           2   001   060320   00   000000   0   000000000000000   000   000000000000000   000   000000000000000      000000000000141512   000   000000000141512   0   0000000000   A   0   0000000000   A   000000   000000   000000000000000   000000000000000   0000A0000000
 002070   62729428501   49924X1           2   003   060320   00   000000   0   000000000000000   000   000000000000000   000   000000000000000      000000000001412419   000   000000004237256   0   0000000000   A   0   0000000000   A   000000   000000   000000000000000   000000000000000   0000A0000000
 002070   62729428501   34031X1           2   002   060320   00   000000   0   000000000000000   000   000000000000000   000   000000000000000      000000000001143847   000   000000002287694   0   0000000000   A   0   0000000000   A   000000   000000   000000000000000   000000000000000   0000A0000000
 002070   62729428501   55439X1           2   004   060320   00   000000   0   000000000000000   000   000000000000000   000   000000000000000      000000000003723915   000   000000014895659   0   0000000000   A   0   0000000000   A   000000   000000   000000000000000   000000000000000   0000A0000000
 002070   62729428501   DES00009          2   001   060320   00   000000   0   000000000000000   000   000000000000000   000   000000000000000      000000000000193991   000   000000000193991   0   0000000000   A   0   0000000000   A   000000   000000   000000000000000   000000000000000   0000A0000000
 002070   62729428501   DES00026          2   006   060320   00   000000   0   000000000000000   000   000000000000000   000   000000000000000      000000000000047855   000   000000000287129   0   0000000000   A   0   0000000000   A   000000   000000   000000000000000   000000000000000   0000A0000000
 002070   62729428501   53986X1           2   001   060320   00   000000   0   000000000000000   000   000000000000000   000   000000000000000      000000000000238054   000   000000000238054   0   0000000000   A   0   0000000000   A   000000   000000   000000000000000   000000000000000   0000A0000000
 002070   62729428501   53986X1           2   001   070320   00   000000   0   000000000000000   000   000000000000000   000   000000000000000      000000000000238054   000   000000000238054   0   0000000000   A   0   0000000000   A   000000   000000   000000000000000   000000000000000   0000A0000000
 002070   61753668501   DES00017          2   001   070320   00   000000   0   000000000000000   000   000000000000000   000   000000000000000      000000000000382801   000   000000000382801   0   0000000000   A   0   0000000000   A   000000   000000   000000000000000   000000000000000   0000A0000000
 002070   62729428501   53986X1           2   001   070320   00   000000   0   000000000000000   000   000000000000000   000   000000000000000      000000000000238054   000   000000000238054   0   0000000000   A   0   0000000000   A   000000   000000   000000000000000   000000000000000   0000A0000000
 002070   61753668501   29366X1           2   006   070320   00   000000   0   000000000000000   000   000000000000000   000   000000000000000      000000000000488976   000   000000002933858   0   0000000000   A   0   0000000000   A   000000   000000   000000000000000   000000000000000   0000A0000000
 002070   61753668501   58606X1           2   006   070320   00   000000   0   000000000000000   000   000000000000000   000   000000000000000      000000000000433987   000   000000002603923   0   0000000000   A   0   0000000000   A   000000   000000   000000000000000   000000000000000   0000A0000000
 002070   61753668501   13530X1           2   002   070320   00   000000   0   000000000000000   000   000000000000000   000   000000000000000      000000000004995582   000   000000009991165   0   0000000000   A   0   0000000000   A   000000   000000   000000000000000   000000000000000   0000A0000000
 002070   61753668501   51999X1           2   002   070320   00   000000   0   000000000000000   000   000000000000000   000   000000000000000      000000000010519608   000   000000021039215   0   0000000000   A   0   0000000000   A   000000   000000   000000000000000   000000000000000   0000A0000000
 002070   61753668501   58373X1           2   006   070320   00   000000   0   000000000000000   000   000000000000000   000   000000000000000      000000000000353019   000   000000002118112   0   0000000000   A   0   0000000000   A   000000   000000   000000000000000   000000000000000   0000A0000000
 002070   61753668501   55439X1           2   001   070320   00   000000   0   000000000000000   000   000000000000000   000   000000000000000      000000000003723915   000   000000003723915   0   0000000000   A   0   0000000000   A   000000   000000   000000000000000   000000000000000   0000A0000000
 002070   62729428501   20095X1           2   006   070320   00   000000   0   000000000000000   000   000000000000000   000   000000000000000      000000000000023854   000   000000000143127   0   0000000000   A   0   0000000000   A   000000   000000   000000000000000   000000000000000   0000A0000000
 002070   62729428501   32590X1           2   002   070320   00   000000   0   000000000000000   000   000000000000000   000   000000000000000      000000000000671285   000   000000001342570   0   0000000000   A   0   0000000000   A   000000   000000   000000000000000   000000000000000   0000A0000000
 002070   62729428501   9772X1            2   002   070320   00   000000   0   000000000000000   000   000000000000000   000   000000000000000      000000000000077992   000   000000000155984   0   0000000000   A   0   0000000000   A   000000   000000   000000000000000   000000000000000   0000A0000000
 002070   62729428501   50359X1           2   002   070320   00   000000   0   000000000000000   000   000000000000000   000   000000000000000      000000000000141512   000   000000000283023   0   0000000000   A   0   0000000000   A   000000   000000   000000000000000   000000000000000   0000A0000000
 002070   62729428501   49924X1           2   004   070320   00   000000   0   000000000000000   000   000000000000000   000   000000000000000      000000000001412418   000   000000005649674   0   0000000000   A   0   0000000000   A   000000   000000   000000000000000   000000000000000   0000A0000000
 002070   62729428501   34031X1           2   004   070320   00   000000   0   000000000000000   000   000000000000000   000   000000000000000      000000000001143847   000   000000004575388   0   0000000000   A   0   0000000000   A   000000   000000   000000000000000   000000000000000   0000A0000000
 002070   62729428501   55439X1           2   008   070320   00   000000   0   000000000000000   000   000000000000000   000   000000000000000      000000000003723915   000   000000029791318   0   0000000000   A   0   0000000000   A   000000   000000   000000000000000   000000000000000   0000A0000000
 002070   62729428501   40283X1           2   001   070320   00   000000   0   000000000000000   000   000000000000000   000   000000000000000      000000000002512066   000   000000002512066   0   0000000000   A   0   0000000000   A   000000   000000   000000000000000   000000000000000   0000A0000000
 002070   62729428501   53986X1           2   001   070320   00   000000   0   000000000000000   000   000000000000000   000   000000000000000      000000000000238054   000   000000000238054   0   0000000000   A   0   0000000000   A   000000   000000   000000000000000   000000000000000   0000A0000000
 002070   62729428501   53986X1           2   001   080320   00   000000   0   000000000000000   000   000000000000000   000   000000000000000      000000000000238054   000   000000000238054   0   0000000000   A   0   0000000000   A   000000   000000   000000000000000   000000000000000   0000A0000000
 002070   62934649501   DES00017          2   002   080320   00   000000   0   000000000000000   000   000000000000000   000   000000000000000      000000000000382800   000   000000000765601   0   0000000000   A   0   0000000000   A   000000   000000   000000000000000   000000000000000   0000A0000000
 002070   62934649501   DES00040          2   001   080320   00   000000   0   000000000000000   000   000000000000000   000   000000000000000      000000000000381150   000   000000000381150   0   0000000000   A   0   0000000000   A   000000   000000   000000000000000   000000000000000   0000A0000000
 002070   62934649501   DES00045          2   002   080320   00   000000   0   000000000000000   000   000000000000000   000   000000000000000      000000000000168489   000   000000000336978   0   0000000000   A   0   0000000000   A   000000   000000   000000000000000   000000000000000   0000A0000000
 002070   62934649501   DES00054          2   001   080320   00   000000   0   000000000000000   000   000000000000000   000   000000000000000      000000000000381150   000   000000000381150   0   0000000000   A   0   0000000000   A   000000   000000   000000000000000   000000000000000   0000A0000000
 002070   62934649501   55439X1           2   001   080320   00   000000   0   000000000000000   000   000000000000000   000   000000000000000      000000000003723915   000   000000003723915   0   0000000000   A   0   0000000000   A   000000   000000   000000000000000   000000000000000   0000A0000000
 002070   62934649501   DES00055          2   001   080320   00   000000   0   000000000000000   000   000000000000000   000   000000000000000      000000000001184071   000   000000001184071   0   0000000000   A   0   0000000000   A   000000   000000   000000000000000   000000000000000   0000A0000000
 002070   62729428501   32590X1           2   001   080320   00   000000   0   000000000000000   000   000000000000000   000   000000000000000      000000000000671285   000   000000000671285   0   0000000000   A   0   0000000000   A   000000   000000   000000000000000   000000000000000   0000A0000000
 002070   62729428501   DES00042          2   001   080320   00   000000   0   000000000000000   000   000000000000000   000   000000000000000      000000000000666201   000   000000000666201   0   0000000000   A   0   0000000000   A   000000   000000   000000000000000   000000000000000   0000A0000000
 002070   62729428501   53986X1           2   001   080320   00   000000   0   000000000000000   000   000000000000000   000   000000000000000      000000000000238054   000   000000000238054   0   0000000000   A   0   0000000000   A   000000   000000   000000000000000   000000000000000   0000A0000000
 002070   62729428501   53986X1           2   001   090320   00   000000   0   000000000000000   000   000000000000000   000   000000000000000      000000000000238054   000   000000000238054   0   0000000000   A   0   0000000000   A   000000   000000   000000000000000   000000000000000   0000A0000000
 002070   62729428501   20095X1           2   001   090320   00   000000   0   000000000000000   000   000000000000000   000   000000000000000      000000000000023854   000   000000000023854   0   0000000000   A   0   0000000000   A   000000   000000   000000000000000   000000000000000   0000A0000000
 002070   62729428501   53609X1           2   001   090320   00   000000   0   000000000000000   000   000000000000000   000   000000000000000      000000000000498296   000   000000000498296   0   0000000000   A   0   0000000000   A   000000   000000   000000000000000   000000000000000   0000A0000000
 002070   61753668501   29366X1           2   001   090320   00   000000   0   000000000000000   000   000000000000000   000   000000000000000      000000000000488976   000   000000000488976   0   0000000000   A   0   0000000000   A   000000   000000   000000000000000   000000000000000   0000A0000000
 002070   61753668501   58606X1           2   001   090320   00   000000   0   000000000000000   000   000000000000000   000   000000000000000      000000000000433987   000   000000000433987   0   0000000000   A   0   0000000000   A   000000   000000   000000000000000   000000000000000   0000A0000000
 002070   61753668501   13530X1           2   001   090320   00   000000   0   000000000000000   000   000000000000000   000   000000000000000      000000000004995582   000   000000004995582   0   0000000000   A   0   0000000000   A   000000   000000   000000000000000   000000000000000   0000A0000000
 002070   61753668501   58373X1           2   001   090320   00   000000   0   000000000000000   000   000000000000000   000   000000000000000      000000000000353019   000   000000000353019   0   0000000000   A   0   0000000000   A   000000   000000   000000000000000   000000000000000   0000A0000000
 002070   62934649501   55439X1           2   002   090320   00   000000   0   000000000000000   000   000000000000000   000   000000000000000      000000000003723914   000   000000007447829   0   0000000000   A   0   0000000000   A   000000   000000   000000000000000   000000000000000   0000A0000000
 002070   62729428501   9772X1            2   001   090320   00   000000   0   000000000000000   000   000000000000000   000   000000000000000      000000000000077992   000   000000000077992   0   0000000000   A   0   0000000000   A   000000   000000   000000000000000   000000000000000   0000A0000000
 002070   62729428501   50359X1           2   001   090320   00   000000   0   000000000000000   000   000000000000000   000   000000000000000      000000000000141512   000   000000000141512   0   0000000000   A   0   0000000000   A   000000   000000   000000000000000   000000000000000   0000A0000000
 002070   62729428501   34031X1           2   002   090320   00   000000   0   000000000000000   000   000000000000000   000   000000000000000      000000000001143847   000   000000002287694   0   0000000000   A   0   0000000000   A   000000   000000   000000000000000   000000000000000   0000A0000000
 002070   62729428501   55439X1           2   003   090320   00   000000   0   000000000000000   000   000000000000000   000   000000000000000      000000000003723915   000   000000011171744   0   0000000000   A   0   0000000000   A   000000   000000   000000000000000   000000000000000   0000A0000000
 002070   62729428501   32590X1           2   001   090320   00   000000   0   000000000000000   000   000000000000000   000   000000000000000      000000000000671285   000   000000000671285   0   0000000000   A   0   0000000000   A   000000   000000   000000000000000   000000000000000   0000A0000000
 002070   62729428501   60492X1           2   003   090320   00   000000   0   000000000000000   000   000000000000000   000   000000000000000      000000000004355090   000   000000013065270   0   0000000000   A   0   0000000000   A   000000   000000   000000000000000   000000000000000   0000A0000000
 002070   62729428501   55439X1           2   001   090320   00   000000   0   000000000000000   000   000000000000000   000   000000000000000      000000000003723915   000   000000003723915   0   0000000000   A   0   0000000000   A   000000   000000   000000000000000   000000000000000   0000A0000000
 002070   62729428501   34031X1           2   005   090320   00   000000   0   000000000000000   000   000000000000000   000   000000000000000      000000000001143847   000   000000005719234   0   0000000000   A   0   0000000000   A   000000   000000   000000000000000   000000000000000   0000A0000000
 002070   62729428501   56867X1           2   001   090320   00   000000   0   000000000000000   000   000000000000000   000   000000000000000      000000000003538345   000   000000003538345   0   0000000000   A   0   0000000000   A   000000   000000   000000000000000   000000000000000   0000A0000000
 002070   62729428501   DES00026          2   001   090320   00   000000   0   000000000000000   000   000000000000000   000   000000000000000      000000000000047855   000   000000000047855   0   0000000000   A   0   0000000000   A   000000   000000   000000000000000   000000000000000   0000A0000000
 002070   62729428501   DES00040          2   001   090320   00   000000   0   000000000000000   000   000000000000000   000   000000000000000      000000000000381150   000   000000000381150   0   0000000000   A   0   0000000000   A   000000   000000   000000000000000   000000000000000   0000A0000000
 002070   62729428501   DES00047          2   001   090320   00   000000   0   000000000000000   000   000000000000000   000   000000000000000      000000000004095457   000   000000004095457   0   0000000000   A   0   0000000000   A   000000   000000   000000000000000   000000000000000   0000A0000000
 002070   62729428501   53986X1           2   001   090320   00   000000   0   000000000000000   000   000000000000000   000   000000000000000      000000000000238054   000   000000000238054   0   0000000000   A   0   0000000000   A   000000   000000   000000000000000   000000000000000   0000A0000000
 002070   62934649501   55439X1           2   001   090320   00   000000   0   000000000000000   000   000000000000000   000   000000000000000      000000000003723915   000   000000003723915   0   0000000000   A   0   0000000000   A   000000   000000   000000000000000   000000000000000   0000A0000000
 002070   61753668501   DES00045          2   001   090320   00   000000   0   000000000000000   000   000000000000000   000   000000000000000      000000000000168489   000   000000000168489   0   0000000000   A   0   0000000000   A   000000   000000   000000000000000   000000000000000   0000A0000000
 002070   61753668501   DES00055          2   001   090320   00   000000   0   000000000000000   000   000000000000000   000   000000000000000      000000000001184071   000   000000001184071   0   0000000000   A   0   0000000000   A   000000   000000   000000000000000   000000000000000   0000A0000000
 002070   62278753701   29366X1           2   001   090320   00   000000   0   000000000000000   000   000000000000000   000   000000000000000      000000000000488976   000   000000000488976   0   0000000000   A   0   0000000000   A   000000   000000   000000000000000   000000000000000   0000A0000000
 002070   62278753701   DES00017          2   001   090320   00   000000   0   000000000000000   000   000000000000000   000   000000000000000      000000000000382801   000   000000000382801   0   0000000000   A   0   0000000000   A   000000   000000   000000000000000   000000000000000   0000A0000000
 002070   62278753701   58606X1           2   001   090320   00   000000   0   000000000000000   000   000000000000000   000   000000000000000      000000000000433987   000   000000000433987   0   0000000000   A   0   0000000000   A   000000   000000   000000000000000   000000000000000   0000A0000000
 002070   62278753701   DES00040          2   001   090320   00   000000   0   000000000000000   000   000000000000000   000   000000000000000      000000000000381150   000   000000000381150   0   0000000000   A   0   0000000000   A   000000   000000   000000000000000   000000000000000   0000A0000000
 002070   62278753701   58373X1           2   001   090320   00   000000   0   000000000000000   000   000000000000000   000   000000000000000      000000000000353019   000   000000000353019   0   0000000000   A   0   0000000000   A   000000   000000   000000000000000   000000000000000   0000A0000000
 002070   62278753701   DES00045          2   001   090320   00   000000   0   000000000000000   000   000000000000000   000   000000000000000      000000000000168489   000   000000000168489   0   0000000000   A   0   0000000000   A   000000   000000   000000000000000   000000000000000   0000A0000000
 002070   62278753701   DES00054          2   001   090320   00   000000   0   000000000000000   000   000000000000000   000   000000000000000      000000000000381150   000   000000000381150   0   0000000000   A   0   0000000000   A   000000   000000   000000000000000   000000000000000   0000A0000000
 002070   62278753701   DES00044          2   001   090320   00   000000   0   000000000000000   000   000000000000000   000   000000000000000      000000000004095457   000   000000004095457   0   0000000000   A   0   0000000000   A   000000   000000   000000000000000   000000000000000   0000A0000000
 002070   62278753701   55439X1           2   001   090320   00   000000   0   000000000000000   000   000000000000000   000   000000000000000      000000000003723915   000   000000003723915   0   0000000000   A   0   0000000000   A   000000   000000   000000000000000   000000000000000   0000A0000000
 002070   62278753701   DES00026          2   003   090320   00   000000   0   000000000000000   000   000000000000000   000   000000000000000      000000000000047855   000   000000000143564   0   0000000000   A   0   0000000000   A   000000   000000   000000000000000   000000000000000   0000A0000000
 002070   62278753701   58606X1           2   003   090320   00   000000   0   000000000000000   000   000000000000000   000   000000000000000      000000000000433987   000   000000001301962   0   0000000000   A   0   0000000000   A   000000   000000   000000000000000   000000000000000   0000A0000000
 002070   62278753701   58373X1           2   001   090320   00   000000   0   000000000000000   000   000000000000000   000   000000000000000      000000000000353019   000   000000000353019   0   0000000000   A   0   0000000000   A   000000   000000   000000000000000   000000000000000   0000A0000000
 002070   62278753701   DES00051          2   001   090320   00   000000   0   000000000000000   000   000000000000000   000   000000000000000      000000000004095457   000   000000004095457   0   0000000000   A   0   0000000000   A   000000   000000   000000000000000   000000000000000   0000A0000000
 002070   62278753701   29366X1           2   001   090320   00   000000   0   000000000000000   000   000000000000000   000   000000000000000      000000000000488976   000   000000000488976   0   0000000000   A   0   0000000000   A   000000   000000   000000000000000   000000000000000   0000A0000000
 002070   62278753701   DES00055          2   001   090320   00   000000   0   000000000000000   000   000000000000000   000   000000000000000      000000000001184071   000   000000001184071   0   0000000000   A   0   0000000000   A   000000   000000   000000000000000   000000000000000   0000A0000000
 002070   62278753701   53986X1           2   001   090320   00   000000   0   000000000000000   000   000000000000000   000   000000000000000      000000000000238054   000   000000000238054   0   0000000000   A   0   0000000000   A   000000   000000   000000000000000   000000000000000   0000A0000000
 002070   62729428501   53986X1           2   001   090320   00   000000   0   000000000000000   000   000000000000000   000   000000000000000      000000000000238054   000   000000000238054   0   0000000000   A   0   0000000000   A   000000   000000   000000000000000   000000000000000   0000A0000000
 002070   62729428501   53986X1           2   001   100320   00   000000   0   000000000000000   000   000000000000000   000   000000000000000      000000000000238054   000   000000000238054   0   0000000000   A   0   0000000000   A   000000   000000   000000000000000   000000000000000   0000A0000000
 002070   62278753701   58373X1           2   001   100320   00   000000   0   000000000000000   000   000000000000000   000   000000000000000      000000000000353019   000   000000000353019   0   0000000000   A   0   0000000000   A   000000   000000   000000000000000   000000000000000   0000A0000000
 002070   62278753701   29366X1           2   001   100320   00   000000   0   000000000000000   000   000000000000000   000   000000000000000      000000000000488976   000   000000000488976   0   0000000000   A   0   0000000000   A   000000   000000   000000000000000   000000000000000   0000A0000000
 002070   62278753701   53986X1           2   001   100320   00   000000   0   000000000000000   000   000000000000000   000   000000000000000      000000000000238054   000   000000000238054   0   0000000000   A   0   0000000000   A   000000   000000   000000000000000   000000000000000   0000A0000000
 002070   62729428501   49924X1           2   001   100320   00   000000   0   000000000000000   000   000000000000000   000   000000000000000      000000000001412419   000   000000001412419   0   0000000000   A   0   0000000000   A   000000   000000   000000000000000   000000000000000   0000A0000000
 002070   62278753701   56867X1           2   001   100320   00   000000   0   000000000000000   000   000000000000000   000   000000000000000      000000000003538345   000   000000003538345   0   0000000000   A   0   0000000000   A   000000   000000   000000000000000   000000000000000   0000A0000000
 002070   62729428501   55439X1           2   001   100320   00   000000   0   000000000000000   000   000000000000000   000   000000000000000      000000000003723915   000   000000003723915   0   0000000000   A   0   0000000000   A   000000   000000   000000000000000   000000000000000   0000A0000000
 002070   62278753701   55439X1           2   001   100320   00   000000   0   000000000000000   000   000000000000000   000   000000000000000      000000000003723915   000   000000003723915   0   0000000000   A   0   0000000000   A   000000   000000   000000000000000   000000000000000   0000A0000000
 002070   62278753701   53986X1           2   001   100320   00   000000   0   000000000000000   000   000000000000000   000   000000000000000      000000000000238054   000   000000000238054   0   0000000000   A   0   0000000000   A   000000   000000   000000000000000   000000000000000   0000A0000000
 002070   62934649501   55439X1           2   002   100320   00   000000   0   000000000000000   000   000000000000000   000   000000000000000      000000000003723914   000   000000007447829   0   0000000000   A   0   0000000000   A   000000   000000   000000000000000   000000000000000   0000A0000000
 002070   62729428501   9772X1            2   001   100320   00   000000   0   000000000000000   000   000000000000000   000   000000000000000      000000000000077992   000   000000000077992   0   0000000000   A   0   0000000000   A   000000   000000   000000000000000   000000000000000   0000A0000000
 002070   62729428501   50359X1           2   001   100320   00   000000   0   000000000000000   000   000000000000000   000   000000000000000      000000000000141512   000   000000000141512   0   0000000000   A   0   0000000000   A   000000   000000   000000000000000   000000000000000   0000A0000000
 002070   62729428501   34031X1           2   002   100320   00   000000   0   000000000000000   000   000000000000000   000   000000000000000      000000000001143847   000   000000002287694   0   0000000000   A   0   0000000000   A   000000   000000   000000000000000   000000000000000   0000A0000000
 002070   62729428501   55439X1           2   004   100320   00   000000   0   000000000000000   000   000000000000000   000   000000000000000      000000000003723915   000   000000014895659   0   0000000000   A   0   0000000000   A   000000   000000   000000000000000   000000000000000   0000A0000000
 002070   62729428501   32590X1           2   001   100320   00   000000   0   000000000000000   000   000000000000000   000   000000000000000      000000000000671285   000   000000000671285   0   0000000000   A   0   0000000000   A   000000   000000   000000000000000   000000000000000   0000A0000000
 002070   62729428501   53591X1           2   001   100320   00   000000   0   000000000000000   000   000000000000000   000   000000000000000      000000000001212201   000   000000001212201   0   0000000000   A   0   0000000000   A   000000   000000   000000000000000   000000000000000   0000A0000000
 002070   62729428501   60492X1           2   003   100320   00   000000   0   000000000000000   000   000000000000000   000   000000000000000      000000000004355090   000   000000013065270   0   0000000000   A   0   0000000000   A   000000   000000   000000000000000   000000000000000   0000A0000000
 002070   62278753701   58373X1           2   001   100320   00   000000   0   000000000000000   000   000000000000000   000   000000000000000      000000000000353019   000   000000000353019   0   0000000000   A   0   0000000000   A   000000   000000   000000000000000   000000000000000   0000A0000000
 002070   62278753701   29366X1           2   001   100320   00   000000   0   000000000000000   000   000000000000000   000   000000000000000      000000000000488976   000   000000000488976   0   0000000000   A   0   0000000000   A   000000   000000   000000000000000   000000000000000   0000A0000000
 002070   62729428501   53986X1           2   001   100320   00   000000   0   000000000000000   000   000000000000000   000   000000000000000      000000000000238054   000   000000000238054   0   0000000000   A   0   0000000000   A   000000   000000   000000000000000   000000000000000   0000A0000000
 002070   62729428501   53986X1           2   001   100320   00   000000   0   000000000000000   000   000000000000000   000   000000000000000      000000000000238054   000   000000000238054   0   0000000000   A   0   0000000000   A   000000   000000   000000000000000   000000000000000   0000A0000000
 002070   62729428501   49924X1           2   001   110320   00   000000   0   000000000000000   000   000000000000000   000   000000000000000      000000000001412419   000   000000001412419   0   0000000000   A   0   0000000000   A   000000   000000   000000000000000   000000000000000   0000A0000000
 002070   62729428501   45886X1           2   001   110320   00   000000   0   000000000000000   000   000000000000000   000   000000000000000      000000000002900062   000   000000002900062   0   0000000000   A   0   0000000000   A   000000   000000   000000000000000   000000000000000   0000A0000000
 002070   62729428501   DES00045          2   001   110320   00   000000   0   000000000000000   000   000000000000000   000   000000000000000      000000000000168489   000   000000000168489   0   0000000000   A   0   0000000000   A   000000   000000   000000000000000   000000000000000   0000A0000000
 002070   62729428501   49924X1           2   001   110320   00   000000   0   000000000000000   000   000000000000000   000   000000000000000      000000000001412419   000   000000001412419   0   0000000000   A   0   0000000000   A   000000   000000   000000000000000   000000000000000   0000A0000000
 002070   62729428501   53609X1           2   001   110320   00   000000   0   000000000000000   000   000000000000000   000   000000000000000      000000000000498296   000   000000000498296   0   0000000000   A   0   0000000000   A   000000   000000   000000000000000   000000000000000   0000A0000000
 002070   62729428501   10055X1           2   001   110320   00   000000   0   000000000000000   000   000000000000000   000   000000000000000      000000000001545120   000   000000001545120   0   0000000000   A   0   0000000000   A   000000   000000   000000000000000   000000000000000   0000A0000000
 002070   62278753701   55439X1           2   001   110320   00   000000   0   000000000000000   000   000000000000000   000   000000000000000      000000000003723915   000   000000003723915   0   0000000000   A   0   0000000000   A   000000   000000   000000000000000   000000000000000   0000A0000000
 002070   62729428501   53986X1           2   001   110320   00   000000   0   000000000000000   000   000000000000000   000   000000000000000      000000000000238054   000   000000000238054   0   0000000000   A   0   0000000000   A   000000   000000   000000000000000   000000000000000   0000A0000000
 002070   62729428501   9772X1            2   001   110320   00   000000   0   000000000000000   000   000000000000000   000   000000000000000      000000000000077992   000   000000000077992   0   0000000000   A   0   0000000000   A   000000   000000   000000000000000   000000000000000   0000A0000000
 002070   62729428501   50359X1           2   001   110320   00   000000   0   000000000000000   000   000000000000000   000   000000000000000      000000000000141512   000   000000000141512   0   0000000000   A   0   0000000000   A   000000   000000   000000000000000   000000000000000   0000A0000000
 002070   62729428501   34031X1           2   002   110320   00   000000   0   000000000000000   000   000000000000000   000   000000000000000      000000000001143847   000   000000002287694   0   0000000000   A   0   0000000000   A   000000   000000   000000000000000   000000000000000   0000A0000000
 002070   62729428501   55439X1           2   004   110320   00   000000   0   000000000000000   000   000000000000000   000   000000000000000      000000000003723915   000   000000014895659   0   0000000000   A   0   0000000000   A   000000   000000   000000000000000   000000000000000   0000A0000000
 002070   62729428501   32590X1           2   001   110320   00   000000   0   000000000000000   000   000000000000000   000   000000000000000      000000000000671285   000   000000000671285   0   0000000000   A   0   0000000000   A   000000   000000   000000000000000   000000000000000   0000A0000000
 002070   62729428501   60492X1           2   003   110320   00   000000   0   000000000000000   000   000000000000000   000   000000000000000      000000000004355090   000   000000013065270   0   0000000000   A   0   0000000000   A   000000   000000   000000000000000   000000000000000   0000A0000000
 002070   62729428501   53986X1           2   001   110320   00   000000   0   000000000000000   000   000000000000000   000   000000000000000      000000000000238054   000   000000000238054   0   0000000000   A   0   0000000000   A   000000   000000   000000000000000   000000000000000   0000A0000000
 002070   62729428501   DES00011          2   001   110320   00   000000   0   000000000000000   000   000000000000000   000   000000000000000      000000000000156545   000   000000000156545   0   0000000000   A   0   0000000000   A   000000   000000   000000000000000   000000000000000   0000A0000000
 002070   62729428501   DES00068          2   001   110320   00   000000   0   000000000000000   000   000000000000000   000   000000000000000      000000000000452970   000   000000000452970   0   0000000000   A   0   0000000000   A   000000   000000   000000000000000   000000000000000   0000A0000000
 002070   63289905002   55439X1           2   002   110320   00   000000   0   000000000000000   000   000000000000000   000   000000000000000      000000000003723914   000   000000007447829   0   0000000000   A   0   0000000000   A   000000   000000   000000000000000   000000000000000   0000A0000000
 002070   63289905002   55442X1           2   001   110320   00   000000   0   000000000000000   000   000000000000000   000   000000000000000      000000000004394405   000   000000004394405   0   0000000000   A   0   0000000000   A   000000   000000   000000000000000   000000000000000   0000A0000000
 002070   63289905002   29366X1           2   002   110320   00   000000   0   000000000000000   000   000000000000000   000   000000000000000      000000000000488976   000   000000000977953   0   0000000000   A   0   0000000000   A   000000   000000   000000000000000   000000000000000   0000A0000000
 002070   63289905002   58373X1           2   002   110320   00   000000   0   000000000000000   000   000000000000000   000   000000000000000      000000000000353018   000   000000000706037   0   0000000000   A   0   0000000000   A   000000   000000   000000000000000   000000000000000   0000A0000000
 002070   63289905002   40297X1           2   001   110320   00   000000   0   000000000000000   000   000000000000000   000   000000000000000      000000000000521785   000   000000000521785   0   0000000000   A   0   0000000000   A   000000   000000   000000000000000   000000000000000   0000A0000000
 002070   63289905002   45332X1           2   001   110320   00   000000   0   000000000000000   000   000000000000000   000   000000000000000      000000000001517451   000   000000001517451   0   0000000000   A   0   0000000000   A   000000   000000   000000000000000   000000000000000   0000A0000000
 002070   62729428501   DES00017          2   002   110320   00   000000   0   000000000000000   000   000000000000000   000   000000000000000      000000000000382800   000   000000000765601   0   0000000000   A   0   0000000000   A   000000   000000   000000000000000   000000000000000   0000A0000000
 002070   62729428501   DES00040          2   001   110320   00   000000   0   000000000000000   000   000000000000000   000   000000000000000      000000000000381150   000   000000000381150   0   0000000000   A   0   0000000000   A   000000   000000   000000000000000   000000000000000   0000A0000000
 002070   62729428501   DES00051          2   001   110320   00   000000   0   000000000000000   000   000000000000000   000   000000000000000      000000000004095457   000   000000004095457   0   0000000000   A   0   0000000000   A   000000   000000   000000000000000   000000000000000   0000A0000000
 002070   62729428501   DES00054          2   001   110320   00   000000   0   000000000000000   000   000000000000000   000   000000000000000      000000000000381150   000   000000000381150   0   0000000000   A   0   0000000000   A   000000   000000   000000000000000   000000000000000   0000A0000000
 002070   62729428501   DES00026          2   003   120320   00   000000   0   000000000000000   000   000000000000000   000   000000000000000      000000000000047855   000   000000000143564   0   0000000000   A   0   0000000000   A   000000   000000   000000000000000   000000000000000   0000A0000000
 002070   62729428501   53986X1           2   001   120320   00   000000   0   000000000000000   000   000000000000000   000   000000000000000      000000000000238054   000   000000000238054   0   0000000000   A   0   0000000000   A   000000   000000   000000000000000   000000000000000   0000A0000000
 002070   62729428501   10055X1           2   001   120320   00   000000   0   000000000000000   000   000000000000000   000   000000000000000      000000000001545120   000   000000001545120   0   0000000000   A   0   0000000000   A   000000   000000   000000000000000   000000000000000   0000A0000000
 002070   62729428501   18168X1           2   001   120320   00   000000   0   000000000000000   000   000000000000000   000   000000000000000      000000000000848700   000   000000000848700   0   0000000000   A   0   0000000000   A   000000   000000   000000000000000   000000000000000   0000A0000000
 002070   62729428501   34031X1           2   002   120320   00   000000   0   000000000000000   000   000000000000000   000   000000000000000      000000000001143847   000   000000002287694   0   0000000000   A   0   0000000000   A   000000   000000   000000000000000   000000000000000   0000A0000000
 002070   62729428501   55439X1           2   004   120320   00   000000   0   000000000000000   000   000000000000000   000   000000000000000      000000000003723915   000   000000014895659   0   0000000000   A   0   0000000000   A   000000   000000   000000000000000   000000000000000   0000A0000000
 002070   62729428501   32590X1           2   001   120320   00   000000   0   000000000000000   000   000000000000000   000   000000000000000      000000000000671285   000   000000000671285   0   0000000000   A   0   0000000000   A   000000   000000   000000000000000   000000000000000   0000A0000000
 002070   62729428501   53591X1           2   001   120320   00   000000   0   000000000000000   000   000000000000000   000   000000000000000      000000000001212201   000   000000001212201   0   0000000000   A   0   0000000000   A   000000   000000   000000000000000   000000000000000   0000A0000000
 002070   62729428501   60492X1           2   003   120320   00   000000   0   000000000000000   000   000000000000000   000   000000000000000      000000000004355090   000   000000013065270   0   0000000000   A   0   0000000000   A   000000   000000   000000000000000   000000000000000   0000A0000000
 002070   62729428501   55439X1           2   001   120320   00   000000   0   000000000000000   000   000000000000000   000   000000000000000      000000000003723915   000   000000003723915   0   0000000000   A   0   0000000000   A   000000   000000   000000000000000   000000000000000   0000A0000000
 002070   62729428501   58823X1           2   004   120320   00   000000   0   000000000000000   000   000000000000000   000   000000000000000      000000000000468147   000   000000001872587   0   0000000000   A   0   0000000000   A   000000   000000   000000000000000   000000000000000   0000A0000000
 002070   62729428501   DES00077          2   002   120320   00   000000   0   000000000000000   000   000000000000000   000   000000000000000      000000000000320440   000   000000000640881   0   0000000000   A   0   0000000000   A   000000   000000   000000000000000   000000000000000   0000A0000000
 002070   62729428501   DES00079          2   001   120320   00   000000   0   000000000000000   000   000000000000000   000   000000000000000      000000000000320440   000   000000000320440   0   0000000000   A   0   0000000000   A   000000   000000   000000000000000   000000000000000   0000A0000000
 002070   62729428501   53986X1           2   001   120320   00   000000   0   000000000000000   000   000000000000000   000   000000000000000      000000000000238054   000   000000000238054   0   0000000000   A   0   0000000000   A   000000   000000   000000000000000   000000000000000   0000A0000000
 002070   62729428501   53986X1           2   001   120320   00   000000   0   000000000000000   000   000000000000000   000   000000000000000      000000000000238054   000   000000000238054   0   0000000000   A   0   0000000000   A   000000   000000   000000000000000   000000000000000   0000A0000000
 002070   62729428501   31837X1           2   001   120320   00   000000   0   000000000000000   000   000000000000000   000   000000000000000      000000000001197802   000   000000001197802   0   0000000000   A   0   0000000000   A   000000   000000   000000000000000   000000000000000   0000A0000000
 002070   62729428501   53986X1           2   002   130320   00   000000   0   000000000000000   000   000000000000000   000   000000000000000      000000000000238054   000   000000000476107   0   0000000000   A   0   0000000000   A   000000   000000   000000000000000   000000000000000   0000A0000000
 002070   62729428501   1285X1            2   001   130320   00   000000   0   000000000000000   000   000000000000000   000   000000000000000      000000000000084098   000   000000000084098   0   0000000000   A   0   0000000000   A   000000   000000   000000000000000   000000000000000   0000A0000000
 002070   62729428501   18168X1           2   001   130320   00   000000   0   000000000000000   000   000000000000000   000   000000000000000      000000000000848700   000   000000000848700   0   0000000000   A   0   0000000000   A   000000   000000   000000000000000   000000000000000   0000A0000000
 002070   62729428501   53609X1           2   001   130320   00   000000   0   000000000000000   000   000000000000000   000   000000000000000      000000000000498296   000   000000000498296   0   0000000000   A   0   0000000000   A   000000   000000   000000000000000   000000000000000   0000A0000000
 002070   62729428501   34031X1           2   001   130320   00   000000   0   000000000000000   000   000000000000000   000   000000000000000      000000000001143847   000   000000001143847   0   0000000000   A   0   0000000000   A   000000   000000   000000000000000   000000000000000   0000A0000000
 002070   62729428501   49924X1           2   001   130320   00   000000   0   000000000000000   000   000000000000000   000   000000000000000      000000000001412419   000   000000001412419   0   0000000000   A   0   0000000000   A   000000   000000   000000000000000   000000000000000   0000A0000000
 002070   62729428501   58823X1           2   005   130320   00   000000   0   000000000000000   000   000000000000000   000   000000000000000      000000000000468147   000   000000002340734   0   0000000000   A   0   0000000000   A   000000   000000   000000000000000   000000000000000   0000A0000000
 002070   62729428501   55439X1           2   001   130320   00   000000   0   000000000000000   000   000000000000000   000   000000000000000      000000000003723915   000   000000003723915   0   0000000000   A   0   0000000000   A   000000   000000   000000000000000   000000000000000   0000A0000000
 002070   62729428501   59442X1           2   001   130320   00   000000   0   000000000000000   000   000000000000000   000   000000000000000      000000000001141863   000   000000001141863   0   0000000000   A   0   0000000000   A   000000   000000   000000000000000   000000000000000   0000A0000000
 002070   62729428501   58823X1           2   001   130320   00   000000   0   000000000000000   000   000000000000000   000   000000000000000      000000000000468147   000   000000000468147   0   0000000000   A   0   0000000000   A   000000   000000   000000000000000   000000000000000   0000A0000000
 002070   62729428501   59442X1           2   001   130320   00   000000   0   000000000000000   000   000000000000000   000   000000000000000      000000000001141863   000   000000001141863   0   0000000000   A   0   0000000000   A   000000   000000   000000000000000   000000000000000   0000A0000000
 002070   62729428501   10055X1           2   001   130320   00   000000   0   000000000000000   000   000000000000000   000   000000000000000      000000000001545120   000   000000001545120   0   0000000000   A   0   0000000000   A   000000   000000   000000000000000   000000000000000   0000A0000000
 002070   62729428501   34031X1           2   002   130320   00   000000   0   000000000000000   000   000000000000000   000   000000000000000      000000000001143847   000   000000002287694   0   0000000000   A   0   0000000000   A   000000   000000   000000000000000   000000000000000   0000A0000000
 002070   62729428501   32590X1           2   001   130320   00   000000   0   000000000000000   000   000000000000000   000   000000000000000      000000000000671285   000   000000000671285   0   0000000000   A   0   0000000000   A   000000   000000   000000000000000   000000000000000   0000A0000000
 002070   62729428501   60492X1           2   003   130320   00   000000   0   000000000000000   000   000000000000000   000   000000000000000      000000000004355090   000   000000013065270   0   0000000000   A   0   0000000000   A   000000   000000   000000000000000   000000000000000   0000A0000000
 002070   62729428501   55439X1           2   003   130320   00   000000   0   000000000000000   000   000000000000000   000   000000000000000      000000000003723915   000   000000011171744   0   0000000000   A   0   0000000000   A   000000   000000   000000000000000   000000000000000   0000A0000000
 002070   62729428501   58823X1           2   003   130320   00   000000   0   000000000000000   000   000000000000000   000   000000000000000      000000000000468147   000   000000001404440   0   0000000000   A   0   0000000000   A   000000   000000   000000000000000   000000000000000   0000A0000000
 002070   62729428501   59442X1           2   003   130320   00   000000   0   000000000000000   000   000000000000000   000   000000000000000      000000000001141863   000   000000003425590   0   0000000000   A   0   0000000000   A   000000   000000   000000000000000   000000000000000   0000A0000000
 002070   62729428501   20401X1           2   008   130320   00   000000   0   000000000000000   000   000000000000000   000   000000000000000      000000000000054684   000   000000000437472   0   0000000000   A   0   0000000000   A   000000   000000   000000000000000   000000000000000   0000A0000000
 002070   62729428501   1285X1            2   003   130320   00   000000   0   000000000000000   000   000000000000000   000   000000000000000      000000000000084098   000   000000000252293   0   0000000000   A   0   0000000000   A   000000   000000   000000000000000   000000000000000   0000A0000000
 002070   62729428501   31837X1           2   020   130320   00   000000   0   000000000000000   000   000000000000000   000   000000000000000      000000000001197802   000   000000023956038   0   0000000000   A   0   0000000000   A   000000   000000   000000000000000   000000000000000   0000A0000000
 002070   62729428501   56867X1           2   002   130320   00   000000   0   000000000000000   000   000000000000000   000   000000000000000      000000000003538344   000   000000007076689   0   0000000000   A   0   0000000000   A   000000   000000   000000000000000   000000000000000   0000A0000000
 002070   62729428501   60196X1           2   005   130320   00   000000   0   000000000000000   000   000000000000000   000   000000000000000      000000000001657198   000   000000008285990   0   0000000000   A   0   0000000000   A   000000   000000   000000000000000   000000000000000   0000A0000000
 002070   62729428501   47574X1           2   001   130320   00   000000   0   000000000000000   000   000000000000000   000   000000000000000      000000000003681882   000   000000003681882   0   0000000000   A   0   0000000000   A   000000   000000   000000000000000   000000000000000   0000A0000000
 002070   62729428501   55436X1           2   003   130320   00   000000   0   000000000000000   000   000000000000000   000   000000000000000      000000000006791715   000   000000020375145   0   0000000000   A   0   0000000000   A   000000   000000   000000000000000   000000000000000   0000A0000000
 002070   62729428501   58823X1           2   003   130320   00   000000   0   000000000000000   000   000000000000000   000   000000000000000      000000000000468147   000   000000001404440   0   0000000000   A   0   0000000000   A   000000   000000   000000000000000   000000000000000   0000A0000000
 002070   62729428501   59442X1           2   003   130320   00   000000   0   000000000000000   000   000000000000000   000   000000000000000      000000000001141863   000   000000003425590   0   0000000000   A   0   0000000000   A   000000   000000   000000000000000   000000000000000   0000A0000000
 002070   62729428501   55436X1           2   001   130320   00   000000   0   000000000000000   000   000000000000000   000   000000000000000      000000000006791715   000   000000006791715   0   0000000000   A   0   0000000000   A   000000   000000   000000000000000   000000000000000   0000A0000000
 002070   62729428501   58823X1           2   004   130320   00   000000   0   000000000000000   000   000000000000000   000   000000000000000      000000000000468147   000   000000001872587   0   0000000000   A   0   0000000000   A   000000   000000   000000000000000   000000000000000   0000A0000000
 002070   62729428501   DES00021          2   001   130320   00   000000   0   000000000000000   000   000000000000000   000   000000000000000      000000000002030002   000   000000002030002   0   0000000000   A   0   0000000000   A   000000   000000   000000000000000   000000000000000   0000A0000000
 002070   62729428501   DES00022          2   001   130320   00   000000   0   000000000000000   000   000000000000000   000   000000000000000      000000000008179867   000   000000008179867   0   0000000000   A   0   0000000000   A   000000   000000   000000000000000   000000000000000   0000A0000000
 002070   62729428501   DES00026          2   003   130320   00   000000   0   000000000000000   000   000000000000000   000   000000000000000      000000000000047855   000   000000000143564   0   0000000000   A   0   0000000000   A   000000   000000   000000000000000   000000000000000   0000A0000000
 002070   62729428501   DES00029          2   001   130320   00   000000   0   000000000000000   000   000000000000000   000   000000000000000      000000000000594156   000   000000000594156   0   0000000000   A   0   0000000000   A   000000   000000   000000000000000   000000000000000   0000A0000000
 002070   62729428501   DES00040          2   004   130320   00   000000   0   000000000000000   000   000000000000000   000   000000000000000      000000000000381150   000   000000001524600   0   0000000000   A   0   0000000000   A   000000   000000   000000000000000   000000000000000   0000A0000000
 002070   62729428501   31837X1           2   022   130320   00   000000   0   000000000000000   000   000000000000000   000   000000000000000      000000000001197802   000   000000026351642   0   0000000000   A   0   0000000000   A   000000   000000   000000000000000   000000000000000   0000A0000000
 002070   62729428501   19716X1           2   001   130320   00   000000   0   000000000000000   000   000000000000000   000   000000000000000      000000000000906552   000   000000000906552   0   0000000000   A   0   0000000000   A   000000   000000   000000000000000   000000000000000   0000A0000000
 002070   62729428501   DES00045          2   001   130320   00   000000   0   000000000000000   000   000000000000000   000   000000000000000      000000000000168489   000   000000000168489   0   0000000000   A   0   0000000000   A   000000   000000   000000000000000   000000000000000   0000A0000000
 002070   62729428501   DES00051          2   003   130320   00   000000   0   000000000000000   000   000000000000000   000   000000000000000      000000000004095457   000   000000012286372   0   0000000000   A   0   0000000000   A   000000   000000   000000000000000   000000000000000   0000A0000000
 002070   62729428501   58689X1           2   001   130320   00   000000   0   000000000000000   000   000000000000000   000   000000000000000      000000000003503563   000   000000003503563   0   0000000000   A   0   0000000000   A   000000   000000   000000000000000   000000000000000   0000A0000000
 002070   62729428501   DES00054          2   001   130320   00   000000   0   000000000000000   000   000000000000000   000   000000000000000      000000000000381150   000   000000000381150   0   0000000000   A   0   0000000000   A   000000   000000   000000000000000   000000000000000   0000A0000000
 002070   62729428501   DES00055          2   002   130320   00   000000   0   000000000000000   000   000000000000000   000   000000000000000      000000000001184070   000   000000002368141   0   0000000000   A   0   0000000000   A   000000   000000   000000000000000   000000000000000   0000A0000000
 002070   62729428501   DES00056          2   002   130320   00   000000   0   000000000000000   000   000000000000000   000   000000000000000      000000000004095457   000   000000008190914   0   0000000000   A   0   0000000000   A   000000   000000   000000000000000   000000000000000   0000A0000000
 002070   62729428501   DES00058          2   001   130320   00   000000   0   000000000000000   000   000000000000000   000   000000000000000      000000000009937297   000   000000009937297   0   0000000000   A   0   0000000000   A   000000   000000   000000000000000   000000000000000   0000A0000000
 002070   62729428501   DES00059          2   001   130320   00   000000   0   000000000000000   000   000000000000000   000   000000000000000      000000000002534534   000   000000002534534   0   0000000000   A   0   0000000000   A   000000   000000   000000000000000   000000000000000   0000A0000000
 002070   62729428501   DES00076          2   001   130320   00   000000   0   000000000000000   000   000000000000000   000   000000000000000      000000000000320440   000   000000000320440   0   0000000000   A   0   0000000000   A   000000   000000   000000000000000   000000000000000   0000A0000000
 002070   62729428501   DES00077          2   001   130320   00   000000   0   000000000000000   000   000000000000000   000   000000000000000      000000000000320440   000   000000000320440   0   0000000000   A   0   0000000000   A   000000   000000   000000000000000   000000000000000   0000A0000000
 002070   62729428501   DES00083          2   002   130320   00   000000   0   000000000000000   000   000000000000000   000   000000000000000      000000000000320440   000   000000000640881   0   0000000000   A   0   0000000000   A   000000   000000   000000000000000   000000000000000   0000A0000000
 002070   62729428501   DES00190          2   001   130320   00   000000   0   000000000000000   000   000000000000000   000   000000000000000      000000000000374023   000   000000000374023   0   0000000000   A   0   0000000000   A   000000   000000   000000000000000   000000000000000   0000A0000000
 002070   62729428501   53986X1           2   001   130320   00   000000   0   000000000000000   000   000000000000000   000   000000000000000      000000000000238054   000   000000000238054   0   0000000000   A   0   0000000000   A   000000   000000   000000000000000   000000000000000   0000A0000000
 002070   62729428501   DES00088          2   001   130320   00   000000   0   000000000000000   000   000000000000000   000   000000000000000      000000000002026125   000   000000002026125   0   0000000000   A   0   0000000000   A   000000   000000   000000000000000   000000000000000   0000A0000000
 002070   62729428501   DES00084          2   002   130320   00   000000   0   000000000000000   000   000000000000000   000   000000000000000      000000000000320440   000   000000000640881   0   0000000000   A   0   0000000000   A   000000   000000   000000000000000   000000000000000   0000A0000000
 002070   62729428501   53986X1           2   001   130320   00   000000   0   000000000000000   000   000000000000000   000   000000000000000      000000000000238054   000   000000000238054   0   0000000000   A   0   0000000000   A   000000   000000   000000000000000   000000000000000   0000A0000000
 002070   62729428501   DES00083          2   001   140320   00   000000   0   000000000000000   000   000000000000000   000   000000000000000      000000000000320440   000   000000000320440   0   0000000000   A   0   0000000000   A   000000   000000   000000000000000   000000000000000   0000A0000000
 002070   62729428501   53986X1           2   001   140320   00   000000   0   000000000000000   000   000000000000000   000   000000000000000      000000000000238054   000   000000000238054   0   0000000000   A   0   0000000000   A   000000   000000   000000000000000   000000000000000   0000A0000000
 002070   62729428501   19716X1           2   001   140320   00   000000   0   000000000000000   000   000000000000000   000   000000000000000      000000000000906552   000   000000000906552   0   0000000000   A   0   0000000000   A   000000   000000   000000000000000   000000000000000   0000A0000000
 002070   62729428501   DES00017          2   002   140320   00   000000   0   000000000000000   000   000000000000000   000   000000000000000      000000000000382800   000   000000000765601   0   0000000000   A   0   0000000000   A   000000   000000   000000000000000   000000000000000   0000A0000000
 002070   62729428501   15499X1           2   001   140320   00   000000   0   000000000000000   000   000000000000000   000   000000000000000      000000000001208057   000   000000001208057   0   0000000000   A   0   0000000000   A   000000   000000   000000000000000   000000000000000   0000A0000000
 002070   62729428501   60196X1           2   005   140320   00   000000   0   000000000000000   000   000000000000000   000   000000000000000      000000000001657198   000   000000008285990   0   0000000000   A   0   0000000000   A   000000   000000   000000000000000   000000000000000   0000A0000000
 002070   62729428501   18168X1           2   001   140320   00   000000   0   000000000000000   000   000000000000000   000   000000000000000      000000000000848700   000   000000000848700   0   0000000000   A   0   0000000000   A   000000   000000   000000000000000   000000000000000   0000A0000000
 002070   62729428501   18163X1           2   001   140320   00   000000   0   000000000000000   000   000000000000000   000   000000000000000      000000000001404360   000   000000001404360   0   0000000000   A   0   0000000000   A   000000   000000   000000000000000   000000000000000   0000A0000000
 002070   62729428501   56867X1           2   002   140320   00   000000   0   000000000000000   000   000000000000000   000   000000000000000      000000000003538344   000   000000007076689   0   0000000000   A   0   0000000000   A   000000   000000   000000000000000   000000000000000   0000A0000000
 002070   62729428501   52199X1           2   001   140320   00   000000   0   000000000000000   000   000000000000000   000   000000000000000      000000000007455730   000   000000007455730   0   0000000000   A   0   0000000000   A   000000   000000   000000000000000   000000000000000   0000A0000000
 002070   62729428501   53986X1           2   001   140320   00   000000   0   000000000000000   000   000000000000000   000   000000000000000      000000000000238054   000   000000000238054   0   0000000000   A   0   0000000000   A   000000   000000   000000000000000   000000000000000   0000A0000000
 002070   62729428501   34031X1           2   004   140320   00   000000   0   000000000000000   000   000000000000000   000   000000000000000      000000000001143847   000   000000004575388   0   0000000000   A   0   0000000000   A   000000   000000   000000000000000   000000000000000   0000A0000000
 002070   62729428501   32590X1           2   002   140320   00   000000   0   000000000000000   000   000000000000000   000   000000000000000      000000000000671285   000   000000001342570   0   0000000000   A   0   0000000000   A   000000   000000   000000000000000   000000000000000   0000A0000000
 002070   62729428501   53591X1           2   001   140320   00   000000   0   000000000000000   000   000000000000000   000   000000000000000      000000000001212201   000   000000001212201   0   0000000000   A   0   0000000000   A   000000   000000   000000000000000   000000000000000   0000A0000000
 002070   62729428501   60492X1           2   006   140320   00   000000   0   000000000000000   000   000000000000000   000   000000000000000      000000000004355090   000   000000026130541   0   0000000000   A   0   0000000000   A   000000   000000   000000000000000   000000000000000   0000A0000000
 002070   62729428501   55439X1           2   002   140320   00   000000   0   000000000000000   000   000000000000000   000   000000000000000      000000000003723914   000   000000007447829   0   0000000000   A   0   0000000000   A   000000   000000   000000000000000   000000000000000   0000A0000000
 002070   62729428501   20401X1           2   016   140320   00   000000   0   000000000000000   000   000000000000000   000   000000000000000      000000000000054684   000   000000000874944   0   0000000000   A   0   0000000000   A   000000   000000   000000000000000   000000000000000   0000A0000000
 002070   62729428501   1285X1            2   006   140320   00   000000   0   000000000000000   000   000000000000000   000   000000000000000      000000000000084098   000   000000000504587   0   0000000000   A   0   0000000000   A   000000   000000   000000000000000   000000000000000   0000A0000000
 002070   62729428501   31837X1           2   040   140320   00   000000   0   000000000000000   000   000000000000000   000   000000000000000      000000000001197802   000   000000047912076   0   0000000000   A   0   0000000000   A   000000   000000   000000000000000   000000000000000   0000A0000000
 002070   62729428501   56867X1           2   004   140320   00   000000   0   000000000000000   000   000000000000000   000   000000000000000      000000000003538344   000   000000014153378   0   0000000000   A   0   0000000000   A   000000   000000   000000000000000   000000000000000   0000A0000000
 002070   62729428501   60196X1           2   010   140320   00   000000   0   000000000000000   000   000000000000000   000   000000000000000      000000000001657198   000   000000016571979   0   0000000000   A   0   0000000000   A   000000   000000   000000000000000   000000000000000   0000A0000000
 002070   62729428501   47574X1           2   002   140320   00   000000   0   000000000000000   000   000000000000000   000   000000000000000      000000000003681882   000   000000007363764   0   0000000000   A   0   0000000000   A   000000   000000   000000000000000   000000000000000   0000A0000000
 002070   62729428501   55436X1           2   001   140320   00   000000   0   000000000000000   000   000000000000000   000   000000000000000      000000000006791715   000   000000006791715   0   0000000000   A   0   0000000000   A   000000   000000   000000000000000   000000000000000   0000A0000000
 002070   62729428501   58823X1           2   004   140320   00   000000   0   000000000000000   000   000000000000000   000   000000000000000      000000000000468147   000   000000001872587   0   0000000000   A   0   0000000000   A   000000   000000   000000000000000   000000000000000   0000A0000000
 002070   62729428501   55436X1           2   004   140320   00   000000   0   000000000000000   000   000000000000000   000   000000000000000      000000000006791715   000   000000027166860   0   0000000000   A   0   0000000000   A   000000   000000   000000000000000   000000000000000   0000A0000000
 002070   62729428501   58823X1           2   004   140320   00   000000   0   000000000000000   000   000000000000000   000   000000000000000      000000000000468147   000   000000001872587   0   0000000000   A   0   0000000000   A   000000   000000   000000000000000   000000000000000   0000A0000000
 002070   62729428501   58832X1           2   010   140320   00   000000   0   000000000000000   000   000000000000000   000   000000000000000      000000000000886245   000   000000008862453   0   0000000000   A   0   0000000000   A   000000   000000   000000000000000   000000000000000   0000A0000000
 002070   62729428501   56850X1           2   002   140320   00   000000   0   000000000000000   000   000000000000000   000   000000000000000      000000000002508998   000   000000005017995   0   0000000000   A   0   0000000000   A   000000   000000   000000000000000   000000000000000   0000A0000000
 002070   61867603001   DES00017          2   002   140320   00   000000   0   000000000000000   000   000000000000000   000   000000000000000      000000000000382800   000   000000000765601   0   0000000000   A   0   0000000000   A   000000   000000   000000000000000   000000000000000   0000A0000000
 002070   61867603001   DES00040          2   001   140320   00   000000   0   000000000000000   000   000000000000000   000   000000000000000      000000000000381150   000   000000000381150   0   0000000000   A   0   0000000000   A   000000   000000   000000000000000   000000000000000   0000A0000000
 002070   61867603001   DES00045          2   001   140320   00   000000   0   000000000000000   000   000000000000000   000   000000000000000      000000000000168489   000   000000000168489   0   0000000000   A   0   0000000000   A   000000   000000   000000000000000   000000000000000   0000A0000000
 002070   61867603001   DES00054          2   001   140320   00   000000   0   000000000000000   000   000000000000000   000   000000000000000      000000000000381150   000   000000000381150   0   0000000000   A   0   0000000000   A   000000   000000   000000000000000   000000000000000   0000A0000000
 002070   61867603001   55439X1           2   001   140320   00   000000   0   000000000000000   000   000000000000000   000   000000000000000      000000000003723915   000   000000003723915   0   0000000000   A   0   0000000000   A   000000   000000   000000000000000   000000000000000   0000A0000000
 002070   61867603001   DES00055          2   001   140320   00   000000   0   000000000000000   000   000000000000000   000   000000000000000      000000000001184071   000   000000001184071   0   0000000000   A   0   0000000000   A   000000   000000   000000000000000   000000000000000   0000A0000000
 002070   62729428501   19716X1           2   001   140320   00   000000   0   000000000000000   000   000000000000000   000   000000000000000      000000000000906552   000   000000000906552   0   0000000000   A   0   0000000000   A   000000   000000   000000000000000   000000000000000   0000A0000000
 002070   62729428501   53986X1           2   001   140320   00   000000   0   000000000000000   000   000000000000000   000   000000000000000      000000000000238054   000   000000000238054   0   0000000000   A   0   0000000000   A   000000   000000   000000000000000   000000000000000   0000A0000000
 002070   61867603001   53986X1           2   001   140320   00   000000   0   000000000000000   000   000000000000000   000   000000000000000      000000000000238054   000   000000000238054   0   0000000000   A   0   0000000000   A   000000   000000   000000000000000   000000000000000   0000A0000000
 002070   61867603001   DES00026          2   003   140320   00   000000   0   000000000000000   000   000000000000000   000   000000000000000      000000000000047855   000   000000000143564   0   0000000000   A   0   0000000000   A   000000   000000   000000000000000   000000000000000   0000A0000000
 002070   61867603001   58606X1           2   001   140320   00   000000   0   000000000000000   000   000000000000000   000   000000000000000      000000000000433987   000   000000000433987   0   0000000000   A   0   0000000000   A   000000   000000   000000000000000   000000000000000   0000A0000000
 002070   61867603001   58373X1           2   001   140320   00   000000   0   000000000000000   000   000000000000000   000   000000000000000      000000000000353019   000   000000000353019   0   0000000000   A   0   0000000000   A   000000   000000   000000000000000   000000000000000   0000A0000000
 002070   61867603001   29366X1           2   001   140320   00   000000   0   000000000000000   000   000000000000000   000   000000000000000      000000000000488976   000   000000000488976   0   0000000000   A   0   0000000000   A   000000   000000   000000000000000   000000000000000   0000A0000000
 002070   61867603001   34031X1           2   001   140320   00   000000   0   000000000000000   000   000000000000000   000   000000000000000      000000000001143847   000   000000001143847   0   0000000000   A   0   0000000000   A   000000   000000   000000000000000   000000000000000   0000A0000000
 002070   62729428501   DES00055          2   001   150320   00   000000   0   000000000000000   000   000000000000000   000   000000000000000      000000000001184071   000   000000001184071   0   0000000000   A   0   0000000000   A   000000   000000   000000000000000   000000000000000   0000A0000000
 002070   62729428501   53986X1           2   001   150320   00   000000   0   000000000000000   000   000000000000000   000   000000000000000      000000000000238054   000   000000000238054   0   0000000000   A   0   0000000000   A   000000   000000   000000000000000   000000000000000   0000A0000000
 002070   62729428501   DES00026          2   003   150320   00   000000   0   000000000000000   000   000000000000000   000   000000000000000      000000000000047855   000   000000000143564   0   0000000000   A   0   0000000000   A   000000   000000   000000000000000   000000000000000   0000A0000000
 002070   62729428501   DES00040          2   002   150320   00   000000   0   000000000000000   000   000000000000000   000   000000000000000      000000000000381150   000   000000000762300   0   0000000000   A   0   0000000000   A   000000   000000   000000000000000   000000000000000   0000A0000000
 002070   62729428501   DES00056          2   001   150320   00   000000   0   000000000000000   000   000000000000000   000   000000000000000      000000000004095457   000   000000004095457   0   0000000000   A   0   0000000000   A   000000   000000   000000000000000   000000000000000   0000A0000000
 002070   62729428501   DES00083          2   002   150320   00   000000   0   000000000000000   000   000000000000000   000   000000000000000      000000000000320440   000   000000000640881   0   0000000000   A   0   0000000000   A   000000   000000   000000000000000   000000000000000   0000A0000000
 002070   62729428501   DES00084          2   002   150320   00   000000   0   000000000000000   000   000000000000000   000   000000000000000      000000000000320440   000   000000000640881   0   0000000000   A   0   0000000000   A   000000   000000   000000000000000   000000000000000   0000A0000000
 002070   62729428501   53986X1           2   001   150320   00   000000   0   000000000000000   000   000000000000000   000   000000000000000      000000000000238054   000   000000000238054   0   0000000000   A   0   0000000000   A   000000   000000   000000000000000   000000000000000   0000A0000000
 002070   62729428501   59162X1           2   002   150320   00   000000   0   000000000000000   000   000000000000000   000   000000000000000      000000000001342200   000   000000002684401   0   0000000000   A   0   0000000000   A   000000   000000   000000000000000   000000000000000   0000A0000000
 002070   62729428501   DES00011          2   001   150320   00   000000   0   000000000000000   000   000000000000000   000   000000000000000      000000000000156545   000   000000000156545   0   0000000000   A   0   0000000000   A   000000   000000   000000000000000   000000000000000   0000A0000000
 002070   62729428501   19428X1           2   001   150320   00   000000   0   000000000000000   000   000000000000000   000   000000000000000      000000000000418435   000   000000000418435   0   0000000000   A   0   0000000000   A   000000   000000   000000000000000   000000000000000   0000A0000000
 002070   62729428501   32590X1           2   001   150320   00   000000   0   000000000000000   000   000000000000000   000   000000000000000      000000000000671285   000   000000000671285   0   0000000000   A   0   0000000000   A   000000   000000   000000000000000   000000000000000   0000A0000000
 002070   62729428501   53986X1           2   001   150320   00   000000   0   000000000000000   000   000000000000000   000   000000000000000      000000000000238054   000   000000000238054   0   0000000000   A   0   0000000000   A   000000   000000   000000000000000   000000000000000   0000A0000000
 002070   62729428501   DES00026          2   002   160320   00   000000   0   000000000000000   000   000000000000000   000   000000000000000      000000000000047855   000   000000000095710   0   0000000000   A   0   0000000000   A   000000   000000   000000000000000   000000000000000   0000A0000000
 002070   62729428501   31837X1           2   020   160320   00   000000   0   000000000000000   000   000000000000000   000   000000000000000      000000000001197802   000   000000023956038   0   0000000000   A   0   0000000000   A   000000   000000   000000000000000   000000000000000   0000A0000000
 002070   62729428501   DES00083          2   002   160320   00   000000   0   000000000000000   000   000000000000000   000   000000000000000      000000000000320440   000   000000000640881   0   0000000000   A   0   0000000000   A   000000   000000   000000000000000   000000000000000   0000A0000000
 002070   62729428501   53986X1           2   001   160320   00   000000   0   000000000000000   000   000000000000000   000   000000000000000      000000000000238054   000   000000000238054   0   0000000000   A   0   0000000000   A   000000   000000   000000000000000   000000000000000   0000A0000000
 002070   62729428501   58832X1           2   005   160320   00   000000   0   000000000000000   000   000000000000000   000   000000000000000      000000000000886245   000   000000004431226   0   0000000000   A   0   0000000000   A   000000   000000   000000000000000   000000000000000   0000A0000000
 002070   62729428501   56850X1           2   001   160320   00   000000   0   000000000000000   000   000000000000000   000   000000000000000      000000000002508998   000   000000002508998   0   0000000000   A   0   0000000000   A   000000   000000   000000000000000   000000000000000   0000A0000000
 002070   62729428501   40283X1           2   001   160320   00   000000   0   000000000000000   000   000000000000000   000   000000000000000      000000000002512066   000   000000002512066   0   0000000000   A   0   0000000000   A   000000   000000   000000000000000   000000000000000   0000A0000000
 002070   62729428501   56852X1           2   001   160320   00   000000   0   000000000000000   000   000000000000000   000   000000000000000      000000000003789593   000   000000003789593   0   0000000000   A   0   0000000000   A   000000   000000   000000000000000   000000000000000   0000A0000000
 002070   62729428501   56867X1           2   001   160320   00   000000   0   000000000000000   000   000000000000000   000   000000000000000      000000000003538345   000   000000003538345   0   0000000000   A   0   0000000000   A   000000   000000   000000000000000   000000000000000   0000A0000000
 002070   62729428501   34031X1           2   002   160320   00   000000   0   000000000000000   000   000000000000000   000   000000000000000      000000000001143847   000   000000002287694   0   0000000000   A   0   0000000000   A   000000   000000   000000000000000   000000000000000   0000A0000000
 002070   62729428501   60492X1           2   003   160320   00   000000   0   000000000000000   000   000000000000000   000   000000000000000      000000000004355090   000   000000013065270   0   0000000000   A   0   0000000000   A   000000   000000   000000000000000   000000000000000   0000A0000000
 002070   62729428501   20401X1           2   004   160320   00   000000   0   000000000000000   000   000000000000000   000   000000000000000      000000000000054684   000   000000000218736   0   0000000000   A   0   0000000000   A   000000   000000   000000000000000   000000000000000   0000A0000000
 002070   62729428501   31837X1           2   020   160320   00   000000   0   000000000000000   000   000000000000000   000   000000000000000      000000000001197802   000   000000023956038   0   0000000000   A   0   0000000000   A   000000   000000   000000000000000   000000000000000   0000A0000000
 002070   62729428501   56867X1           2   003   160320   00   000000   0   000000000000000   000   000000000000000   000   000000000000000      000000000003538345   000   000000010615034   0   0000000000   A   0   0000000000   A   000000   000000   000000000000000   000000000000000   0000A0000000
 002070   62729428501   60196X1           2   005   160320   00   000000   0   000000000000000   000   000000000000000   000   000000000000000      000000000001657198   000   000000008285990   0   0000000000   A   0   0000000000   A   000000   000000   000000000000000   000000000000000   0000A0000000
 002070   62729428501   47574X1           2   001   160320   00   000000   0   000000000000000   000   000000000000000   000   000000000000000      000000000003681882   000   000000003681882   0   0000000000   A   0   0000000000   A   000000   000000   000000000000000   000000000000000   0000A0000000
 002070   62729428501   56850X1           2   001   160320   00   000000   0   000000000000000   000   000000000000000   000   000000000000000      000000000002508998   000   000000002508998   0   0000000000   A   0   0000000000   A   000000   000000   000000000000000   000000000000000   0000A0000000
 002070   62729428501   58832X1           2   005   160320   00   000000   0   000000000000000   000   000000000000000   000   000000000000000      000000000000886245   000   000000004431226   0   0000000000   A   0   0000000000   A   000000   000000   000000000000000   000000000000000   0000A0000000
 002070   62729428501   59162X1           2   002   160320   00   000000   0   000000000000000   000   000000000000000   000   000000000000000      000000000001342200   000   000000002684401   0   0000000000   A   0   0000000000   A   000000   000000   000000000000000   000000000000000   0000A0000000
 002070   62729428501   1285X1            2   003   160320   00   000000   0   000000000000000   000   000000000000000   000   000000000000000      000000000000084098   000   000000000252293   0   0000000000   A   0   0000000000   A   000000   000000   000000000000000   000000000000000   0000A0000000
 002070   62729428501   32590X1           2   001   160320   00   000000   0   000000000000000   000   000000000000000   000   000000000000000      000000000000671285   000   000000000671285   0   0000000000   A   0   0000000000   A   000000   000000   000000000000000   000000000000000   0000A0000000
 002070   62729428501   55439X1           2   001   160320   00   000000   0   000000000000000   000   000000000000000   000   000000000000000      000000000003723915   000   000000003723915   0   0000000000   A   0   0000000000   A   000000   000000   000000000000000   000000000000000   0000A0000000
 002070   62729428501   DES00084          2   002   160320   00   000000   0   000000000000000   000   000000000000000   000   000000000000000      000000000000320440   000   000000000640881   0   0000000000   A   0   0000000000   A   000000   000000   000000000000000   000000000000000   0000A0000000
 002070   62729428501   59162X1           2   002   160320   00   000000   0   000000000000000   000   000000000000000   000   000000000000000      000000000001342200   000   000000002684401   0   0000000000   A   0   0000000000   A   000000   000000   000000000000000   000000000000000   0000A0000000
 002070   62729428501   DES00056          2   001   160320   00   000000   0   000000000000000   000   000000000000000   000   000000000000000      000000000004095457   000   000000004095457   0   0000000000   A   0   0000000000   A   000000   000000   000000000000000   000000000000000   0000A0000000
 002070   62729428501   53986X1           2   003   160320   00   000000   0   000000000000000   000   000000000000000   000   000000000000000      000000000000238054   000   000000000714161   0   0000000000   A   0   0000000000   A   000000   000000   000000000000000   000000000000000   0000A0000000
 002070   62729428501   58822X1           2   002   160320   00   000000   0   000000000000000   000   000000000000000   000   000000000000000      000000000000368217   000   000000000736434   0   0000000000   A   0   0000000000   A   000000   000000   000000000000000   000000000000000   0000A0000000
 002070   62729428501   19716X1           2   001   160320   00   000000   0   000000000000000   000   000000000000000   000   000000000000000      000000000000906552   000   000000000906552   0   0000000000   A   0   0000000000   A   000000   000000   000000000000000   000000000000000   0000A0000000
 002070   62729428501   DES00084          2   001   170320   00   000000   0   000000000000000   000   000000000000000   000   000000000000000      000000000000320440   000   000000000320440   0   0000000000   A   0   0000000000   A   000000   000000   000000000000000   000000000000000   0000A0000000
 002070   62729428501   53986X1           2   001   170320   00   000000   0   000000000000000   000   000000000000000   000   000000000000000      000000000000238054   000   000000000238054   0   0000000000   A   0   0000000000   A   000000   000000   000000000000000   000000000000000   0000A0000000
 002070   62729428501   DES00040          2   002   170320   00   000000   0   000000000000000   000   000000000000000   000   000000000000000      000000000000381150   000   000000000762300   0   0000000000   A   0   0000000000   A   000000   000000   000000000000000   000000000000000   0000A0000000
 002070   62729428501   DES00055          2   001   170320   00   000000   0   000000000000000   000   000000000000000   000   000000000000000      000000000001184071   000   000000001184071   0   0000000000   A   0   0000000000   A   000000   000000   000000000000000   000000000000000   0000A0000000
 002070   62729428501   60196X1           2   005   170320   00   000000   0   000000000000000   000   000000000000000   000   000000000000000      000000000001657198   000   000000008285990   0   0000000000   A   0   0000000000   A   000000   000000   000000000000000   000000000000000   0000A0000000
 002070   62729428501   56867X1           2   001   170320   00   000000   0   000000000000000   000   000000000000000   000   000000000000000      000000000003538345   000   000000003538345   0   0000000000   A   0   0000000000   A   000000   000000   000000000000000   000000000000000   0000A0000000
 002070   62729428501   39312X1           2   001   170320   00   000000   0   000000000000000   000   000000000000000   000   000000000000000      000000000000315495   000   000000000315495   0   0000000000   A   0   0000000000   A   000000   000000   000000000000000   000000000000000   0000A0000000
 002070   62729428501   56867X1           2   001   170320   00   000000   0   000000000000000   000   000000000000000   000   000000000000000      000000000003538345   000   000000003538345   0   0000000000   A   0   0000000000   A   000000   000000   000000000000000   000000000000000   0000A0000000
 002070   62729428501   32590X1           2   001   170320   00   000000   0   000000000000000   000   000000000000000   000   000000000000000      000000000000671285   000   000000000671285   0   0000000000   A   0   0000000000   A   000000   000000   000000000000000   000000000000000   0000A0000000
 002070   62729428501   34031X1           2   002   170320   00   000000   0   000000000000000   000   000000000000000   000   000000000000000      000000000001143847   000   000000002287694   0   0000000000   A   0   0000000000   A   000000   000000   000000000000000   000000000000000   0000A0000000
 002070   62729428501   53591X1           2   001   170320   00   000000   0   000000000000000   000   000000000000000   000   000000000000000      000000000001212201   000   000000001212201   0   0000000000   A   0   0000000000   A   000000   000000   000000000000000   000000000000000   0000A0000000
 002070   62729428501   60492X1           2   003   170320   00   000000   0   000000000000000   000   000000000000000   000   000000000000000      000000000004355090   000   000000013065270   0   0000000000   A   0   0000000000   A   000000   000000   000000000000000   000000000000000   0000A0000000
 002070   62729428501   31837X1           2   020   170320   00   000000   0   000000000000000   000   000000000000000   000   000000000000000      000000000001197802   000   000000023956038   0   0000000000   A   0   0000000000   A   000000   000000   000000000000000   000000000000000   0000A0000000
 002070   62729428501   56867X1           2   003   170320   00   000000   0   000000000000000   000   000000000000000   000   000000000000000      000000000003538345   000   000000010615034   0   0000000000   A   0   0000000000   A   000000   000000   000000000000000   000000000000000   0000A0000000
 002070   62729428501   60196X1           2   005   170320   00   000000   0   000000000000000   000   000000000000000   000   000000000000000      000000000001657198   000   000000008285990   0   0000000000   A   0   0000000000   A   000000   000000   000000000000000   000000000000000   0000A0000000
 002070   62729428501   47574X1           2   001   170320   00   000000   0   000000000000000   000   000000000000000   000   000000000000000      000000000003681882   000   000000003681882   0   0000000000   A   0   0000000000   A   000000   000000   000000000000000   000000000000000   0000A0000000
 002070   62729428501   55436X1           2   001   170320   00   000000   0   000000000000000   000   000000000000000   000   000000000000000      000000000006791715   000   000000006791715   0   0000000000   A   0   0000000000   A   000000   000000   000000000000000   000000000000000   0000A0000000
 002070   62729428501   58823X1           2   001   170320   00   000000   0   000000000000000   000   000000000000000   000   000000000000000      000000000000468147   000   000000000468147   0   0000000000   A   0   0000000000   A   000000   000000   000000000000000   000000000000000   0000A0000000
 002070   62729428501   1285X1            2   003   170320   00   000000   0   000000000000000   000   000000000000000   000   000000000000000      000000000000084098   000   000000000252293   0   0000000000   A   0   0000000000   A   000000   000000   000000000000000   000000000000000   0000A0000000
 002070   62729428501   32590X1           2   001   170320   00   000000   0   000000000000000   000   000000000000000   000   000000000000000      000000000000671285   000   000000000671285   0   0000000000   A   0   0000000000   A   000000   000000   000000000000000   000000000000000   0000A0000000
 002070   62729428501   59162X1           2   004   170320   00   000000   0   000000000000000   000   000000000000000   000   000000000000000      000000000001342200   000   000000005368802   0   0000000000   A   0   0000000000   A   000000   000000   000000000000000   000000000000000   0000A0000000
 002070   62729428501   56850X1           2   001   170320   00   000000   0   000000000000000   000   000000000000000   000   000000000000000      000000000002508998   000   000000002508998   0   0000000000   A   0   0000000000   A   000000   000000   000000000000000   000000000000000   0000A0000000
 002070   62729428501   58832X1           2   005   170320   00   000000   0   000000000000000   000   000000000000000   000   000000000000000      000000000000886245   000   000000004431226   0   0000000000   A   0   0000000000   A   000000   000000   000000000000000   000000000000000   0000A0000000
 002070   62729428501   41924X1           2   002   170320   00   000000   0   000000000000000   000   000000000000000   000   000000000000000      000000000000616586   000   000000001233173   0   0000000000   A   0   0000000000   A   000000   000000   000000000000000   000000000000000   0000A0000000
 002070   62729428501   53986X1           2   001   170320   00   000000   0   000000000000000   000   000000000000000   000   000000000000000      000000000000238054   000   000000000238054   0   0000000000   A   0   0000000000   A   000000   000000   000000000000000   000000000000000   0000A0000000
 002070   62729428501   DES00084          2   002   180320   00   000000   0   000000000000000   000   000000000000000   000   000000000000000      000000000000320440   000   000000000640881   0   0000000000   A   0   0000000000   A   000000   000000   000000000000000   000000000000000   0000A0000000
 002070   62729428501   53986X1           2   001   180320   00   000000   0   000000000000000   000   000000000000000   000   000000000000000      000000000000238054   000   000000000238054   0   0000000000   A   0   0000000000   A   000000   000000   000000000000000   000000000000000   0000A0000000
 002070   62729428501   53986X1           2   001   180320   00   000000   0   000000000000000   000   000000000000000   000   000000000000000      000000000000238054   000   000000000238054   0   0000000000   A   0   0000000000   A   000000   000000   000000000000000   000000000000000   0000A0000000
 002070   62729428501   32583X1           2   001   180320   00   000000   0   000000000000000   000   000000000000000   000   000000000000000      000000000000747275   000   000000000747275   0   0000000000   A   0   0000000000   A   000000   000000   000000000000000   000000000000000   0000A0000000
 002070   62729428501   34031X1           2   002   180320   00   000000   0   000000000000000   000   000000000000000   000   000000000000000      000000000001143847   000   000000002287694   0   0000000000   A   0   0000000000   A   000000   000000   000000000000000   000000000000000   0000A0000000
 002070   62729428501   31837X1           2   020   180320   00   000000   0   000000000000000   000   000000000000000   000   000000000000000      000000000001197802   000   000000023956038   0   0000000000   A   0   0000000000   A   000000   000000   000000000000000   000000000000000   0000A0000000
 002070   62729428501   56867X1           2   003   180320   00   000000   0   000000000000000   000   000000000000000   000   000000000000000      000000000003538345   000   000000010615034   0   0000000000   A   0   0000000000   A   000000   000000   000000000000000   000000000000000   0000A0000000
 002070   62729428501   60196X1           2   005   180320   00   000000   0   000000000000000   000   000000000000000   000   000000000000000      000000000001657198   000   000000008285990   0   0000000000   A   0   0000000000   A   000000   000000   000000000000000   000000000000000   0000A0000000
 002070   62729428501   47574X1           2   001   180320   00   000000   0   000000000000000   000   000000000000000   000   000000000000000      000000000003681882   000   000000003681882   0   0000000000   A   0   0000000000   A   000000   000000   000000000000000   000000000000000   0000A0000000
 002070   62729428501   32590X1           2   001   180320   00   000000   0   000000000000000   000   000000000000000   000   000000000000000      000000000000671285   000   000000000671285   0   0000000000   A   0   0000000000   A   000000   000000   000000000000000   000000000000000   0000A0000000
 002070   62729428501   55436X1           2   001   180320   00   000000   0   000000000000000   000   000000000000000   000   000000000000000      000000000006791715   000   000000006791715   0   0000000000   A   0   0000000000   A   000000   000000   000000000000000   000000000000000   0000A0000000
 002070   62729428501   58832X1           2   005   180320   00   000000   0   000000000000000   000   000000000000000   000   000000000000000      000000000000886245   000   000000004431226   0   0000000000   A   0   0000000000   A   000000   000000   000000000000000   000000000000000   0000A0000000
 002070   62729428501   56850X1           2   001   180320   00   000000   0   000000000000000   000   000000000000000   000   000000000000000      000000000002508998   000   000000002508998   0   0000000000   A   0   0000000000   A   000000   000000   000000000000000   000000000000000   0000A0000000
 002070   62729428501   DES00026          2   003   180320   00   000000   0   000000000000000   000   000000000000000   000   000000000000000      000000000000047855   000   000000000143564   0   0000000000   A   0   0000000000   A   000000   000000   000000000000000   000000000000000   0000A0000000
 002070   62729428501   DES00029          2   001   180320   00   000000   0   000000000000000   000   000000000000000   000   000000000000000      000000000000594156   000   000000000594156   0   0000000000   A   0   0000000000   A   000000   000000   000000000000000   000000000000000   0000A0000000
 002070   62729428501   DES00040          2   001   180320   00   000000   0   000000000000000   000   000000000000000   000   000000000000000      000000000000381150   000   000000000381150   0   0000000000   A   0   0000000000   A   000000   000000   000000000000000   000000000000000   0000A0000000
 002070   62729428501   53986X1           2   001   180320   00   000000   0   000000000000000   000   000000000000000   000   000000000000000      000000000000238054   000   000000000238054   0   0000000000   A   0   0000000000   A   000000   000000   000000000000000   000000000000000   0000A0000000
 002070   62729428501   53986X1           2   001   180320   00   000000   0   000000000000000   000   000000000000000   000   000000000000000      000000000000238054   000   000000000238054   0   0000000000   A   0   0000000000   A   000000   000000   000000000000000   000000000000000   0000A0000000
 002070   62729428501   31837X1           2   002   180320   00   000000   0   000000000000000   000   000000000000000   000   000000000000000      000000000001197802   000   000000002395604   0   0000000000   A   0   0000000000   A   000000   000000   000000000000000   000000000000000   0000A0000000
 002070   62729428501   DES00083          2   001   190320   00   000000   0   000000000000000   000   000000000000000   000   000000000000000      000000000000320440   000   000000000320440   0   0000000000   A   0   0000000000   A   000000   000000   000000000000000   000000000000000   0000A0000000
 002070   62729428501   53986X1           2   001   190320   00   000000   0   000000000000000   000   000000000000000   000   000000000000000      000000000000238054   000   000000000238054   0   0000000000   A   0   0000000000   A   000000   000000   000000000000000   000000000000000   0000A0000000
 002070   62729428501   31837X1           2   001   190320   00   000000   0   000000000000000   000   000000000000000   000   000000000000000      000000000001197802   000   000000001197802   0   0000000000   A   0   0000000000   A   000000   000000   000000000000000   000000000000000   0000A0000000
 002070   62729428501   19716X1           2   001   190320   00   000000   0   000000000000000   000   000000000000000   000   000000000000000      000000000000906552   000   000000000906552   0   0000000000   A   0   0000000000   A   000000   000000   000000000000000   000000000000000   0000A0000000
 002070   62729428501   56867X1           2   003   190320   00   000000   0   000000000000000   000   000000000000000   000   000000000000000      000000000003538345   000   000000010615034   0   0000000000   A   0   0000000000   A   000000   000000   000000000000000   000000000000000   0000A0000000
 002070   62729428501   60196X1           2   005   190320   00   000000   0   000000000000000   000   000000000000000   000   000000000000000      000000000001657198   000   000000008285990   0   0000000000   A   0   0000000000   A   000000   000000   000000000000000   000000000000000   0000A0000000
 002070   62729428501   47574X1           2   001   190320   00   000000   0   000000000000000   000   000000000000000   000   000000000000000      000000000003681882   000   000000003681882   0   0000000000   A   0   0000000000   A   000000   000000   000000000000000   000000000000000   0000A0000000
 002070   62729428501   32590X1           2   001   190320   00   000000   0   000000000000000   000   000000000000000   000   000000000000000      000000000000671285   000   000000000671285   0   0000000000   A   0   0000000000   A   000000   000000   000000000000000   000000000000000   0000A0000000
 002070   62729428501   55436X1           2   001   190320   00   000000   0   000000000000000   000   000000000000000   000   000000000000000      000000000006791715   000   000000006791715   0   0000000000   A   0   0000000000   A   000000   000000   000000000000000   000000000000000   0000A0000000
 002070   62729428501   58832X1           2   005   190320   00   000000   0   000000000000000   000   000000000000000   000   000000000000000      000000000000886245   000   000000004431226   0   0000000000   A   0   0000000000   A   000000   000000   000000000000000   000000000000000   0000A0000000
 002070   62729428501   56850X1           2   001   190320   00   000000   0   000000000000000   000   000000000000000   000   000000000000000      000000000002508998   000   000000002508998   0   0000000000   A   0   0000000000   A   000000   000000   000000000000000   000000000000000   0000A0000000
 002070   62729428501   DES00026          2   003   190320   00   000000   0   000000000000000   000   000000000000000   000   000000000000000      000000000000047855   000   000000000143564   0   0000000000   A   0   0000000000   A   000000   000000   000000000000000   000000000000000   0000A0000000
 002070   62729428501   DES00083          2   002   190320   00   000000   0   000000000000000   000   000000000000000   000   000000000000000      000000000000320440   000   000000000640881   0   0000000000   A   0   0000000000   A   000000   000000   000000000000000   000000000000000   0000A0000000
 002070   62729428501   DES00084          2   003   190320   00   000000   0   000000000000000   000   000000000000000   000   000000000000000      000000000000320441   000   000000000961322   0   0000000000   A   0   0000000000   A   000000   000000   000000000000000   000000000000000   0000A0000000
 002070   62729428501   53986X1           2   001   190320   00   000000   0   000000000000000   000   000000000000000   000   000000000000000      000000000000238054   000   000000000238054   0   0000000000   A   0   0000000000   A   000000   000000   000000000000000   000000000000000   0000A0000000
 002070   62729428501   DES00088          2   001   190320   00   000000   0   000000000000000   000   000000000000000   000   000000000000000      000000000002026125   000   000000002026125   0   0000000000   A   0   0000000000   A   000000   000000   000000000000000   000000000000000   0000A0000000
 002070   62729428501   DES00026          2   003   190320   00   000000   0   000000000000000   000   000000000000000   000   000000000000000      000000000000047855   000   000000000143564   0   0000000000   A   0   0000000000   A   000000   000000   000000000000000   000000000000000   0000A0000000
 002070   62729428501   DES00084          2   003   190320   00   000000   0   000000000000000   000   000000000000000   000   000000000000000      000000000000320441   000   000000000961322   0   0000000000   A   0   0000000000   A   000000   000000   000000000000000   000000000000000   0000A0000000
 002070   62729428501   53986X1           2   001   190320   00   000000   0   000000000000000   000   000000000000000   000   000000000000000      000000000000238054   000   000000000238054   0   0000000000   A   0   0000000000   A   000000   000000   000000000000000   000000000000000   0000A0000000
 002070   62729428501   59162X1           2   004   190320   00   000000   0   000000000000000   000   000000000000000   000   000000000000000      000000000001342200   000   000000005368802   0   0000000000   A   0   0000000000   A   000000   000000   000000000000000   000000000000000   0000A0000000
 002070   62729428501   41924X1           2   003   190320   00   000000   0   000000000000000   000   000000000000000   000   000000000000000      000000000000616586   000   000000001849759   0   0000000000   A   0   0000000000   A   000000   000000   000000000000000   000000000000000   0000A0000000
 002070   62729428501   DES00026          2   002   200320   00   000000   0   000000000000000   000   000000000000000   000   000000000000000      000000000000047855   000   000000000095710   0   0000000000   A   0   0000000000   A   000000   000000   000000000000000   000000000000000   0000A0000000
 002070   62729428501   DES00083          2   002   200320   00   000000   0   000000000000000   000   000000000000000   000   000000000000000      000000000000320440   000   000000000640881   0   0000000000   A   0   0000000000   A   000000   000000   000000000000000   000000000000000   0000A0000000
 002070   62729428501   DES00084          2   003   200320   00   000000   0   000000000000000   000   000000000000000   000   000000000000000      000000000000320441   000   000000000961322   0   0000000000   A   0   0000000000   A   000000   000000   000000000000000   000000000000000   0000A0000000
 002070   62729428501   57998X1           2   001   200320   00   000000   0   000000000000000   000   000000000000000   000   000000000000000      000000000000683196   000   000000000683196   0   0000000000   A   0   0000000000   A   000000   000000   000000000000000   000000000000000   0000A0000000
 002070   62729428501   57998X1           2   002   210320   00   000000   0   000000000000000   000   000000000000000   000   000000000000000      000000000000683196   000   000000001366393   0   0000000000   A   0   0000000000   A   000000   000000   000000000000000   000000000000000   0000A0000000
 002070   13222261201   29366X1           2   001   230320   00   000000   0   000000000000000   000   000000000000000   000   000000000000000      000000000000488976   000   000000000488976   0   0000000000   A   0   0000000000   A   000000   000000   000000000000000   000000000000000   0000A0000000
 002070   13222261201   DES00016          2   001   230320   00   000000   0   000000000000000   000   000000000000000   000   000000000000000      000000000000382801   000   000000000382801   0   0000000000   A   0   0000000000   A   000000   000000   000000000000000   000000000000000   0000A0000000
 002070   13222261201   DES00040          2   001   230320   00   000000   0   000000000000000   000   000000000000000   000   000000000000000      000000000000381150   000   000000000381150   0   0000000000   A   0   0000000000   A   000000   000000   000000000000000   000000000000000   0000A0000000
 002070   13222261201   58373X1           2   001   230320   00   000000   0   000000000000000   000   000000000000000   000   000000000000000      000000000000353019   000   000000000353019   0   0000000000   A   0   0000000000   A   000000   000000   000000000000000   000000000000000   0000A0000000
 002070   13222261201   DES00045          2   001   230320   00   000000   0   000000000000000   000   000000000000000   000   000000000000000      000000000000168489   000   000000000168489   0   0000000000   A   0   0000000000   A   000000   000000   000000000000000   000000000000000   0000A0000000
 002070   13222261201   DES00054          2   001   230320   00   000000   0   000000000000000   000   000000000000000   000   000000000000000      000000000000381150   000   000000000381150   0   0000000000   A   0   0000000000   A   000000   000000   000000000000000   000000000000000   0000A0000000
 002070   13222261201   49924X1           2   001   230320   00   000000   0   000000000000000   000   000000000000000   000   000000000000000      000000000001412419   000   000000001412419   0   0000000000   A   0   0000000000   A   000000   000000   000000000000000   000000000000000   0000A0000000
 002070   13222261201   55439X1           2   001   230320   00   000000   0   000000000000000   000   000000000000000   000   000000000000000      000000000003723915   000   000000003723915   0   0000000000   A   0   0000000000   A   000000   000000   000000000000000   000000000000000   0000A0000000
 002070   13222261201   53986X1           2   001   230320   00   000000   0   000000000000000   000   000000000000000   000   000000000000000      000000000000238054   000   000000000238054   0   0000000000   A   0   0000000000   A   000000   000000   000000000000000   000000000000000   0000A0000000
 002070   13222261201   55439X1           2   004   230320   00   000000   0   000000000000000   000   000000000000000   000   000000000000000      000000000003723915   000   000000014895659   0   0000000000   A   0   0000000000   A   000000   000000   000000000000000   000000000000000   0000A0000000
 002070   13222261201   DES00055          2   001   230320   00   000000   0   000000000000000   000   000000000000000   000   000000000000000      000000000001184071   000   000000001184071   0   0000000000   A   0   0000000000   A   000000   000000   000000000000000   000000000000000   0000A0000000
 002070   13222261201   29366X1           2   006   230320   00   000000   0   000000000000000   000   000000000000000   000   000000000000000      000000000000488976   000   000000002933858   0   0000000000   A   0   0000000000   A   000000   000000   000000000000000   000000000000000   0000A0000000
 002070   13222261201   53986X1           2   001   250320   00   000000   0   000000000000000   000   000000000000000   000   000000000000000      000000000000238054   000   000000000238054   0   0000000000   A   0   0000000000   A   000000   000000   000000000000000   000000000000000   0000A0000000
 002070   13222261201   55439X1           2   002   250320   00   000000   0   000000000000000   000   000000000000000   000   000000000000000      000000000003723914   000   000000007447829   0   0000000000   A   0   0000000000   A   000000   000000   000000000000000   000000000000000   0000A0000000
 002070   13222261201   29366X1           2   003   250320   00   000000   0   000000000000000   000   000000000000000   000   000000000000000      000000000000488976   000   000000001466929   0   0000000000   A   0   0000000000   A   000000   000000   000000000000000   000000000000000   0000A0000000
 002070   13222261201   22323X1           2   002   250320   00   000000   0   000000000000000   000   000000000000000   000   000000000000000      000000000001959430   000   000000003918861   0   0000000000   A   0   0000000000   A   000000   000000   000000000000000   000000000000000   0000A0000000
 002070   13222261202   55439X1           2   003   250320   00   000000   0   000000000000000   000   000000000000000   000   000000000000000      000000000003723915   000   000000011171744   0   0000000000   A   0   0000000000   A   000000   000000   000000000000000   000000000000000   0000A0000000
 002070   13222261202   29366X1           2   003   250320   00   000000   0   000000000000000   000   000000000000000   000   000000000000000      000000000000488976   000   000000001466929   0   0000000000   A   0   0000000000   A   000000   000000   000000000000000   000000000000000   0000A0000000
 002070   13222261202   DES00017          2   001   250320   00   000000   0   000000000000000   000   000000000000000   000   000000000000000      000000000000382801   000   000000000382801   0   0000000000   A   0   0000000000   A   000000   000000   000000000000000   000000000000000   0000A0000000
 002070   13222261202   DES00045          2   001   250320   00   000000   0   000000000000000   000   000000000000000   000   000000000000000      000000000000168489   000   000000000168489   0   0000000000   A   0   0000000000   A   000000   000000   000000000000000   000000000000000   0000A0000000
 002070   13222261202   DES00054          2   001   250320   00   000000   0   000000000000000   000   000000000000000   000   000000000000000      000000000000381150   000   000000000381150   0   0000000000   A   0   0000000000   A   000000   000000   000000000000000   000000000000000   0000A0000000
 002070   13222261202   22323X1           2   002   250320   00   000000   0   000000000000000   000   000000000000000   000   000000000000000      000000000001959430   000   000000003918861   0   0000000000   A   0   0000000000   A   000000   000000   000000000000000   000000000000000   0000A0000000
 002070   13222261201   53986X1           2   001   260320   00   000000   0   000000000000000   000   000000000000000   000   000000000000000      000000000000238054   000   000000000238054   0   0000000000   A   0   0000000000   A   000000   000000   000000000000000   000000000000000   0000A0000000
 002070   13222261201   55439X1           2   002   260320   00   000000   0   000000000000000   000   000000000000000   000   000000000000000      000000000003723914   000   000000007447829   0   0000000000   A   0   0000000000   A   000000   000000   000000000000000   000000000000000   0000A0000000
 002070   13222261201   29366X1           2   003   260320   00   000000   0   000000000000000   000   000000000000000   000   000000000000000      000000000000488976   000   000000001466929   0   0000000000   A   0   0000000000   A   000000   000000   000000000000000   000000000000000   0000A0000000
 002070   13222261201   22323X1           2   002   260320   00   000000   0   000000000000000   000   000000000000000   000   000000000000000      000000000001959430   000   000000003918861   0   0000000000   A   0   0000000000   A   000000   000000   000000000000000   000000000000000   0000A0000000
 002070   13222261201   20095X1           2   006   260320   00   000000   0   000000000000000   000   000000000000000   000   000000000000000      000000000000023854   000   000000000143127   0   0000000000   A   0   0000000000   A   000000   000000   000000000000000   000000000000000   0000A0000000
 002070   13222261202   29366X1           2   003   260320   00   000000   0   000000000000000   000   000000000000000   000   000000000000000      000000000000488976   000   000000001466929   0   0000000000   A   0   0000000000   A   000000   000000   000000000000000   000000000000000   0000A0000000
 002070   13222261202   22323X1           2   002   260320   00   000000   0   000000000000000   000   000000000000000   000   000000000000000      000000000001959430   000   000000003918861   0   0000000000   A   0   0000000000   A   000000   000000   000000000000000   000000000000000   0000A0000000
 002070   13222261202   55439X1           2   003   260320   00   000000   0   000000000000000   000   000000000000000   000   000000000000000      000000000003723915   000   000000011171744   0   0000000000   A   0   0000000000   A   000000   000000   000000000000000   000000000000000   0000A0000000
 002070   13222261202   58823X1           2   003   260320   00   000000   0   000000000000000   000   000000000000000   000   000000000000000      000000000000468147   000   000000001404440   0   0000000000   A   0   0000000000   A   000000   000000   000000000000000   000000000000000   0000A0000000
 002070   13222261202   20095X1           2   006   260320   00   000000   0   000000000000000   000   000000000000000   000   000000000000000      000000000000023854   000   000000000143127   0   0000000000   A   0   0000000000   A   000000   000000   000000000000000   000000000000000   0000A0000000
 002070   61278174601   29366X1           2   001   260320   00   000000   0   000000000000000   000   000000000000000   000   000000000000000      000000000000488976   000   000000000488976   0   0000000000   A   0   0000000000   A   000000   000000   000000000000000   000000000000000   0000A0000000
 002070   61278174601   DES00017          2   001   260320   00   000000   0   000000000000000   000   000000000000000   000   000000000000000      000000000000382801   000   000000000382801   0   0000000000   A   0   0000000000   A   000000   000000   000000000000000   000000000000000   0000A0000000
 002070   61278174601   DES00040          2   001   260320   00   000000   0   000000000000000   000   000000000000000   000   000000000000000      000000000000381150   000   000000000381150   0   0000000000   A   0   0000000000   A   000000   000000   000000000000000   000000000000000   0000A0000000
 002070   61278174601   DES00045          2   001   260320   00   000000   0   000000000000000   000   000000000000000   000   000000000000000      000000000000168489   000   000000000168489   0   0000000000   A   0   0000000000   A   000000   000000   000000000000000   000000000000000   0000A0000000
 002070   61278174601   DES00054          2   001   260320   00   000000   0   000000000000000   000   000000000000000   000   000000000000000      000000000000381150   000   000000000381150   0   0000000000   A   0   0000000000   A   000000   000000   000000000000000   000000000000000   0000A0000000
 002070   61278174601   55439X1           2   001   260320   00   000000   0   000000000000000   000   000000000000000   000   000000000000000      000000000003723915   000   000000003723915   0   0000000000   A   0   0000000000   A   000000   000000   000000000000000   000000000000000   0000A0000000
 002070   61278174601   DES00055          2   001   260320   00   000000   0   000000000000000   000   000000000000000   000   000000000000000      000000000001184071   000   000000001184071   0   0000000000   A   0   0000000000   A   000000   000000   000000000000000   000000000000000   0000A0000000
 002070   61278174601   29366X1           2   001   260320   00   000000   0   000000000000000   000   000000000000000   000   000000000000000      000000000000488976   000   000000000488976   0   0000000000   A   0   0000000000   A   000000   000000   000000000000000   000000000000000   0000A0000000
 002070   61278174601   56438X1           2   001   260320   00   000000   0   000000000000000   000   000000000000000   000   000000000000000      000000000001743854   000   000000001743854   0   0000000000   A   0   0000000000   A   000000   000000   000000000000000   000000000000000   0000A0000000
 002070   61278174601   58606X1           2   001   260320   00   000000   0   000000000000000   000   000000000000000   000   000000000000000      000000000000433987   000   000000000433987   0   0000000000   A   0   0000000000   A   000000   000000   000000000000000   000000000000000   0000A0000000
 002070   61278174601   58373X1           2   001   260320   00   000000   0   000000000000000   000   000000000000000   000   000000000000000      000000000000353019   000   000000000353019   0   0000000000   A   0   0000000000   A   000000   000000   000000000000000   000000000000000   0000A0000000
 002070   13222261201   55439X1           2   002   270320   00   000000   0   000000000000000   000   000000000000000   000   000000000000000      000000000003723914   000   000000007447829   0   0000000000   A   0   0000000000   A   000000   000000   000000000000000   000000000000000   0000A0000000
 002070   13222261201   29366X1           2   003   270320   00   000000   0   000000000000000   000   000000000000000   000   000000000000000      000000000000488976   000   000000001466929   0   0000000000   A   0   0000000000   A   000000   000000   000000000000000   000000000000000   0000A0000000
 002070   13222261201   22323X1           2   002   270320   00   000000   0   000000000000000   000   000000000000000   000   000000000000000      000000000001959430   000   000000003918861   0   0000000000   A   0   0000000000   A   000000   000000   000000000000000   000000000000000   0000A0000000
 002070   13222261201   20095X1           2   006   270320   00   000000   0   000000000000000   000   000000000000000   000   000000000000000      000000000000023854   000   000000000143127   0   0000000000   A   0   0000000000   A   000000   000000   000000000000000   000000000000000   0000A0000000
 002070   13222261202   29366X1           2   003   270320   00   000000   0   000000000000000   000   000000000000000   000   000000000000000      000000000000488976   000   000000001466929   0   0000000000   A   0   0000000000   A   000000   000000   000000000000000   000000000000000   0000A0000000
 002070   13222261202   22323X1           2   002   270320   00   000000   0   000000000000000   000   000000000000000   000   000000000000000      000000000001959430   000   000000003918861   0   0000000000   A   0   0000000000   A   000000   000000   000000000000000   000000000000000   0000A0000000
 002070   13222261202   55439X1           2   003   270320   00   000000   0   000000000000000   000   000000000000000   000   000000000000000      000000000003723915   000   000000011171744   0   0000000000   A   0   0000000000   A   000000   000000   000000000000000   000000000000000   0000A0000000
 002070   13222261202   58823X1           2   003   270320   00   000000   0   000000000000000   000   000000000000000   000   000000000000000      000000000000468147   000   000000001404440   0   0000000000   A   0   0000000000   A   000000   000000   000000000000000   000000000000000   0000A0000000
 002070   13222261202   20095X1           2   006   270320   00   000000   0   000000000000000   000   000000000000000   000   000000000000000      000000000000023854   000   000000000143127   0   0000000000   A   0   0000000000   A   000000   000000   000000000000000   000000000000000   0000A0000000
 002070   13222261201   53609X1           2   001   270320   00   000000   0   000000000000000   000   000000000000000   000   000000000000000      000000000000498296   000   000000000498296   0   0000000000   A   0   0000000000   A   000000   000000   000000000000000   000000000000000   0000A0000000
 002070   13222261202   29366X1           2   001   270320   00   000000   0   000000000000000   000   000000000000000   000   000000000000000      000000000000488976   000   000000000488976   0   0000000000   A   0   0000000000   A   000000   000000   000000000000000   000000000000000   0000A0000000
 002070   13222261201   20095X1           2   002   270320   00   000000   0   000000000000000   000   000000000000000   000   000000000000000      000000000000023854   000   000000000047709   0   0000000000   A   0   0000000000   A   000000   000000   000000000000000   000000000000000   0000A0000000
 002070   13222261202   20095X1           2   002   270320   00   000000   0   000000000000000   000   000000000000000   000   000000000000000      000000000000023854   000   000000000047709   0   0000000000   A   0   0000000000   A   000000   000000   000000000000000   000000000000000   0000A0000000
 002070   13222261202   58823X1           2   001   270320   00   000000   0   000000000000000   000   000000000000000   000   000000000000000      000000000000468147   000   000000000468147   0   0000000000   A   0   0000000000   A   000000   000000   000000000000000   000000000000000   0000A0000000
 002070   13222261202   DES00040          2   001   270320   00   000000   0   000000000000000   000   000000000000000   000   000000000000000      000000000000381150   000   000000000381150   0   0000000000   A   0   0000000000   A   000000   000000   000000000000000   000000000000000   0000A0000000
 002070   13222261201   20095X1           2   002   270320   00   000000   0   000000000000000   000   000000000000000   000   000000000000000      000000000000023854   000   000000000047709   0   0000000000   A   0   0000000000   A   000000   000000   000000000000000   000000000000000   0000A0000000
 002070   13222261201   20095X1           2   002   270320   00   000000   0   000000000000000   000   000000000000000   000   000000000000000      000000000000023854   000   000000000047709   0   0000000000   A   0   0000000000   A   000000   000000   000000000000000   000000000000000   0000A0000000
 002070   13222261202   20095X1           2   002   270320   00   000000   0   000000000000000   000   000000000000000   000   000000000000000      000000000000023854   000   000000000047709   0   0000000000   A   0   0000000000   A   000000   000000   000000000000000   000000000000000   0000A0000000
 002070   13222261202   58823X1           2   001   270320   00   000000   0   000000000000000   000   000000000000000   000   000000000000000      000000000000468147   000   000000000468147   0   0000000000   A   0   0000000000   A   000000   000000   000000000000000   000000000000000   0000A0000000
 002070   13222261201   22323X1           2   001   270320   00   000000   0   000000000000000   000   000000000000000   000   000000000000000      000000000001959430   000   000000001959430   0   0000000000   A   0   0000000000   A   000000   000000   000000000000000   000000000000000   0000A0000000
 002070   13222261201   55439X1           2   001   270320   00   000000   0   000000000000000   000   000000000000000   000   000000000000000      000000000003723915   000   000000003723915   0   0000000000   A   0   0000000000   A   000000   000000   000000000000000   000000000000000   0000A0000000
 002070   13222261201   20095X1           2   002   270320   00   000000   0   000000000000000   000   000000000000000   000   000000000000000      000000000000023854   000   000000000047709   0   0000000000   A   0   0000000000   A   000000   000000   000000000000000   000000000000000   0000A0000000
 002070   13222261201   55439X1           2   001   280320   00   000000   0   000000000000000   000   000000000000000   000   000000000000000      000000000003723915   000   000000003723915   0   0000000000   A   0   0000000000   A   000000   000000   000000000000000   000000000000000   0000A0000000
 002070   13222261201   29366X1           2   001   280320   00   000000   0   000000000000000   000   000000000000000   000   000000000000000      000000000000488976   000   000000000488976   0   0000000000   A   0   0000000000   A   000000   000000   000000000000000   000000000000000   0000A0000000
 002070   13222261201   20095X1           2   003   280320   00   000000   0   000000000000000   000   000000000000000   000   000000000000000      000000000000023855   000   000000000071564   0   0000000000   A   0   0000000000   A   000000   000000   000000000000000   000000000000000   0000A0000000
 002070   13222261202   29366X1           2   001   280320   00   000000   0   000000000000000   000   000000000000000   000   000000000000000      000000000000488976   000   000000000488976   0   0000000000   A   0   0000000000   A   000000   000000   000000000000000   000000000000000   0000A0000000
 002070   13222261202   55439X1           2   002   280320   00   000000   0   000000000000000   000   000000000000000   000   000000000000000      000000000003723914   000   000000007447829   0   0000000000   A   0   0000000000   A   000000   000000   000000000000000   000000000000000   0000A0000000
 002070   13222261202   58823X1           2   001   280320   00   000000   0   000000000000000   000   000000000000000   000   000000000000000      000000000000468147   000   000000000468147   0   0000000000   A   0   0000000000   A   000000   000000   000000000000000   000000000000000   0000A0000000
 002070   13222261202   20095X1           2   002   280320   00   000000   0   000000000000000   000   000000000000000   000   000000000000000      000000000000023854   000   000000000047709   0   0000000000   A   0   0000000000   A   000000   000000   000000000000000   000000000000000   0000A0000000
 002070   13222261202   58823X1           2   001   300320   00   000000   0   000000000000000   000   000000000000000   000   000000000000000      000000000000468147   000   000000000468147   0   0000000000   A   0   0000000000   A   000000   000000   000000000000000   000000000000000   0000A0000000
 002070   13222261201   DES00055          2   001   300320   00   000000   0   000000000000000   000   000000000000000   000   000000000000000      000000000001184071   000   000000001184071   0   0000000000   A   0   0000000000   A   000000   000000   000000000000000   000000000000000   0000A0000000
 002070   61753668501   420301            2   002   270220   00   000000   0   000000001267979   000   000000000000000   000   000000000000000      000000000000000000   000   000000002535958   0   0000000000   A   0   0000000000   A   000000   000000   000000000000000   000000000000000   0000A0000000
 002070   61753668501   170101            2   001   270220   00   000000   0   000000000794314   000   000000000000000   000   000000000000000      000000000000000000   000   000000000794314   0   0000000000   A   0   0000000000   A   000000   000000   000000000000000   000000000000000   0000A0000000
 002070   61753668501   420303            2   001   280220   00   000000   0   000000001267979   000   000000000000000   000   000000000000000      000000000000000000   000   000000001267979   0   0000000000   A   0   0000000000   A   000000   000000   000000000000000   000000000000000   0000A0000000
 002070   61753668501   250181            2   004   030320   00   000000   0   000000000532135   000   000000000000000   000   000000000000000      000000000000000000   000   000000002128540   0   0000000000   A   0   0000000000   A   000000   000000   000000000000000   000000000000000   0000A0000000
 002070   61753668501   420301            2   005   040320   00   000000   0   000000001267979   000   000000000000000   000   000000000000000      000000000000000000   000   000000006339895   0   0000000000   A   0   0000000000   A   000000   000000   000000000000000   000000000000000   0000A0000000
 002070   62729428501   250181            2   028   040320   00   000000   0   000000000532135   000   000000000000000   000   000000000000000      000000000000000000   000   000000014899780   0   0000000000   A   0   0000000000   A   000000   000000   000000000000000   000000000000000   0000A0000000
 002070   61753668501   250181            2   001   050320   00   000000   0   000000000532135   000   000000000000000   000   000000000000000      000000000000000000   000   000000000532135   0   0000000000   A   0   0000000000   A   000000   000000   000000000000000   000000000000000   0000A0000000
 002070   61753668501   250181            2   003   060320   00   000000   0   000000000352135   000   000000000000000   000   000000000000000      000000000000000000   000   000000001056405   0   0000000000   A   0   0000000000   A   000000   000000   000000000000000   000000000000000   0000A0000000
 002070   62729428501   170101            2   001   060320   00   000000   0   000000000794314   000   000000000000000   000   000000000000000      000000000000000000   000   000000000794314   0   0000000000   A   0   0000000000   A   000000   000000   000000000000000   000000000000000   0000A0000000
 002070   62729428501   430760            2   006   070320   00   000000   0   000000000000000   000   000000000000000   000   000000000000000      000000000000561270   000   000000003367620   0   0000000000   A   0   0000000000   A   000000   000000   000000000000000   000000000000000   0000A0000000
 002070   62934649501   420301            2   002   080320   00   000000   0   000000001267979   000   000000000000000   000   000000000000000      000000000000000000   000   000000002535958   0   0000000000   A   0   0000000000   A   000000   000000   000000000000000   000000000000000   0000A0000000
 002070   62934649501   420303            2   001   080320   00   000000   0   000000001267979   000   000000000000000   000   000000000000000      000000000000000000   000   000000001267979   0   0000000000   A   0   0000000000   A   000000   000000   000000000000000   000000000000000   0000A0000000
 002070   62934649501   170101            2   001   080320   00   000000   0   000000000794314   000   000000000000000   000   000000000000000      000000000000000000   000   000000000794314   0   0000000000   A   0   0000000000   A   000000   000000   000000000000000   000000000000000   0000A0000000
 002070   62934649501   420303            2   001   080320   00   000000   0   000000001267979   000   000000000000000   000   000000000000000      000000000000000000   000   000000001267979   0   0000000000   A   0   0000000000   A   000000   000000   000000000000000   000000000000000   0000A0000000
 002070   62278753701   170101            2   001   090320   00   000000   0   000000000794314   000   000000000000000   000   000000000000000      000000000000000000   000   000000000794314   0   0000000000   A   0   0000000000   A   000000   000000   000000000000000   000000000000000   0000A0000000
 002070   62278753701   420303            2   001   090320   00   000000   0   000000001267979   000   000000000000000   000   000000000000000      000000000000000000   000   000000001267979   0   0000000000   A   0   0000000000   A   000000   000000   000000000000000   000000000000000   0000A0000000
 002070   62278753701   420303            2   001   090320   00   000000   0   000000001267979   000   000000000000000   000   000000000000000      000000000000000000   000   000000001267979   0   0000000000   A   0   0000000000   A   000000   000000   000000000000000   000000000000000   0000A0000000
 002070   62278753701   250181            2   001   090320   00   000000   0   000000000532135   000   000000000000000   000   000000000000000      000000000000000000   000   000000000532135   0   0000000000   A   0   0000000000   A   000000   000000   000000000000000   000000000000000   0000A0000000
 002070   62729428501   431103            2   007   130320   00   000000   0   000000000000000   000   000000000000000   000   000000000000000      000000000008730344   000   000000061112408   0   0000000000   A   0   0000000000   A   000000   000000   000000000000000   000000000000000   0000A0000000
 002070   61867603001   170101            2   001   140320   00   000000   0   000000000794314   000   000000000000000   000   000000000000000      000000000000000000   000   000000000794314   0   0000000000   A   0   0000000000   A   000000   000000   000000000000000   000000000000000   0000A0000000
 002070   61867603001   420303            2   001   140320   00   000000   0   000000001267979   000   000000000000000   000   000000000000000      000000000000000000   000   000000001267979   0   0000000000   A   0   0000000000   A   000000   000000   000000000000000   000000000000000   0000A0000000
 002070   62729428501   250181            2   003   150320   00   000000   0   000000000523135   000   000000000000000   000   000000000000000      000000000000000000   000   000000001569405   0   0000000000   A   0   0000000000   A   000000   000000   000000000000000   000000000000000   0000A0000000
 002070   13222261201   170101            2   001   230320   00   000000   0   000000000794314   000   000000000000000   000   000000000000000      000000000000000000   000   000000000794314   0   0000000000   A   0   0000000000   A   000000   000000   000000000000000   000000000000000   0000A0000000
 002070   13222261202   420303            2   001   250320   00   000000   0   000000001267979   000   000000000000000   000   000000000000000      000000000000000000   000   000000001267979   0   0000000000   A   0   0000000000   A   000000   000000   000000000000000   000000000000000   0000A0000000
 002070   61278174601   170101            2   001   260320   00   000000   0   000000000794314   000   000000000000000   000   000000000000000      000000000000000000   000   000000000794314   0   0000000000   A   0   0000000000   A   000000   000000   000000000000000   000000000000000   0000A0000000
 002070   61278174601   420303            2   001   260320   00   000000   0   000000001267979   000   000000000000000   000   000000000000000      000000000000000000   000   000000001267979   0   0000000000   A   0   0000000000   A   000000   000000   000000000000000   000000000000000   0000A0000000
