 002070   15204311402   430185            2   001   050520   00   000000   0   000000000000000   000   000000000000000   000   000000000000000      000000000008190383   000   000000008190383   0   0000000000   A   0   0000000000   A   000000   000000   000000000000000   000000000000000   0000A0000000
 002070   63166956501   430171            2   002   080520   00   000000   0   000000000000000   000   000000000000000   000   000000000000000      000000000023256235   000   000000046512470   0   0000000000   A   0   0000000000   A   000000   000000   000000000000000   000000000000000   0000A0000000
 002070   62969454001   430171            2   003   110520   00   000000   0   000000000000000   000   000000000000000   000   000000000000000      000000000023256235   000   000000069768705   0   0000000000   A   0   0000000000   A   000000   000000   000000000000000   000000000000000   0000A0000000
 002070   63037288701   400101            2   008   180520   00   000000   0   000000000000000   000   000000000000000   000   000000000000000      000000000038465304   000   000000307722432   0   0000000000   A   0   0000000000   A   000000   000000   000000000000000   000000000000000   0000A0000000
 002070   63161525202   430185            2   001   210520   00   000000   0   000000000000000   000   000000000000000   000   000000000000000      000000000008190383   000   000000008190383   0   0000000000   A   0   0000000000   A   000000   000000   000000000000000   000000000000000   0000A0000000
 002070   63101392901   430185            2   001   220520   00   000000   0   000000000000000   000   000000000000000   000   000000000000000      000000000008190383   000   000000008190383   0   0000000000   A   0   0000000000   A   000000   000000   000000000000000   000000000000000   0000A0000000
 002070   15204145601   430171            2   001   230520   00   000000   0   000000000000000   000   000000000000000   000   000000000000000      000000000023256235   000   000000023256235   0   0000000000   A   0   0000000000   A   000000   000000   000000000000000   000000000000000   0000A0000000
 002070   61014909002   430185            2   001   250520   00   000000   0   000000000000000   000   000000000000000   000   000000000000000      000000000008190383   000   000000008190383   0   0000000000   A   0   0000000000   A   000000   000000   000000000000000   000000000000000   0000A0000000
 002070   61426631802   430171            2   002   260520   00   000000   0   000000000000000   000   000000000000000   000   000000000000000      000000000023256235   000   000000046512470   0   0000000000   A   0   0000000000   A   000000   000000   000000000000000   000000000000000   0000A0000000
 002070   63037288701   430171            2   005   260520   00   000000   0   000000000000000   000   000000000000000   000   000000000000000      000000000023256235   000   000000116281175   0   0000000000   A   0   0000000000   A   000000   000000   000000000000000   000000000000000   0000A0000000
 002070   15202625201   430171            2   002   260520   00   000000   0   000000000000000   000   000000000000000   000   000000000000000      000000000023256235   000   000000046512470   0   0000000000   A   0   0000000000   A   000000   000000   000000000000000   000000000000000   0000A0000000
 002070   61853435001   430185            2   001   290520   00   000000   0   000000000000000   000   000000000000000   000   000000000000000      000000000008190383   000   000000008190383   0   0000000000   A   0   0000000000   A   000000   000000   000000000000000   000000000000000   0000A0000000
 002070   61426631802   430171            2   001   300520   00   000000   0   000000000000000   000   000000000000000   000   000000000000000      000000000023256235   000   000000023256235   0   0000000000   A   0   0000000000   A   000000   000000   000000000000000   000000000000000   0000A0000000
 002070   62708090002   431101            2   001   050520   00   000000   0   000000000000000   000   000000000000000   000   000000000000000      000000000001179421   000   000000001179421   0   0000000000   A   0   0000000000   A   000000   000000   000000000000000   000000000000000   0000A0000000
 002070   62708090002   080524            2   001   050520   00   000000   0   000000000000000   000   000000000000000   000   000000000000000      000000000040267052   000   000000040267052   0   0000000000   A   0   0000000000   A   000000   000000   000000000000000   000000000000000   0000A0000000
 002070   63166956501   080709            2   001   090520   00   000000   0   000000000000000   000   000000000000000   000   000000000000000      000000000050802473   000   000000050802473   0   0000000000   A   0   0000000000   A   000000   000000   000000000000000   000000000000000   0000A0000000
 002070   63166956501   431101            2   001   090520   00   000000   0   000000000000000   000   000000000000000   000   000000000000000      000000000001179421   000   000000001179421   0   0000000000   A   0   0000000000   A   000000   000000   000000000000000   000000000000000   0000A0000000
 002070   15204145601   100118            2   001   230520   00   000000   0   000000000000000   000   000000000000000   000   000000000000000      000000000044189342   000   000000044189342   0   0000000000   A   0   0000000000   A   000000   000000   000000000000000   000000000000000   0000A0000000
 002070   15202625201   121402            2   001   260520   00   000000   0   000000000000000   000   000000000000000   000   000000000000000      000000000020058541   000   000000020058541   0   0000000000   A   0   0000000000   A   000000   000000   000000000000000   000000000000000   0000A0000000
 002070   61426631802   080201            2   001   260520   00   000000   0   000000000000000   000   000000000000000   000   000000000000000      000000000042741564   000   000000042741564   0   0000000000   A   0   0000000000   A   000000   000000   000000000000000   000000000000000   0000A0000000
 002070   61426631802   080203            2   001   260520   00   000000   0   000000000000000   000   000000000000000   000   000000000000000      000000000041241860   000   000000012372558   0   0000000000   A   0   0000000000   A   000000   000000   000000000000000   000000000000000   0000A0000000
 002070   61426631802   431101            2   001   260520   00   000000   0   000000000000000   000   000000000000000   000   000000000000000      000000000001179421   000   000000001179421   0   0000000000   A   0   0000000000   A   000000   000000   000000000000000   000000000000000   0000A0000000
 002070   61426631802   080203            2   001   260520   00   000000   0   000000000000000   000   000000000000000   000   000000000000000      000000000041241860   000   000000012372558   0   0000000000   A   0   0000000000   A   000000   000000   000000000000000   000000000000000   0000A0000000
 002070   63037288701   080709            2   001   290520   00   000000   0   000000000000000   000   000000000000000   000   000000000000000      000000000050802473   000   000000050802473   0   0000000000   A   0   0000000000   A   000000   000000   000000000000000   000000000000000   0000A0000000
 002070   63037288701   080709            2   001   290520   00   000000   0   000000032692383   000   000000000000000   000   000000000000000      000000000000000000   000   000000032692383   0   0000000000   A   0   0000000000   A   000000   000000   000000000000000   000000000000000   0000A0000000
 002070   63037288701   080709            2   001   290520   00   000000   0   000000000000000   000   000000006503324   000   000000000000000      000000000000000000   000   000000006503324   0   0000000000   A   0   0000000000   A   000000   000000   000000000000000   000000000000000   0000A0000000
 002070   62708090002   15010X1           2   001   050520   00   000000   0   000000000000000   000   000000000000000   000   000000000000000      000000000001731600   000   000000001731600   0   0000000000   A   0   0000000000   A   000000   000000   000000000000000   000000000000000   0000A0000000
 002070   62708090002   18163X1           2   001   050520   00   000000   0   000000000000000   000   000000000000000   000   000000000000000      000000000001488600   000   000000001488600   0   0000000000   A   0   0000000000   A   000000   000000   000000000000000   000000000000000   0000A0000000
 002070   62708090002   52001X1           2   001   050520   00   000000   0   000000000000000   000   000000000000000   000   000000000000000      000000000003292363   000   000000003292363   0   0000000000   A   0   0000000000   A   000000   000000   000000000000000   000000000000000   0000A0000000
 002070   62708090002   14916X1           2   015   050520   00   000000   0   000000000000000   000   000000000000000   000   000000000000000      000000000000183860   000   000000002757902   0   0000000000   A   0   0000000000   A   000000   000000   000000000000000   000000000000000   0000A0000000
 002070   62708090002   55439X1           2   002   050520   00   000000   0   000000000000000   000   000000000000000   000   000000000000000      000000000003723914   000   000000007447829   0   0000000000   A   0   0000000000   A   000000   000000   000000000000000   000000000000000   0000A0000000
 002070   62708090002   32583X1           2   001   050520   00   000000   0   000000000000000   000   000000000000000   000   000000000000000      000000000000747275   000   000000000747275   0   0000000000   A   0   0000000000   A   000000   000000   000000000000000   000000000000000   0000A0000000
 002070   62708090002   60196X1           2   001   050520   00   000000   0   000000000000000   000   000000000000000   000   000000000000000      000000000001740058   000   000000001740058   0   0000000000   A   0   0000000000   A   000000   000000   000000000000000   000000000000000   0000A0000000
 002070   62708090002   58689X1           2   001   050520   00   000000   0   000000000000000   000   000000000000000   000   000000000000000      000000000003643706   000   000000003643706   0   0000000000   A   0   0000000000   A   000000   000000   000000000000000   000000000000000   0000A0000000
 002070   62708090002   34031X1           2   001   050520   00   000000   0   000000000000000   000   000000000000000   000   000000000000000      000000000001182738   000   000000001182738   0   0000000000   A   0   0000000000   A   000000   000000   000000000000000   000000000000000   0000A0000000
 002070   62708090002   58606X1           2   001   050520   00   000000   0   000000000000000   000   000000000000000   000   000000000000000      000000000000460026   000   000000000460026   0   0000000000   A   0   0000000000   A   000000   000000   000000000000000   000000000000000   0000A0000000
 002070   62708090002   58373X1           2   001   050520   00   000000   0   000000000000000   000   000000000000000   000   000000000000000      000000000000367140   000   000000000367140   0   0000000000   A   0   0000000000   A   000000   000000   000000000000000   000000000000000   0000A0000000
 002070   62708090002   DES00026          2   005   050520   00   000000   0   000000000000000   000   000000000000000   000   000000000000000      000000000000047855   000   000000000239274   0   0000000000   A   0   0000000000   A   000000   000000   000000000000000   000000000000000   0000A0000000
 002070   62708090002   DES00052          2   001   050520   00   000000   0   000000000000000   000   000000000000000   000   000000000000000      000000000003420873   000   000000003420873   0   0000000000   A   0   0000000000   A   000000   000000   000000000000000   000000000000000   0000A0000000
 002070   63166956501   DES00038          2   001   090520   00   000000   0   000000000000000   000   000000000000000   000   000000000000000      000000000010300500   000   000000010300500   0   0000000000   A   0   0000000000   A   000000   000000   000000000000000   000000000000000   0000A0000000
 002070   63166956501   20172X1           2   001   090520   00   000000   0   000000000000000   000   000000000000000   000   000000000000000      000000000003354894   000   000000003354894   0   0000000000   A   0   0000000000   A   000000   000000   000000000000000   000000000000000   0000A0000000
 002070   63166956501   15010X1           2   001   090520   00   000000   0   000000000000000   000   000000000000000   000   000000000000000      000000000001731600   000   000000001731600   0   0000000000   A   0   0000000000   A   000000   000000   000000000000000   000000000000000   0000A0000000
 002070   63166956501   52001X1           2   001   090520   00   000000   0   000000000000000   000   000000000000000   000   000000000000000      000000000003292363   000   000000003292363   0   0000000000   A   0   0000000000   A   000000   000000   000000000000000   000000000000000   0000A0000000
 002070   63166956501   14916X1           2   030   090520   00   000000   0   000000000000000   000   000000000000000   000   000000000000000      000000000000183860   000   000000005515803   0   0000000000   A   0   0000000000   A   000000   000000   000000000000000   000000000000000   0000A0000000
 002070   63166956501   55439X1           2   003   090520   00   000000   0   000000000000000   000   000000000000000   000   000000000000000      000000000003723915   000   000000011171744   0   0000000000   A   0   0000000000   A   000000   000000   000000000000000   000000000000000   0000A0000000
 002070   63166956501   19428X1           2   001   090520   00   000000   0   000000000000000   000   000000000000000   000   000000000000000      000000000000445209   000   000000000445209   0   0000000000   A   0   0000000000   A   000000   000000   000000000000000   000000000000000   0000A0000000
 002070   63166956501   58689X1           2   001   090520   00   000000   0   000000000000000   000   000000000000000   000   000000000000000      000000000003643706   000   000000003643706   0   0000000000   A   0   0000000000   A   000000   000000   000000000000000   000000000000000   0000A0000000
 002070   63166956501   34031X1           2   001   090520   00   000000   0   000000000000000   000   000000000000000   000   000000000000000      000000000001182738   000   000000001182738   0   0000000000   A   0   0000000000   A   000000   000000   000000000000000   000000000000000   0000A0000000
 002070   63166956501   58606X1           2   002   090520   00   000000   0   000000000000000   000   000000000000000   000   000000000000000      000000000000460026   000   000000000920052   0   0000000000   A   0   0000000000   A   000000   000000   000000000000000   000000000000000   0000A0000000
 002070   63166956501   58373X1           2   001   090520   00   000000   0   000000000000000   000   000000000000000   000   000000000000000      000000000000367140   000   000000000367140   0   0000000000   A   0   0000000000   A   000000   000000   000000000000000   000000000000000   0000A0000000
 002070   63166956501   18910X1           2   003   090520   00   000000   0   000000000000000   000   000000000000000   000   000000000000000      000000000001762749   000   000000005288247   0   0000000000   A   0   0000000000   A   000000   000000   000000000000000   000000000000000   0000A0000000
 002070   63166956501   DES00026          2   005   090520   00   000000   0   000000000000000   000   000000000000000   000   000000000000000      000000000000047855   000   000000000239274   0   0000000000   A   0   0000000000   A   000000   000000   000000000000000   000000000000000   0000A0000000
 002070   63166956501   DES00247          2   001   090520   00   000000   0   000000000000000   000   000000000000000   000   000000000000000      000000000002472750   000   000000002472750   0   0000000000   A   0   0000000000   A   000000   000000   000000000000000   000000000000000   0000A0000000
 002070   63166956501   DES00052          2   001   090520   00   000000   0   000000000000000   000   000000000000000   000   000000000000000      000000000003420873   000   000000003420873   0   0000000000   A   0   0000000000   A   000000   000000   000000000000000   000000000000000   0000A0000000
 002070   15204145601   22323X1           2   001   230520   00   000000   0   000000000000000   000   000000000000000   000   000000000000000      000000000002018213   000   000000002018213   0   0000000000   A   0   0000000000   A   000000   000000   000000000000000   000000000000000   0000A0000000
 002070   15204145601   18168X1           2   002   230520   00   000000   0   000000000000000   000   000000000000000   000   000000000000000      000000000000897300   000   000000001794600   0   0000000000   A   0   0000000000   A   000000   000000   000000000000000   000000000000000   0000A0000000
 002070   15204145601   55443X1           2   001   230520   00   000000   0   000000000000000   000   000000000000000   000   000000000000000      000000000004765203   000   000000004765203   0   0000000000   A   0   0000000000   A   000000   000000   000000000000000   000000000000000   0000A0000000
 002070   15204145601   56870X1           2   002   230520   00   000000   0   000000000000000   000   000000000000000   000   000000000000000      000000000003767335   000   000000007534670   0   0000000000   A   0   0000000000   A   000000   000000   000000000000000   000000000000000   0000A0000000
 002070   15204145601   53175X1           2   003   230520   00   000000   0   000000000000000   000   000000000000000   000   000000000000000      000000000003723915   000   000000011171744   0   0000000000   A   0   0000000000   A   000000   000000   000000000000000   000000000000000   0000A0000000
 002070   15204145601   4066X1            2   002   230520   00   000000   0   000000000000000   000   000000000000000   000   000000000000000      000000000009035672   000   000000018071345   0   0000000000   A   0   0000000000   A   000000   000000   000000000000000   000000000000000   0000A0000000
 002070   15204145601   55443X1           2   001   230520   00   000000   0   000000000000000   000   000000000000000   000   000000000000000      000000000004765203   000   000000004765203   0   0000000000   A   0   0000000000   A   000000   000000   000000000000000   000000000000000   0000A0000000
 002070   15204145601   57916X1           2   001   230520   00   000000   0   000000000000000   000   000000000000000   000   000000000000000      000000000003657600   000   000000003657600   0   0000000000   A   0   0000000000   A   000000   000000   000000000000000   000000000000000   0000A0000000
 002070   15204145601   60196X1           2   001   230520   00   000000   0   000000000000000   000   000000000000000   000   000000000000000      000000000001740058   000   000000001740058   0   0000000000   A   0   0000000000   A   000000   000000   000000000000000   000000000000000   0000A0000000
 002070   15204145601   34031X1           2   001   230520   00   000000   0   000000000000000   000   000000000000000   000   000000000000000      000000000001182738   000   000000001182738   0   0000000000   A   0   0000000000   A   000000   000000   000000000000000   000000000000000   0000A0000000
 002070   15204145601   58606X1           2   002   230520   00   000000   0   000000000000000   000   000000000000000   000   000000000000000      000000000000460026   000   000000000920052   0   0000000000   A   0   0000000000   A   000000   000000   000000000000000   000000000000000   0000A0000000
 002070   15204145601   58373X1           2   001   230520   00   000000   0   000000000000000   000   000000000000000   000   000000000000000      000000000000367140   000   000000000367140   0   0000000000   A   0   0000000000   A   000000   000000   000000000000000   000000000000000   0000A0000000
 002070   15204145601   DES00247          2   001   230520   00   000000   0   000000000000000   000   000000000000000   000   000000000000000      000000000002472750   000   000000002472750   0   0000000000   A   0   0000000000   A   000000   000000   000000000000000   000000000000000   0000A0000000
 002070   61426631802   DES00140          2   003   260520   00   000000   0   000000000000000   000   000000000000000   000   000000000000000      000000000005040000   000   000000015120000   0   0000000000   A   0   0000000000   A   000000   000000   000000000000000   000000000000000   0000A0000000
 002070   61426631802   DES00185          2   002   260520   00   000000   0   000000000000000   000   000000000000000   000   000000000000000      000000000011907000   000   000000023814000   0   0000000000   A   0   0000000000   A   000000   000000   000000000000000   000000000000000   0000A0000000
 002070   61426631802   DES00200          2   002   260520   00   000000   0   000000000000000   000   000000000000000   000   000000000000000      000000000012631517   000   000000025263034   0   0000000000   A   0   0000000000   A   000000   000000   000000000000000   000000000000000   0000A0000000
 002070   61426631802   57998X1           2   001   260520   00   000000   0   000000000000000   000   000000000000000   000   000000000000000      000000000000683196   000   000000000683196   0   0000000000   A   0   0000000000   A   000000   000000   000000000000000   000000000000000   0000A0000000
 002070   61426631802   20172X1           2   002   260520   00   000000   0   000000000000000   000   000000000000000   000   000000000000000      000000000003354894   000   000000006709788   0   0000000000   A   0   0000000000   A   000000   000000   000000000000000   000000000000000   0000A0000000
 002070   61426631802   15670X1           2   001   260520   00   000000   0   000000000000000   000   000000000000000   000   000000000000000      000000000002372613   000   000000002372613   0   0000000000   A   0   0000000000   A   000000   000000   000000000000000   000000000000000   0000A0000000
 002070   61426631802   52001X1           2   001   260520   00   000000   0   000000000000000   000   000000000000000   000   000000000000000      000000000003292363   000   000000003292363   0   0000000000   A   0   0000000000   A   000000   000000   000000000000000   000000000000000   0000A0000000
 002070   61426631802   14916X1           2   090   260520   00   000000   0   000000000000000   000   000000000000000   000   000000000000000      000000000000183860   000   000000016547409   0   0000000000   A   0   0000000000   A   000000   000000   000000000000000   000000000000000   0000A0000000
 002070   61426631802   53179X1           2   001   260520   00   000000   0   000000000000000   000   000000000000000   000   000000000000000      000000000004394405   000   000000004394405   0   0000000000   A   0   0000000000   A   000000   000000   000000000000000   000000000000000   0000A0000000
 002070   61426631802   53175X1           2   006   260520   00   000000   0   000000000000000   000   000000000000000   000   000000000000000      000000000003723915   000   000000022343488   0   0000000000   A   0   0000000000   A   000000   000000   000000000000000   000000000000000   0000A0000000
 002070   61426631802   49941X1           2   002   260520   00   000000   0   000000000000000   000   000000000000000   000   000000000000000      000000000001984704   000   000000003969407   0   0000000000   A   0   0000000000   A   000000   000000   000000000000000   000000000000000   0000A0000000
 002070   61426631802   59162X1           2   001   260520   00   000000   0   000000000000000   000   000000000000000   000   000000000000000      000000000001369045   000   000000001369045   0   0000000000   A   0   0000000000   A   000000   000000   000000000000000   000000000000000   0000A0000000
 002070   61426631802   51241X1           2   001   260520   00   000000   0   000000000000000   000   000000000000000   000   000000000000000      000000000004796374   000   000000004796374   0   0000000000   A   0   0000000000   A   000000   000000   000000000000000   000000000000000   0000A0000000
 002070   61426631802   29777X1           2   001   260520   00   000000   0   000000000000000   000   000000000000000   000   000000000000000      000000000000516600   000   000000000516600   0   0000000000   A   0   0000000000   A   000000   000000   000000000000000   000000000000000   0000A0000000
 002070   61426631802   60196X1           2   001   260520   00   000000   0   000000000000000   000   000000000000000   000   000000000000000      000000000001740058   000   000000001740058   0   0000000000   A   0   0000000000   A   000000   000000   000000000000000   000000000000000   0000A0000000
 002070   61426631802   58689X1           2   001   260520   00   000000   0   000000000000000   000   000000000000000   000   000000000000000      000000000003643706   000   000000003643706   0   0000000000   A   0   0000000000   A   000000   000000   000000000000000   000000000000000   0000A0000000
 002070   61426631802   45332X1           2   001   260520   00   000000   0   000000000000000   000   000000000000000   000   000000000000000      000000000001638848   000   000000001638848   0   0000000000   A   0   0000000000   A   000000   000000   000000000000000   000000000000000   0000A0000000
 002070   61426631802   34031X1           2   001   260520   00   000000   0   000000000000000   000   000000000000000   000   000000000000000      000000000001182738   000   000000001182738   0   0000000000   A   0   0000000000   A   000000   000000   000000000000000   000000000000000   0000A0000000
 002070   61426631802   58606X1           2   002   260520   00   000000   0   000000000000000   000   000000000000000   000   000000000000000      000000000000460026   000   000000000920052   0   0000000000   A   0   0000000000   A   000000   000000   000000000000000   000000000000000   0000A0000000
 002070   61426631802   49924X1           2   001   260520   00   000000   0   000000000000000   000   000000000000000   000   000000000000000      000000000001412419   000   000000001412419   0   0000000000   A   0   0000000000   A   000000   000000   000000000000000   000000000000000   0000A0000000
 002070   61426631802   DES00026          2   005   260520   00   000000   0   000000000000000   000   000000000000000   000   000000000000000      000000000000047855   000   000000000239274   0   0000000000   A   0   0000000000   A   000000   000000   000000000000000   000000000000000   0000A0000000
 002070   61426631802   DES00247          2   001   260520   00   000000   0   000000000000000   000   000000000000000   000   000000000000000      000000000002472750   000   000000002472750   0   0000000000   A   0   0000000000   A   000000   000000   000000000000000   000000000000000   0000A0000000
 002070   61426631802   DES00045          2   001   260520   00   000000   0   000000000000000   000   000000000000000   000   000000000000000      000000000000168489   000   000000000168489   0   0000000000   A   0   0000000000   A   000000   000000   000000000000000   000000000000000   0000A0000000
 002070   61426631802   DES00052          2   001   260520   00   000000   0   000000000000000   000   000000000000000   000   000000000000000      000000000003420873   000   000000003420873   0   0000000000   A   0   0000000000   A   000000   000000   000000000000000   000000000000000   0000A0000000
 002070   15202625201   56438X1           2   001   260520   00   000000   0   000000000000000   000   000000000000000   000   000000000000000      000000000001743854   000   000000001743854   0   0000000000   A   0   0000000000   A   000000   000000   000000000000000   000000000000000   0000A0000000
 002070   15202625201   53175X1           2   003   260520   00   000000   0   000000000000000   000   000000000000000   000   000000000000000      000000000003723915   000   000000011171744   0   0000000000   A   0   0000000000   A   000000   000000   000000000000000   000000000000000   0000A0000000
 002070   15202625201   57916X1           2   001   260520   00   000000   0   000000000000000   000   000000000000000   000   000000000000000      000000000003657600   000   000000003657600   0   0000000000   A   0   0000000000   A   000000   000000   000000000000000   000000000000000   0000A0000000
 002070   15202625201   60196X1           2   001   260520   00   000000   0   000000000000000   000   000000000000000   000   000000000000000      000000000001740058   000   000000001740058   0   0000000000   A   0   0000000000   A   000000   000000   000000000000000   000000000000000   0000A0000000
 002070   15202625201   31837X1           2   001   260520   00   000000   0   000000000000000   000   000000000000000   000   000000000000000      000000000001245714   000   000000001245714   0   0000000000   A   0   0000000000   A   000000   000000   000000000000000   000000000000000   0000A0000000
 002070   15202625201   34031X1           2   001   260520   00   000000   0   000000000000000   000   000000000000000   000   000000000000000      000000000001182738   000   000000001182738   0   0000000000   A   0   0000000000   A   000000   000000   000000000000000   000000000000000   0000A0000000
 002070   15202625201   58606X1           2   001   260520   00   000000   0   000000000000000   000   000000000000000   000   000000000000000      000000000000460026   000   000000000460026   0   0000000000   A   0   0000000000   A   000000   000000   000000000000000   000000000000000   0000A0000000
 002070   15202625201   58373X1           2   001   260520   00   000000   0   000000000000000   000   000000000000000   000   000000000000000      000000000000367140   000   000000000367140   0   0000000000   A   0   0000000000   A   000000   000000   000000000000000   000000000000000   0000A0000000
 002070   15202625201   49924X1           2   001   260520   00   000000   0   000000000000000   000   000000000000000   000   000000000000000      000000000001412419   000   000000001412419   0   0000000000   A   0   0000000000   A   000000   000000   000000000000000   000000000000000   0000A0000000
 002070   15202625201   DES00052          2   001   260520   00   000000   0   000000000000000   000   000000000000000   000   000000000000000      000000000003420873   000   000000003420873   0   0000000000   A   0   0000000000   A   000000   000000   000000000000000   000000000000000   0000A0000000
 002070   63037288701   DES00038          2   001   290520   00   000000   0   000000000000000   000   000000000000000   000   000000000000000      000000000010300500   000   000000010300500   0   0000000000   A   0   0000000000   A   000000   000000   000000000000000   000000000000000   0000A0000000
 002070   63037288701   20172X1           2   001   290520   00   000000   0   000000000000000   000   000000000000000   000   000000000000000      000000000003354894   000   000000003354894   0   0000000000   A   0   0000000000   A   000000   000000   000000000000000   000000000000000   0000A0000000
 002070   63037288701   15010X1           2   001   290520   00   000000   0   000000000000000   000   000000000000000   000   000000000000000      000000000001731600   000   000000001731600   0   0000000000   A   0   0000000000   A   000000   000000   000000000000000   000000000000000   0000A0000000
 002070   63037288701   53175X1           2   004   290520   00   000000   0   000000000000000   000   000000000000000   000   000000000000000      000000000003723915   000   000000014895659   0   0000000000   A   0   0000000000   A   000000   000000   000000000000000   000000000000000   0000A0000000
 002070   63037288701   50933X1           2   030   290520   00   000000   0   000000000000000   000   000000000000000   000   000000000000000      000000000000183860   000   000000005515803   0   0000000000   A   0   0000000000   A   000000   000000   000000000000000   000000000000000   0000A0000000
 002070   63037288701   19428X1           2   002   290520   00   000000   0   000000000000000   000   000000000000000   000   000000000000000      000000000000445210   000   000000000890419   0   0000000000   A   0   0000000000   A   000000   000000   000000000000000   000000000000000   0000A0000000
 002070   63037288701   60196X1           2   001   290520   00   000000   0   000000000000000   000   000000000000000   000   000000000000000      000000000001740058   000   000000001740058   0   0000000000   A   0   0000000000   A   000000   000000   000000000000000   000000000000000   0000A0000000
 002070   63037288701   58689X1           2   001   290520   00   000000   0   000000000000000   000   000000000000000   000   000000000000000      000000000003643706   000   000000003643706   0   0000000000   A   0   0000000000   A   000000   000000   000000000000000   000000000000000   0000A0000000
 002070   63037288701   45332X1           2   001   290520   00   000000   0   000000000000000   000   000000000000000   000   000000000000000      000000000001638848   000   000000001638848   0   0000000000   A   0   0000000000   A   000000   000000   000000000000000   000000000000000   0000A0000000
 002070   63037288701   34031X1           2   001   290520   00   000000   0   000000000000000   000   000000000000000   000   000000000000000      000000000001182738   000   000000001182738   0   0000000000   A   0   0000000000   A   000000   000000   000000000000000   000000000000000   0000A0000000
 002070   63037288701   58606X1           2   002   290520   00   000000   0   000000000000000   000   000000000000000   000   000000000000000      000000000000460026   000   000000000920052   0   0000000000   A   0   0000000000   A   000000   000000   000000000000000   000000000000000   0000A0000000
 002070   63037288701   58373X1           2   001   290520   00   000000   0   000000000000000   000   000000000000000   000   000000000000000      000000000000367140   000   000000000367140   0   0000000000   A   0   0000000000   A   000000   000000   000000000000000   000000000000000   0000A0000000
 002070   63037288701   24104X1           2   001   290520   00   000000   0   000000000000000   000   000000000000000   000   000000000000000      000000000003439170   000   000000003439170   0   0000000000   A   0   0000000000   A   000000   000000   000000000000000   000000000000000   0000A0000000
 002070   63037288701   49924X1           2   002   290520   00   000000   0   000000000000000   000   000000000000000   000   000000000000000      000000000001412418   000   000000002824837   0   0000000000   A   0   0000000000   A   000000   000000   000000000000000   000000000000000   0000A0000000
 002070   63037288701   18910X1           2   004   290520   00   000000   0   000000000000000   000   000000000000000   000   000000000000000      000000000001762749   000   000000007050996   0   0000000000   A   0   0000000000   A   000000   000000   000000000000000   000000000000000   0000A0000000
 002070   63037288701   DES00026          2   005   290520   00   000000   0   000000000000000   000   000000000000000   000   000000000000000      000000000000047855   000   000000000239274   0   0000000000   A   0   0000000000   A   000000   000000   000000000000000   000000000000000   0000A0000000
 002070   63037288701   DES00052          2   001   290520   00   000000   0   000000000000000   000   000000000000000   000   000000000000000      000000000003420873   000   000000003420873   0   0000000000   A   0   0000000000   A   000000   000000   000000000000000   000000000000000   0000A0000000
 002070   63166956501   29366X1           2   001   080520   00   000000   0   000000000000000   000   000000000000000   000   000000000000000      000000000000498756   000   000000000498756   0   0000000000   A   0   0000000000   A   000000   000000   000000000000000   000000000000000   0000A0000000
 002070   63166956501   DES00017          2   001   080520   00   000000   0   000000000000000   000   000000000000000   000   000000000000000      000000000000382801   000   000000000382801   0   0000000000   A   0   0000000000   A   000000   000000   000000000000000   000000000000000   0000A0000000
 002070   63166956501   58606X1           2   001   080520   00   000000   0   000000000000000   000   000000000000000   000   000000000000000      000000000000460026   000   000000000460026   0   0000000000   A   0   0000000000   A   000000   000000   000000000000000   000000000000000   0000A0000000
 002070   63166956501   DES00045          2   001   080520   00   000000   0   000000000000000   000   000000000000000   000   000000000000000      000000000000168489   000   000000000168489   0   0000000000   A   0   0000000000   A   000000   000000   000000000000000   000000000000000   0000A0000000
 002070   63166956501   DES00054          2   001   080520   00   000000   0   000000000000000   000   000000000000000   000   000000000000000      000000000000381150   000   000000000381150   0   0000000000   A   0   0000000000   A   000000   000000   000000000000000   000000000000000   0000A0000000
 002070   63166956501   55439X1           2   001   080520   00   000000   0   000000000000000   000   000000000000000   000   000000000000000      000000000003723915   000   000000003723915   0   0000000000   A   0   0000000000   A   000000   000000   000000000000000   000000000000000   0000A0000000
 002070   63166956501   DES00247          2   001   080520   00   000000   0   000000000000000   000   000000000000000   000   000000000000000      000000000002472750   000   000000002472750   0   0000000000   A   0   0000000000   A   000000   000000   000000000000000   000000000000000   0000A0000000
 002070   63166956501   55439X1           2   006   090520   00   000000   0   000000000000000   000   000000000000000   000   000000000000000      000000000003723915   000   000000022343488   0   0000000000   A   0   0000000000   A   000000   000000   000000000000000   000000000000000   0000A0000000
 002070   63166956501   29366X1           2   004   090520   00   000000   0   000000000000000   000   000000000000000   000   000000000000000      000000000000498756   000   000000001995023   0   0000000000   A   0   0000000000   A   000000   000000   000000000000000   000000000000000   0000A0000000
 002070   63166956501   58606X1           2   004   090520   00   000000   0   000000000000000   000   000000000000000   000   000000000000000      000000000000460026   000   000000001840104   0   0000000000   A   0   0000000000   A   000000   000000   000000000000000   000000000000000   0000A0000000
 002070   63166956501   56438X1           2   006   090520   00   000000   0   000000000000000   000   000000000000000   000   000000000000000      000000000001743854   000   000000010463126   0   0000000000   A   0   0000000000   A   000000   000000   000000000000000   000000000000000   0000A0000000
 002070   63166956501   55439X1           2   001   090520   00   000000   0   000000000000000   000   000000000000000   000   000000000000000      000000000003723915   000   000000003723915   0   0000000000   A   0   0000000000   A   000000   000000   000000000000000   000000000000000   0000A0000000
 002070   63166956501   55442X1           2   002   090520   00   000000   0   000000000000000   000   000000000000000   000   000000000000000      000000000004394405   000   000000008788810   0   0000000000   A   0   0000000000   A   000000   000000   000000000000000   000000000000000   0000A0000000
 002070   63166956501   49924X1           2   002   090520   00   000000   0   000000000000000   000   000000000000000   000   000000000000000      000000000001412418   000   000000002824837   0   0000000000   A   0   0000000000   A   000000   000000   000000000000000   000000000000000   0000A0000000
 002070   63166956501   DES00045          2   001   090520   00   000000   0   000000000000000   000   000000000000000   000   000000000000000      000000000000168489   000   000000000168489   0   0000000000   A   0   0000000000   A   000000   000000   000000000000000   000000000000000   0000A0000000
 002070   63166956501   DES00055          2   001   090520   00   000000   0   000000000000000   000   000000000000000   000   000000000000000      000000000001184071   000   000000001184071   0   0000000000   A   0   0000000000   A   000000   000000   000000000000000   000000000000000   0000A0000000
 002070   63166956501   DES00247          2   001   090520   00   000000   0   000000000000000   000   000000000000000   000   000000000000000      000000000002472750   000   000000002472750   0   0000000000   A   0   0000000000   A   000000   000000   000000000000000   000000000000000   0000A0000000
 002070   63166956501   DES00055          2   001   090520   00   000000   0   000000000000000   000   000000000000000   000   000000000000000      000000000001184071   000   000000001184071   0   0000000000   A   0   0000000000   A   000000   000000   000000000000000   000000000000000   0000A0000000
 002070   62969454001   29366X1           2   001   110520   00   000000   0   000000000000000   000   000000000000000   000   000000000000000      000000000000498756   000   000000000498756   0   0000000000   A   0   0000000000   A   000000   000000   000000000000000   000000000000000   0000A0000000
 002070   62969454001   DES00017          2   001   110520   00   000000   0   000000000000000   000   000000000000000   000   000000000000000      000000000000382801   000   000000000382801   0   0000000000   A   0   0000000000   A   000000   000000   000000000000000   000000000000000   0000A0000000
 002070   62969454001   58606X1           2   001   110520   00   000000   0   000000000000000   000   000000000000000   000   000000000000000      000000000000460026   000   000000000460026   0   0000000000   A   0   0000000000   A   000000   000000   000000000000000   000000000000000   0000A0000000
 002070   62969454001   DES00045          2   001   110520   00   000000   0   000000000000000   000   000000000000000   000   000000000000000      000000000000168489   000   000000000168489   0   0000000000   A   0   0000000000   A   000000   000000   000000000000000   000000000000000   0000A0000000
 002070   62969454001   DES00054          2   001   110520   00   000000   0   000000000000000   000   000000000000000   000   000000000000000      000000000000381150   000   000000000381150   0   0000000000   A   0   0000000000   A   000000   000000   000000000000000   000000000000000   0000A0000000
 002070   62969454001   DES00247          2   001   110520   00   000000   0   000000000000000   000   000000000000000   000   000000000000000      000000000002472750   000   000000002472750   0   0000000000   A   0   0000000000   A   000000   000000   000000000000000   000000000000000   0000A0000000
 002070   62969454001   53175X1           2   001   110520   00   000000   0   000000000000000   000   000000000000000   000   000000000000000      000000000003723915   000   000000003723915   0   0000000000   A   0   0000000000   A   000000   000000   000000000000000   000000000000000   0000A0000000
 002070   62969454001   53175X1           2   003   110520   00   000000   0   000000000000000   000   000000000000000   000   000000000000000      000000000003723915   000   000000011171744   0   0000000000   A   0   0000000000   A   000000   000000   000000000000000   000000000000000   0000A0000000
 002070   62969454001   29366X1           2   003   110520   00   000000   0   000000000000000   000   000000000000000   000   000000000000000      000000000000498756   000   000000001496267   0   0000000000   A   0   0000000000   A   000000   000000   000000000000000   000000000000000   0000A0000000
 002070   62969454001   58606X1           2   003   110520   00   000000   0   000000000000000   000   000000000000000   000   000000000000000      000000000000460026   000   000000001380078   0   0000000000   A   0   0000000000   A   000000   000000   000000000000000   000000000000000   0000A0000000
 002070   62969454001   11929X1           2   001   110520   00   000000   0   000000000000000   000   000000000000000   000   000000000000000      000000000002598740   000   000000002598740   0   0000000000   A   0   0000000000   A   000000   000000   000000000000000   000000000000000   0000A0000000
 002070   62969454001   53175X1           2   002   120520   00   000000   0   000000000000000   000   000000000000000   000   000000000000000      000000000003723914   000   000000007447829   0   0000000000   A   0   0000000000   A   000000   000000   000000000000000   000000000000000   0000A0000000
 002070   62969454001   29366X1           2   002   120520   00   000000   0   000000000000000   000   000000000000000   000   000000000000000      000000000000498756   000   000000000997511   0   0000000000   A   0   0000000000   A   000000   000000   000000000000000   000000000000000   0000A0000000
 002070   62969454001   58606X1           2   002   120520   00   000000   0   000000000000000   000   000000000000000   000   000000000000000      000000000000460026   000   000000000920052   0   0000000000   A   0   0000000000   A   000000   000000   000000000000000   000000000000000   0000A0000000
 002070   62969454001   53175X1           2   003   130520   00   000000   0   000000000000000   000   000000000000000   000   000000000000000      000000000003723915   000   000000011171744   0   0000000000   A   0   0000000000   A   000000   000000   000000000000000   000000000000000   0000A0000000
 002070   62969454001   29366X1           2   003   130520   00   000000   0   000000000000000   000   000000000000000   000   000000000000000      000000000000498756   000   000000001496267   0   0000000000   A   0   0000000000   A   000000   000000   000000000000000   000000000000000   0000A0000000
 002070   62969454001   58606X1           2   003   130520   00   000000   0   000000000000000   000   000000000000000   000   000000000000000      000000000000460026   000   000000001380078   0   0000000000   A   0   0000000000   A   000000   000000   000000000000000   000000000000000   0000A0000000
 002070   62969454001   11929X1           2   001   130520   00   000000   0   000000000000000   000   000000000000000   000   000000000000000      000000000002598740   000   000000002598740   0   0000000000   A   0   0000000000   A   000000   000000   000000000000000   000000000000000   0000A0000000
 002070   62969454001   53175X1           2   001   140520   00   000000   0   000000000000000   000   000000000000000   000   000000000000000      000000000003723915   000   000000003723915   0   0000000000   A   0   0000000000   A   000000   000000   000000000000000   000000000000000   0000A0000000
 002070   62969454001   29366X1           2   001   140520   00   000000   0   000000000000000   000   000000000000000   000   000000000000000      000000000000498756   000   000000000498756   0   0000000000   A   0   0000000000   A   000000   000000   000000000000000   000000000000000   0000A0000000
 002070   62969454001   58606X1           2   001   140520   00   000000   0   000000000000000   000   000000000000000   000   000000000000000      000000000000460026   000   000000000460026   0   0000000000   A   0   0000000000   A   000000   000000   000000000000000   000000000000000   0000A0000000
 002070   63037288701   29366X1           2   001   180520   00   000000   0   000000000000000   000   000000000000000   000   000000000000000      000000000000498756   000   000000000498756   0   0000000000   A   0   0000000000   A   000000   000000   000000000000000   000000000000000   0000A0000000
 002070   63037288701   DES00016          2   001   180520   00   000000   0   000000000000000   000   000000000000000   000   000000000000000      000000000000382801   000   000000000382801   0   0000000000   A   0   0000000000   A   000000   000000   000000000000000   000000000000000   0000A0000000
 002070   63037288701   58606X1           2   001   180520   00   000000   0   000000000000000   000   000000000000000   000   000000000000000      000000000000460026   000   000000000460026   0   0000000000   A   0   0000000000   A   000000   000000   000000000000000   000000000000000   0000A0000000
 002070   63037288701   58373X1           2   001   180520   00   000000   0   000000000000000   000   000000000000000   000   000000000000000      000000000000367140   000   000000000367140   0   0000000000   A   0   0000000000   A   000000   000000   000000000000000   000000000000000   0000A0000000
 002070   63037288701   DES00045          2   001   180520   00   000000   0   000000000000000   000   000000000000000   000   000000000000000      000000000000168489   000   000000000168489   0   0000000000   A   0   0000000000   A   000000   000000   000000000000000   000000000000000   0000A0000000
 002070   63037288701   DES00054          2   001   180520   00   000000   0   000000000000000   000   000000000000000   000   000000000000000      000000000000381150   000   000000000381150   0   0000000000   A   0   0000000000   A   000000   000000   000000000000000   000000000000000   0000A0000000
 002070   63037288701   DES00247          2   001   180520   00   000000   0   000000000000000   000   000000000000000   000   000000000000000      000000000002472750   000   000000002472750   0   0000000000   A   0   0000000000   A   000000   000000   000000000000000   000000000000000   0000A0000000
 002070   63037288701   53175X1           2   001   180520   00   000000   0   000000000000000   000   000000000000000   000   000000000000000      000000000003723915   000   000000003723915   0   0000000000   A   0   0000000000   A   000000   000000   000000000000000   000000000000000   0000A0000000
 002070   63037288701   DES00026          2   003   180520   00   000000   0   000000000000000   000   000000000000000   000   000000000000000      000000000000047855   000   000000000143564   0   0000000000   A   0   0000000000   A   000000   000000   000000000000000   000000000000000   0000A0000000
 002070   63037288701   58606X1           2   003   180520   00   000000   0   000000000000000   000   000000000000000   000   000000000000000      000000000000460026   000   000000001380078   0   0000000000   A   0   0000000000   A   000000   000000   000000000000000   000000000000000   0000A0000000
 002070   63037288701   58373X1           2   001   180520   00   000000   0   000000000000000   000   000000000000000   000   000000000000000      000000000000367140   000   000000000367140   0   0000000000   A   0   0000000000   A   000000   000000   000000000000000   000000000000000   0000A0000000
 002070   63037288701   DES00045          2   001   180520   00   000000   0   000000000000000   000   000000000000000   000   000000000000000      000000000000168489   000   000000000168489   0   0000000000   A   0   0000000000   A   000000   000000   000000000000000   000000000000000   0000A0000000
 002070   63037288701   29366X1           2   001   180520   00   000000   0   000000000000000   000   000000000000000   000   000000000000000      000000000000498756   000   000000000498756   0   0000000000   A   0   0000000000   A   000000   000000   000000000000000   000000000000000   0000A0000000
 002070   63037288701   DES00055          2   001   180520   00   000000   0   000000000000000   000   000000000000000   000   000000000000000      000000000001184071   000   000000001184071   0   0000000000   A   0   0000000000   A   000000   000000   000000000000000   000000000000000   0000A0000000
 002070   63037288701   49924X1           2   002   180520   00   000000   0   000000000000000   000   000000000000000   000   000000000000000      000000000001412418   000   000000002824837   0   0000000000   A   0   0000000000   A   000000   000000   000000000000000   000000000000000   0000A0000000
 002070   63037288701   53175X1           2   001   180520   00   000000   0   000000000000000   000   000000000000000   000   000000000000000      000000000003723915   000   000000003723915   0   0000000000   A   0   0000000000   A   000000   000000   000000000000000   000000000000000   0000A0000000
 002070   63037288701   DES00056          2   001   180520   00   000000   0   000000000000000   000   000000000000000   000   000000000000000      000000000004095457   000   000000004095457   0   0000000000   A   0   0000000000   A   000000   000000   000000000000000   000000000000000   0000A0000000
 002070   63037288701   56867X1           2   001   180520   00   000000   0   000000000000000   000   000000000000000   000   000000000000000      000000000003573728   000   000000003573728   0   0000000000   A   0   0000000000   A   000000   000000   000000000000000   000000000000000   0000A0000000
 002070   63037288701   DES00047          2   001   180520   00   000000   0   000000000000000   000   000000000000000   000   000000000000000      000000000004095457   000   000000004095457   0   0000000000   A   0   0000000000   A   000000   000000   000000000000000   000000000000000   0000A0000000
 002070   63037288701   53175X1           2   002   180520   00   000000   0   000000000000000   000   000000000000000   000   000000000000000      000000000003723914   000   000000007447829   0   0000000000   A   0   0000000000   A   000000   000000   000000000000000   000000000000000   0000A0000000
 002070   63037288701   56438X1           2   002   180520   00   000000   0   000000000000000   000   000000000000000   000   000000000000000      000000000001743854   000   000000003487709   0   0000000000   A   0   0000000000   A   000000   000000   000000000000000   000000000000000   0000A0000000
 002070   63037288701   DES00248          2   001   180520   00   000000   0   000000000000000   000   000000000000000   000   000000000000000      000000000002472750   000   000000002472750   0   0000000000   A   0   0000000000   A   000000   000000   000000000000000   000000000000000   0000A0000000
 002070   63037288701   53175X1           2   005   180520   00   000000   0   000000000000000   000   000000000000000   000   000000000000000      000000000003723915   000   000000018619574   0   0000000000   A   0   0000000000   A   000000   000000   000000000000000   000000000000000   0000A0000000
 002070   63037288701   58373X1           2   003   180520   00   000000   0   000000000000000   000   000000000000000   000   000000000000000      000000000000367140   000   000000001101419   0   0000000000   A   0   0000000000   A   000000   000000   000000000000000   000000000000000   0000A0000000
 002070   63037288701   56867X1           2   001   180520   00   000000   0   000000000000000   000   000000000000000   000   000000000000000      000000000003573728   000   000000003573728   0   0000000000   A   0   0000000000   A   000000   000000   000000000000000   000000000000000   0000A0000000
 002070   63037288701   49924X1           2   002   180520   00   000000   0   000000000000000   000   000000000000000   000   000000000000000      000000000001412418   000   000000002824837   0   0000000000   A   0   0000000000   A   000000   000000   000000000000000   000000000000000   0000A0000000
 002070   63037288701   56438X1           2   008   180520   00   000000   0   000000000000000   000   000000000000000   000   000000000000000      000000000001743854   000   000000013950835   0   0000000000   A   0   0000000000   A   000000   000000   000000000000000   000000000000000   0000A0000000
 002070   63037288701   53175X1           2   001   180520   00   000000   0   000000000000000   000   000000000000000   000   000000000000000      000000000003723915   000   000000003723915   0   0000000000   A   0   0000000000   A   000000   000000   000000000000000   000000000000000   0000A0000000
 002070   63037288701   29366X1           2   003   180520   00   000000   0   000000000000000   000   000000000000000   000   000000000000000      000000000000498756   000   000000001496267   0   0000000000   A   0   0000000000   A   000000   000000   000000000000000   000000000000000   0000A0000000
 002070   63037288701   58606X1           2   003   180520   00   000000   0   000000000000000   000   000000000000000   000   000000000000000      000000000000460026   000   000000001380078   0   0000000000   A   0   0000000000   A   000000   000000   000000000000000   000000000000000   0000A0000000
 002070   63037288701   53986X1           2   001   180520   00   000000   0   000000000000000   000   000000000000000   000   000000000000000      000000000000238054   000   000000000238054   0   0000000000   A   0   0000000000   A   000000   000000   000000000000000   000000000000000   0000A0000000
 002070   63037288701   32583X1           2   001   180520   00   000000   0   000000000000000   000   000000000000000   000   000000000000000      000000000000747275   000   000000000747275   0   0000000000   A   0   0000000000   A   000000   000000   000000000000000   000000000000000   0000A0000000
 002070   63037288701   49924X1           2   001   180520   00   000000   0   000000000000000   000   000000000000000   000   000000000000000      000000000001412419   000   000000001412419   0   0000000000   A   0   0000000000   A   000000   000000   000000000000000   000000000000000   0000A0000000
 002070   63037288701   53986X1           2   001   180520   00   000000   0   000000000000000   000   000000000000000   000   000000000000000      000000000000238054   000   000000000238054   0   0000000000   A   0   0000000000   A   000000   000000   000000000000000   000000000000000   0000A0000000
 002070   63037288701   DES00026          2   001   190520   00   000000   0   000000000000000   000   000000000000000   000   000000000000000      000000000000047855   000   000000000047855   0   0000000000   A   0   0000000000   A   000000   000000   000000000000000   000000000000000   0000A0000000
 002070   63037288701   53986X1           2   001   190520   00   000000   0   000000000000000   000   000000000000000   000   000000000000000      000000000000238054   000   000000000238054   0   0000000000   A   0   0000000000   A   000000   000000   000000000000000   000000000000000   0000A0000000
 002070   63037288701   53986X1           2   001   190520   00   000000   0   000000000000000   000   000000000000000   000   000000000000000      000000000000238054   000   000000000238054   0   0000000000   A   0   0000000000   A   000000   000000   000000000000000   000000000000000   0000A0000000
 002070   63037288701   59741X1           2   001   190520   00   000000   0   000000000000000   000   000000000000000   000   000000000000000      000000000000700952   000   000000000700952   0   0000000000   A   0   0000000000   A   000000   000000   000000000000000   000000000000000   0000A0000000
 002070   63037288701   29366X1           2   003   190520   00   000000   0   000000000000000   000   000000000000000   000   000000000000000      000000000000498756   000   000000001496267   0   0000000000   A   0   0000000000   A   000000   000000   000000000000000   000000000000000   0000A0000000
 002070   63037288701   58373X1           2   003   190520   00   000000   0   000000000000000   000   000000000000000   000   000000000000000      000000000000367140   000   000000001101419   0   0000000000   A   0   0000000000   A   000000   000000   000000000000000   000000000000000   0000A0000000
 002070   63037288701   58606X1           2   003   190520   00   000000   0   000000000000000   000   000000000000000   000   000000000000000      000000000000460026   000   000000001380078   0   0000000000   A   0   0000000000   A   000000   000000   000000000000000   000000000000000   0000A0000000
 002070   63037288701   56867X1           2   001   190520   00   000000   0   000000000000000   000   000000000000000   000   000000000000000      000000000003573728   000   000000003573728   0   0000000000   A   0   0000000000   A   000000   000000   000000000000000   000000000000000   0000A0000000
 002070   63037288701   49924X1           2   002   190520   00   000000   0   000000000000000   000   000000000000000   000   000000000000000      000000000001412418   000   000000002824837   0   0000000000   A   0   0000000000   A   000000   000000   000000000000000   000000000000000   0000A0000000
 002070   63037288701   56438X1           2   008   190520   00   000000   0   000000000000000   000   000000000000000   000   000000000000000      000000000001743854   000   000000013950835   0   0000000000   A   0   0000000000   A   000000   000000   000000000000000   000000000000000   0000A0000000
 002070   63037288701   53175X1           2   001   190520   00   000000   0   000000000000000   000   000000000000000   000   000000000000000      000000000003723915   000   000000003723915   0   0000000000   A   0   0000000000   A   000000   000000   000000000000000   000000000000000   0000A0000000
 002070   63037288701   53175X1           2   005   190520   00   000000   0   000000000000000   000   000000000000000   000   000000000000000      000000000003723915   000   000000018619574   0   0000000000   A   0   0000000000   A   000000   000000   000000000000000   000000000000000   0000A0000000
 002070   63037288701   58823X1           2   002   190520   00   000000   0   000000000000000   000   000000000000000   000   000000000000000      000000000000486873   000   000000000973746   0   0000000000   A   0   0000000000   A   000000   000000   000000000000000   000000000000000   0000A0000000
 002070   63037288701   59442X1           2   003   190520   00   000000   0   000000000000000   000   000000000000000   000   000000000000000      000000000001198957   000   000000003596870   0   0000000000   A   0   0000000000   A   000000   000000   000000000000000   000000000000000   0000A0000000
 002070   63037288701   53986X1           2   002   190520   00   000000   0   000000000000000   000   000000000000000   000   000000000000000      000000000000238054   000   000000000476107   0   0000000000   A   0   0000000000   A   000000   000000   000000000000000   000000000000000   0000A0000000
 002070   63037288701   32583X1           2   001   190520   00   000000   0   000000000000000   000   000000000000000   000   000000000000000      000000000000747275   000   000000000747275   0   0000000000   A   0   0000000000   A   000000   000000   000000000000000   000000000000000   0000A0000000
 002070   63037288701   DES00045          2   002   200520   00   000000   0   000000000000000   000   000000000000000   000   000000000000000      000000000000168489   000   000000000336978   0   0000000000   A   0   0000000000   A   000000   000000   000000000000000   000000000000000   0000A0000000
 002070   63037288701   DES00055          2   001   200520   00   000000   0   000000000000000   000   000000000000000   000   000000000000000      000000000001184071   000   000000001184071   0   0000000000   A   0   0000000000   A   000000   000000   000000000000000   000000000000000   0000A0000000
 002070   63037288701   53986X1           2   002   200520   00   000000   0   000000000000000   000   000000000000000   000   000000000000000      000000000000238054   000   000000000476107   0   0000000000   A   0   0000000000   A   000000   000000   000000000000000   000000000000000   0000A0000000
 002070   63037288701   DES00055          2   001   200520   00   000000   0   000000000000000   000   000000000000000   000   000000000000000      000000000001184071   000   000000001184071   0   0000000000   A   0   0000000000   A   000000   000000   000000000000000   000000000000000   0000A0000000
 002070   63037288701   59741X1           2   001   200520   00   000000   0   000000000000000   000   000000000000000   000   000000000000000      000000000000700952   000   000000000700952   0   0000000000   A   0   0000000000   A   000000   000000   000000000000000   000000000000000   0000A0000000
 002070   63037288701   56855X1           2   001   200520   00   000000   0   000000000000000   000   000000000000000   000   000000000000000      000000000005266418   000   000000005266418   0   0000000000   A   0   0000000000   A   000000   000000   000000000000000   000000000000000   0000A0000000
 002070   63037288701   32583X1           2   001   200520   00   000000   0   000000000000000   000   000000000000000   000   000000000000000      000000000000747275   000   000000000747275   0   0000000000   A   0   0000000000   A   000000   000000   000000000000000   000000000000000   0000A0000000
 002070   63037288701   53986X1           2   001   200520   00   000000   0   000000000000000   000   000000000000000   000   000000000000000      000000000000238054   000   000000000238054   0   0000000000   A   0   0000000000   A   000000   000000   000000000000000   000000000000000   0000A0000000
 002070   63037288701   29366X1           2   002   200520   00   000000   0   000000000000000   000   000000000000000   000   000000000000000      000000000000498756   000   000000000997511   0   0000000000   A   0   0000000000   A   000000   000000   000000000000000   000000000000000   0000A0000000
 002070   63037288701   58373X1           2   002   200520   00   000000   0   000000000000000   000   000000000000000   000   000000000000000      000000000000367140   000   000000000734279   0   0000000000   A   0   0000000000   A   000000   000000   000000000000000   000000000000000   0000A0000000
 002070   63037288701   58606X1           2   003   200520   00   000000   0   000000000000000   000   000000000000000   000   000000000000000      000000000000460026   000   000000001380078   0   0000000000   A   0   0000000000   A   000000   000000   000000000000000   000000000000000   0000A0000000
 002070   63037288701   56867X1           2   001   200520   00   000000   0   000000000000000   000   000000000000000   000   000000000000000      000000000003573728   000   000000003573728   0   0000000000   A   0   0000000000   A   000000   000000   000000000000000   000000000000000   0000A0000000
 002070   63037288701   49924X1           2   002   200520   00   000000   0   000000000000000   000   000000000000000   000   000000000000000      000000000001412418   000   000000002824837   0   0000000000   A   0   0000000000   A   000000   000000   000000000000000   000000000000000   0000A0000000
 002070   63037288701   56438X1           2   008   200520   00   000000   0   000000000000000   000   000000000000000   000   000000000000000      000000000001743854   000   000000013950835   0   0000000000   A   0   0000000000   A   000000   000000   000000000000000   000000000000000   0000A0000000
 002070   63037288701   53175X1           2   001   200520   00   000000   0   000000000000000   000   000000000000000   000   000000000000000      000000000003723915   000   000000003723915   0   0000000000   A   0   0000000000   A   000000   000000   000000000000000   000000000000000   0000A0000000
 002070   63037288701   53175X1           2   005   200520   00   000000   0   000000000000000   000   000000000000000   000   000000000000000      000000000003723915   000   000000018619574   0   0000000000   A   0   0000000000   A   000000   000000   000000000000000   000000000000000   0000A0000000
 002070   63037288701   58823X1           2   002   200520   00   000000   0   000000000000000   000   000000000000000   000   000000000000000      000000000000486873   000   000000000973746   0   0000000000   A   0   0000000000   A   000000   000000   000000000000000   000000000000000   0000A0000000
 002070   63037288701   59442X1           2   002   200520   00   000000   0   000000000000000   000   000000000000000   000   000000000000000      000000000001198956   000   000000002397913   0   0000000000   A   0   0000000000   A   000000   000000   000000000000000   000000000000000   0000A0000000
 002070   63037288701   56855X1           2   001   200520   00   000000   0   000000000000000   000   000000000000000   000   000000000000000      000000000005266418   000   000000005266418   0   0000000000   A   0   0000000000   A   000000   000000   000000000000000   000000000000000   0000A0000000
 002070   63037288701   DES00026          2   003   200520   00   000000   0   000000000000000   000   000000000000000   000   000000000000000      000000000000047855   000   000000000143564   0   0000000000   A   0   0000000000   A   000000   000000   000000000000000   000000000000000   0000A0000000
 002070   63037288701   53986X1           2   001   200520   00   000000   0   000000000000000   000   000000000000000   000   000000000000000      000000000000238054   000   000000000238054   0   0000000000   A   0   0000000000   A   000000   000000   000000000000000   000000000000000   0000A0000000
 002070   63037288701   32583X1           2   001   200520   00   000000   0   000000000000000   000   000000000000000   000   000000000000000      000000000000747275   000   000000000747275   0   0000000000   A   0   0000000000   A   000000   000000   000000000000000   000000000000000   0000A0000000
 002070   63037288701   53986X1           2   001   210520   00   000000   0   000000000000000   000   000000000000000   000   000000000000000      000000000000238054   000   000000000238054   0   0000000000   A   0   0000000000   A   000000   000000   000000000000000   000000000000000   0000A0000000
 002070   63037288701   49924X1           2   001   210520   00   000000   0   000000000000000   000   000000000000000   000   000000000000000      000000000001412419   000   000000001412419   0   0000000000   A   0   0000000000   A   000000   000000   000000000000000   000000000000000   0000A0000000
 002070   63037288701   53986X1           2   001   210520   00   000000   0   000000000000000   000   000000000000000   000   000000000000000      000000000000238054   000   000000000238054   0   0000000000   A   0   0000000000   A   000000   000000   000000000000000   000000000000000   0000A0000000
 002070   63037288701   29366X1           2   003   210520   00   000000   0   000000000000000   000   000000000000000   000   000000000000000      000000000000498756   000   000000001496267   0   0000000000   A   0   0000000000   A   000000   000000   000000000000000   000000000000000   0000A0000000
 002070   63037288701   58373X1           2   003   210520   00   000000   0   000000000000000   000   000000000000000   000   000000000000000      000000000000367140   000   000000001101419   0   0000000000   A   0   0000000000   A   000000   000000   000000000000000   000000000000000   0000A0000000
 002070   63037288701   58606X1           2   003   210520   00   000000   0   000000000000000   000   000000000000000   000   000000000000000      000000000000460026   000   000000001380078   0   0000000000   A   0   0000000000   A   000000   000000   000000000000000   000000000000000   0000A0000000
 002070   63037288701   56867X1           2   001   210520   00   000000   0   000000000000000   000   000000000000000   000   000000000000000      000000000003573728   000   000000003573728   0   0000000000   A   0   0000000000   A   000000   000000   000000000000000   000000000000000   0000A0000000
 002070   63037288701   49924X1           2   002   210520   00   000000   0   000000000000000   000   000000000000000   000   000000000000000      000000000001412418   000   000000002824837   0   0000000000   A   0   0000000000   A   000000   000000   000000000000000   000000000000000   0000A0000000
 002070   63037288701   56438X1           2   008   210520   00   000000   0   000000000000000   000   000000000000000   000   000000000000000      000000000001743854   000   000000013950835   0   0000000000   A   0   0000000000   A   000000   000000   000000000000000   000000000000000   0000A0000000
 002070   63037288701   53175X1           2   001   210520   00   000000   0   000000000000000   000   000000000000000   000   000000000000000      000000000003723915   000   000000003723915   0   0000000000   A   0   0000000000   A   000000   000000   000000000000000   000000000000000   0000A0000000
 002070   63037288701   53175X1           2   005   210520   00   000000   0   000000000000000   000   000000000000000   000   000000000000000      000000000003723915   000   000000018619574   0   0000000000   A   0   0000000000   A   000000   000000   000000000000000   000000000000000   0000A0000000
 002070   63037288701   58823X1           2   002   210520   00   000000   0   000000000000000   000   000000000000000   000   000000000000000      000000000000486873   000   000000000973746   0   0000000000   A   0   0000000000   A   000000   000000   000000000000000   000000000000000   0000A0000000
 002070   63037288701   59442X1           2   003   210520   00   000000   0   000000000000000   000   000000000000000   000   000000000000000      000000000001198957   000   000000003596870   0   0000000000   A   0   0000000000   A   000000   000000   000000000000000   000000000000000   0000A0000000
 002070   63037288701   56855X1           2   001   210520   00   000000   0   000000000000000   000   000000000000000   000   000000000000000      000000000005266418   000   000000005266418   0   0000000000   A   0   0000000000   A   000000   000000   000000000000000   000000000000000   0000A0000000
 002070   63037288701   53986X1           2   001   210520   00   000000   0   000000000000000   000   000000000000000   000   000000000000000      000000000000238054   000   000000000238054   0   0000000000   A   0   0000000000   A   000000   000000   000000000000000   000000000000000   0000A0000000
 002070   63037288701   32583X1           2   001   220520   00   000000   0   000000000000000   000   000000000000000   000   000000000000000      000000000000747275   000   000000000747275   0   0000000000   A   0   0000000000   A   000000   000000   000000000000000   000000000000000   0000A0000000
 002070   63037288701   53986X1           2   001   220520   00   000000   0   000000000000000   000   000000000000000   000   000000000000000      000000000000238054   000   000000000238054   0   0000000000   A   0   0000000000   A   000000   000000   000000000000000   000000000000000   0000A0000000
 002070   63037288701   29366X1           2   003   220520   00   000000   0   000000000000000   000   000000000000000   000   000000000000000      000000000000498756   000   000000001496267   0   0000000000   A   0   0000000000   A   000000   000000   000000000000000   000000000000000   0000A0000000
 002070   63037288701   58373X1           2   003   220520   00   000000   0   000000000000000   000   000000000000000   000   000000000000000      000000000000367140   000   000000001101419   0   0000000000   A   0   0000000000   A   000000   000000   000000000000000   000000000000000   0000A0000000
 002070   63037288701   51999X1           2   003   220520   00   000000   0   000000000000000   000   000000000000000   000   000000000000000      000000000010729910   000   000000032189999   0   0000000000   A   0   0000000000   A   000000   000000   000000000000000   000000000000000   0000A0000000
 002070   63037288701   53175X1           2   001   220520   00   000000   0   000000000000000   000   000000000000000   000   000000000000000      000000000003723915   000   000000003723915   0   0000000000   A   0   0000000000   A   000000   000000   000000000000000   000000000000000   0000A0000000
 002070   63037288701   53175X1           2   005   220520   00   000000   0   000000000000000   000   000000000000000   000   000000000000000      000000000003723915   000   000000018619574   0   0000000000   A   0   0000000000   A   000000   000000   000000000000000   000000000000000   0000A0000000
 002070   63037288701   58823X1           2   005   220520   00   000000   0   000000000000000   000   000000000000000   000   000000000000000      000000000000486873   000   000000002434365   0   0000000000   A   0   0000000000   A   000000   000000   000000000000000   000000000000000   0000A0000000
 002070   63037288701   59442X1           2   005   220520   00   000000   0   000000000000000   000   000000000000000   000   000000000000000      000000000001198957   000   000000005994783   0   0000000000   A   0   0000000000   A   000000   000000   000000000000000   000000000000000   0000A0000000
 002070   63037288701   58606X1           2   003   220520   00   000000   0   000000000000000   000   000000000000000   000   000000000000000      000000000000460026   000   000000001380078   0   0000000000   A   0   0000000000   A   000000   000000   000000000000000   000000000000000   0000A0000000
 002070   63037288701   51999X1           2   001   220520   00   000000   0   000000000000000   000   000000000000000   000   000000000000000      000000000010730000   000   000000010730000   0   0000000000   A   0   0000000000   A   000000   000000   000000000000000   000000000000000   0000A0000000
 002070   63037288701   53986X1           2   001   220520   00   000000   0   000000000000000   000   000000000000000   000   000000000000000      000000000000238054   000   000000000238054   0   0000000000   A   0   0000000000   A   000000   000000   000000000000000   000000000000000   0000A0000000
 002070   63037288701   34031X1           2   001   220520   00   000000   0   000000000000000   000   000000000000000   000   000000000000000      000000000001182738   000   000000001182738   0   0000000000   A   0   0000000000   A   000000   000000   000000000000000   000000000000000   0000A0000000
 002070   63037288701   DES00009          2   001   220520   00   000000   0   000000000000000   000   000000000000000   000   000000000000000      000000000000193991   000   000000000193991   0   0000000000   A   0   0000000000   A   000000   000000   000000000000000   000000000000000   0000A0000000
 002070   63037288701   53175X1           2   003   230520   00   000000   0   000000000000000   000   000000000000000   000   000000000000000      000000000003723915   000   000000011171744   0   0000000000   A   0   0000000000   A   000000   000000   000000000000000   000000000000000   0000A0000000
 002070   63037288701   DES00042          2   001   230520   00   000000   0   000000000000000   000   000000000000000   000   000000000000000      000000000000666210   000   000000000666210   0   0000000000   A   0   0000000000   A   000000   000000   000000000000000   000000000000000   0000A0000000
 002070   63037288701   51999X1           2   001   230520   00   000000   0   000000000000000   000   000000000000000   000   000000000000000      000000000010730000   000   000000010730000   0   0000000000   A   0   0000000000   A   000000   000000   000000000000000   000000000000000   0000A0000000
 002070   63037288701   58606X1           2   001   230520   00   000000   0   000000000000000   000   000000000000000   000   000000000000000      000000000000460026   000   000000000460026   0   0000000000   A   0   0000000000   A   000000   000000   000000000000000   000000000000000   0000A0000000
 002070   63037288701   59442X1           2   001   230520   00   000000   0   000000000000000   000   000000000000000   000   000000000000000      000000000001198957   000   000000001198957   0   0000000000   A   0   0000000000   A   000000   000000   000000000000000   000000000000000   0000A0000000
 002070   63037288701   53175X1           2   001   230520   00   000000   0   000000000000000   000   000000000000000   000   000000000000000      000000000003723915   000   000000003723915   0   0000000000   A   0   0000000000   A   000000   000000   000000000000000   000000000000000   0000A0000000
 002070   63037288701   53986X1           2   001   230520   00   000000   0   000000000000000   000   000000000000000   000   000000000000000      000000000000238054   000   000000000238054   0   0000000000   A   0   0000000000   A   000000   000000   000000000000000   000000000000000   0000A0000000
 002070   63037288701   53175X1           2   004   230520   00   000000   0   000000000000000   000   000000000000000   000   000000000000000      000000000003723915   000   000000014895659   0   0000000000   A   0   0000000000   A   000000   000000   000000000000000   000000000000000   0000A0000000
 002070   63037288701   58823X1           2   004   230520   00   000000   0   000000000000000   000   000000000000000   000   000000000000000      000000000000486873   000   000000001947492   0   0000000000   A   0   0000000000   A   000000   000000   000000000000000   000000000000000   0000A0000000
 002070   63037288701   59442X1           2   003   230520   00   000000   0   000000000000000   000   000000000000000   000   000000000000000      000000000001198957   000   000000003596870   0   0000000000   A   0   0000000000   A   000000   000000   000000000000000   000000000000000   0000A0000000
 002070   63037288701   58373X1           2   005   230520   00   000000   0   000000000000000   000   000000000000000   000   000000000000000      000000000000367140   000   000000001835698   0   0000000000   A   0   0000000000   A   000000   000000   000000000000000   000000000000000   0000A0000000
 002070   63037288701   29366X1           2   005   230520   00   000000   0   000000000000000   000   000000000000000   000   000000000000000      000000000000498756   000   000000002493778   0   0000000000   A   0   0000000000   A   000000   000000   000000000000000   000000000000000   0000A0000000
 002070   63037288701   58606X1           2   004   230520   00   000000   0   000000000000000   000   000000000000000   000   000000000000000      000000000000460026   000   000000001840104   0   0000000000   A   0   0000000000   A   000000   000000   000000000000000   000000000000000   0000A0000000
 002070   63037288701   51999X1           2   004   230520   00   000000   0   000000000000000   000   000000000000000   000   000000000000000      000000000010729910   000   000000042919999   0   0000000000   A   0   0000000000   A   000000   000000   000000000000000   000000000000000   0000A0000000
 002070   15204145601   53175X1           2   002   230520   00   000000   0   000000000000000   000   000000000000000   000   000000000000000      000000000003723914   000   000000007447829   0   0000000000   A   0   0000000000   A   000000   000000   000000000000000   000000000000000   0000A0000000
 002070   15204145601   58606X1           2   003   230520   00   000000   0   000000000000000   000   000000000000000   000   000000000000000      000000000000460026   000   000000001380078   0   0000000000   A   0   0000000000   A   000000   000000   000000000000000   000000000000000   0000A0000000
 002070   15204145601   29366X1           2   005   230520   00   000000   0   000000000000000   000   000000000000000   000   000000000000000      000000000000498756   000   000000002493778   0   0000000000   A   0   0000000000   A   000000   000000   000000000000000   000000000000000   0000A0000000
 002070   15204145601   40316X1           2   002   230520   00   000000   0   000000000000000   000   000000000000000   000   000000000000000      000000000014777359   000   000000029554718   0   0000000000   A   0   0000000000   A   000000   000000   000000000000000   000000000000000   0000A0000000
 002070   15204145601   DES00055          2   001   230520   00   000000   0   000000000000000   000   000000000000000   000   000000000000000      000000000001184071   000   000000001184071   0   0000000000   A   0   0000000000   A   000000   000000   000000000000000   000000000000000   0000A0000000
 002070   15204145601   DES00045          2   001   230520   00   000000   0   000000000000000   000   000000000000000   000   000000000000000      000000000000168489   000   000000000168489   0   0000000000   A   0   0000000000   A   000000   000000   000000000000000   000000000000000   0000A0000000
 002070   15204145601   DES00247          2   001   230520   00   000000   0   000000000000000   000   000000000000000   000   000000000000000      000000000002472750   000   000000002472750   0   0000000000   A   0   0000000000   A   000000   000000   000000000000000   000000000000000   0000A0000000
 002070   63037288701   32583X1           2   001   230520   00   000000   0   000000000000000   000   000000000000000   000   000000000000000      000000000000747275   000   000000000747275   0   0000000000   A   0   0000000000   A   000000   000000   000000000000000   000000000000000   0000A0000000
 002070   63037288701   34031X1           2   002   230520   00   000000   0   000000000000000   000   000000000000000   000   000000000000000      000000000001182738   000   000000002365475   0   0000000000   A   0   0000000000   A   000000   000000   000000000000000   000000000000000   0000A0000000
 002070   63037288701   32583X1           2   001   230520   00   000000   0   000000000000000   000   000000000000000   000   000000000000000      000000000000747275   000   000000000747275   0   0000000000   A   0   0000000000   A   000000   000000   000000000000000   000000000000000   0000A0000000
 002070   63037288701   DES00026          2   003   230520   00   000000   0   000000000000000   000   000000000000000   000   000000000000000      000000000000047855   000   000000000143564   0   0000000000   A   0   0000000000   A   000000   000000   000000000000000   000000000000000   0000A0000000
 002070   63037288701   53986X1           2   001   230520   00   000000   0   000000000000000   000   000000000000000   000   000000000000000      000000000000238054   000   000000000238054   0   0000000000   A   0   0000000000   A   000000   000000   000000000000000   000000000000000   0000A0000000
 002070   63037288701   53986X1           2   001   240520   00   000000   0   000000000000000   000   000000000000000   000   000000000000000      000000000000238054   000   000000000238054   0   0000000000   A   0   0000000000   A   000000   000000   000000000000000   000000000000000   0000A0000000
 002070   63037288701   DES00016          2   001   240520   00   000000   0   000000000000000   000   000000000000000   000   000000000000000      000000000000382801   000   000000000382801   0   0000000000   A   0   0000000000   A   000000   000000   000000000000000   000000000000000   0000A0000000
 002070   63037288701   32583X1           2   001   240520   00   000000   0   000000000000000   000   000000000000000   000   000000000000000      000000000000747275   000   000000000747275   0   0000000000   A   0   0000000000   A   000000   000000   000000000000000   000000000000000   0000A0000000
 002070   63037288701   DES00054          2   001   240520   00   000000   0   000000000000000   000   000000000000000   000   000000000000000      000000000000381150   000   000000000381150   0   0000000000   A   0   0000000000   A   000000   000000   000000000000000   000000000000000   0000A0000000
 002070   63037288701   DES00055          2   001   240520   00   000000   0   000000000000000   000   000000000000000   000   000000000000000      000000000001184071   000   000000001184071   0   0000000000   A   0   0000000000   A   000000   000000   000000000000000   000000000000000   0000A0000000
 002070   63037288701   DES00088          2   001   240520   00   000000   0   000000000000000   000   000000000000000   000   000000000000000      000000000002026125   000   000000002026125   0   0000000000   A   0   0000000000   A   000000   000000   000000000000000   000000000000000   0000A0000000
 002070   63037288701   53986X1           2   001   240520   00   000000   0   000000000000000   000   000000000000000   000   000000000000000      000000000000238054   000   000000000238054   0   0000000000   A   0   0000000000   A   000000   000000   000000000000000   000000000000000   0000A0000000
 002070   63037288701   DES00247          2   001   240520   00   000000   0   000000000000000   000   000000000000000   000   000000000000000      000000000002472750   000   000000002472750   0   0000000000   A   0   0000000000   A   000000   000000   000000000000000   000000000000000   0000A0000000
 002070   63037288701   34031X1           2   001   240520   00   000000   0   000000000000000   000   000000000000000   000   000000000000000      000000000001182738   000   000000001182738   0   0000000000   A   0   0000000000   A   000000   000000   000000000000000   000000000000000   0000A0000000
 002070   63037288701   32583X1           2   001   240520   00   000000   0   000000000000000   000   000000000000000   000   000000000000000      000000000000747275   000   000000000747275   0   0000000000   A   0   0000000000   A   000000   000000   000000000000000   000000000000000   0000A0000000
 002070   63037288701   DES00026          2   003   240520   00   000000   0   000000000000000   000   000000000000000   000   000000000000000      000000000000047855   000   000000000143564   0   0000000000   A   0   0000000000   A   000000   000000   000000000000000   000000000000000   0000A0000000
 002070   63037288701   53986X1           2   001   240520   00   000000   0   000000000000000   000   000000000000000   000   000000000000000      000000000000238054   000   000000000238054   0   0000000000   A   0   0000000000   A   000000   000000   000000000000000   000000000000000   0000A0000000
 002070   63037288701   DES00026          2   001   250520   00   000000   0   000000000000000   000   000000000000000   000   000000000000000      000000000000047855   000   000000000047855   0   0000000000   A   0   0000000000   A   000000   000000   000000000000000   000000000000000   0000A0000000
 002070   63037288701   53986X1           2   001   250520   00   000000   0   000000000000000   000   000000000000000   000   000000000000000      000000000000238054   000   000000000238054   0   0000000000   A   0   0000000000   A   000000   000000   000000000000000   000000000000000   0000A0000000
 002070   63037288701   53986X1           2   001   250520   00   000000   0   000000000000000   000   000000000000000   000   000000000000000      000000000000238054   000   000000000238054   0   0000000000   A   0   0000000000   A   000000   000000   000000000000000   000000000000000   0000A0000000
 002070   63037288701   58373X1           2   003   250520   00   000000   0   000000000000000   000   000000000000000   000   000000000000000      000000000000367140   000   000000001101419   0   0000000000   A   0   0000000000   A   000000   000000   000000000000000   000000000000000   0000A0000000
 002070   63037288701   29366X1           2   003   250520   00   000000   0   000000000000000   000   000000000000000   000   000000000000000      000000000000498756   000   000000001496267   0   0000000000   A   0   0000000000   A   000000   000000   000000000000000   000000000000000   0000A0000000
 002070   63037288701   58606X1           2   003   250520   00   000000   0   000000000000000   000   000000000000000   000   000000000000000      000000000000460026   000   000000001380078   0   0000000000   A   0   0000000000   A   000000   000000   000000000000000   000000000000000   0000A0000000
 002070   63037288701   51999X1           2   003   250520   00   000000   0   000000000000000   000   000000000000000   000   000000000000000      000000000010729910   000   000000032189999   0   0000000000   A   0   0000000000   A   000000   000000   000000000000000   000000000000000   0000A0000000
 002070   63037288701   53175X1           2   001   250520   00   000000   0   000000000000000   000   000000000000000   000   000000000000000      000000000003723915   000   000000003723915   0   0000000000   A   0   0000000000   A   000000   000000   000000000000000   000000000000000   0000A0000000
 002070   63037288701   53175X1           2   002   250520   00   000000   0   000000000000000   000   000000000000000   000   000000000000000      000000000003723914   000   000000007447829   0   0000000000   A   0   0000000000   A   000000   000000   000000000000000   000000000000000   0000A0000000
 002070   63037288701   58823X1           2   002   250520   00   000000   0   000000000000000   000   000000000000000   000   000000000000000      000000000000486873   000   000000000973746   0   0000000000   A   0   0000000000   A   000000   000000   000000000000000   000000000000000   0000A0000000
 002070   63037288701   59442X1           2   002   250520   00   000000   0   000000000000000   000   000000000000000   000   000000000000000      000000000001198956   000   000000002397913   0   0000000000   A   0   0000000000   A   000000   000000   000000000000000   000000000000000   0000A0000000
 002070   63037288701   58823X1           2   002   250520   00   000000   0   000000000000000   000   000000000000000   000   000000000000000      000000000000486873   000   000000000973746   0   0000000000   A   0   0000000000   A   000000   000000   000000000000000   000000000000000   0000A0000000
 002070   63037288701   53175X1           2   001   250520   00   000000   0   000000000000000   000   000000000000000   000   000000000000000      000000000003723915   000   000000003723915   0   0000000000   A   0   0000000000   A   000000   000000   000000000000000   000000000000000   0000A0000000
 002070   63037288701   18693X1           2   001   250520   00   000000   0   000000000000000   000   000000000000000   000   000000000000000      000000000007733659   000   000000007733659   0   0000000000   A   0   0000000000   A   000000   000000   000000000000000   000000000000000   0000A0000000
 002070   63037288701   DES00045          2   002   250520   00   000000   0   000000000000000   000   000000000000000   000   000000000000000      000000000000168489   000   000000000336978   0   0000000000   A   0   0000000000   A   000000   000000   000000000000000   000000000000000   0000A0000000
 002070   63037288701   53986X1           2   001   250520   00   000000   0   000000000000000   000   000000000000000   000   000000000000000      000000000000238054   000   000000000238054   0   0000000000   A   0   0000000000   A   000000   000000   000000000000000   000000000000000   0000A0000000
 002070   61014909002   DES00017          2   001   250520   00   000000   0   000000000000000   000   000000000000000   000   000000000000000      000000000000382801   000   000000000382801   0   0000000000   A   0   0000000000   A   000000   000000   000000000000000   000000000000000   0000A0000000
 002070   61014909002   DES00045          2   001   250520   00   000000   0   000000000000000   000   000000000000000   000   000000000000000      000000000000168489   000   000000000168489   0   0000000000   A   0   0000000000   A   000000   000000   000000000000000   000000000000000   0000A0000000
 002070   61014909002   DES00054          2   001   250520   00   000000   0   000000000000000   000   000000000000000   000   000000000000000      000000000000381150   000   000000000381150   0   0000000000   A   0   0000000000   A   000000   000000   000000000000000   000000000000000   0000A0000000
 002070   61014909002   53175X1           2   001   250520   00   000000   0   000000000000000   000   000000000000000   000   000000000000000      000000000003723915   000   000000003723915   0   0000000000   A   0   0000000000   A   000000   000000   000000000000000   000000000000000   0000A0000000
 002070   63037288701   53986X1           2   001   250520   00   000000   0   000000000000000   000   000000000000000   000   000000000000000      000000000000238054   000   000000000238054   0   0000000000   A   0   0000000000   A   000000   000000   000000000000000   000000000000000   0000A0000000
 002070   63037288701   53986X1           2   001   260520   00   000000   0   000000000000000   000   000000000000000   000   000000000000000      000000000000238054   000   000000000238054   0   0000000000   A   0   0000000000   A   000000   000000   000000000000000   000000000000000   0000A0000000
 002070   63037288701   53986X1           2   001   260520   00   000000   0   000000000000000   000   000000000000000   000   000000000000000      000000000000238054   000   000000000238054   0   0000000000   A   0   0000000000   A   000000   000000   000000000000000   000000000000000   0000A0000000
 002070   63037288701   58373X1           2   003   260520   00   000000   0   000000000000000   000   000000000000000   000   000000000000000      000000000000367140   000   000000001101419   0   0000000000   A   0   0000000000   A   000000   000000   000000000000000   000000000000000   0000A0000000
 002070   63037288701   29366X1           2   003   260520   00   000000   0   000000000000000   000   000000000000000   000   000000000000000      000000000000498756   000   000000001496267   0   0000000000   A   0   0000000000   A   000000   000000   000000000000000   000000000000000   0000A0000000
 002070   63037288701   58606X1           2   003   260520   00   000000   0   000000000000000   000   000000000000000   000   000000000000000      000000000000460026   000   000000001380078   0   0000000000   A   0   0000000000   A   000000   000000   000000000000000   000000000000000   0000A0000000
 002070   63037288701   51999X1           2   003   260520   00   000000   0   000000000000000   000   000000000000000   000   000000000000000      000000000010729910   000   000000032189999   0   0000000000   A   0   0000000000   A   000000   000000   000000000000000   000000000000000   0000A0000000
 002070   63037288701   53175X1           2   001   260520   00   000000   0   000000000000000   000   000000000000000   000   000000000000000      000000000003723915   000   000000003723915   0   0000000000   A   0   0000000000   A   000000   000000   000000000000000   000000000000000   0000A0000000
 002070   63037288701   53175X1           2   002   260520   00   000000   0   000000000000000   000   000000000000000   000   000000000000000      000000000003723914   000   000000007447829   0   0000000000   A   0   0000000000   A   000000   000000   000000000000000   000000000000000   0000A0000000
 002070   63037288701   58823X1           2   001   260520   00   000000   0   000000000000000   000   000000000000000   000   000000000000000      000000000000486873   000   000000000486873   0   0000000000   A   0   0000000000   A   000000   000000   000000000000000   000000000000000   0000A0000000
 002070   63037288701   59442X1           2   001   260520   00   000000   0   000000000000000   000   000000000000000   000   000000000000000      000000000001198957   000   000000001198957   0   0000000000   A   0   0000000000   A   000000   000000   000000000000000   000000000000000   0000A0000000
 002070   63037288701   18693X1           2   001   260520   00   000000   0   000000000000000   000   000000000000000   000   000000000000000      000000000007733659   000   000000007733659   0   0000000000   A   0   0000000000   A   000000   000000   000000000000000   000000000000000   0000A0000000
 002070   15202625201   29366X1           2   001   260520   00   000000   0   000000000000000   000   000000000000000   000   000000000000000      000000000000498756   000   000000000498756   0   0000000000   A   0   0000000000   A   000000   000000   000000000000000   000000000000000   0000A0000000
 002070   15202625201   DES00017          2   001   260520   00   000000   0   000000000000000   000   000000000000000   000   000000000000000      000000000000382801   000   000000000382801   0   0000000000   A   0   0000000000   A   000000   000000   000000000000000   000000000000000   0000A0000000
 002070   15202625201   58606X1           2   001   260520   00   000000   0   000000000000000   000   000000000000000   000   000000000000000      000000000000460026   000   000000000460026   0   0000000000   A   0   0000000000   A   000000   000000   000000000000000   000000000000000   0000A0000000
 002070   15202625201   DES00045          2   001   260520   00   000000   0   000000000000000   000   000000000000000   000   000000000000000      000000000000168489   000   000000000168489   0   0000000000   A   0   0000000000   A   000000   000000   000000000000000   000000000000000   0000A0000000
 002070   15202625201   DES00054          2   001   260520   00   000000   0   000000000000000   000   000000000000000   000   000000000000000      000000000000381150   000   000000000381150   0   0000000000   A   0   0000000000   A   000000   000000   000000000000000   000000000000000   0000A0000000
 002070   15202625201   DES00247          2   001   260520   00   000000   0   000000000000000   000   000000000000000   000   000000000000000      000000000002472750   000   000000002472750   0   0000000000   A   0   0000000000   A   000000   000000   000000000000000   000000000000000   0000A0000000
 002070   15202625201   53175X1           2   001   260520   00   000000   0   000000000000000   000   000000000000000   000   000000000000000      000000000003723915   000   000000003723915   0   0000000000   A   0   0000000000   A   000000   000000   000000000000000   000000000000000   0000A0000000
 002070   61426631802   53175X1           2   001   260520   00   000000   0   000000000000000   000   000000000000000   000   000000000000000      000000000003723915   000   000000003723915   0   0000000000   A   0   0000000000   A   000000   000000   000000000000000   000000000000000   0000A0000000
 002070   61426631802   DES00055          2   001   260520   00   000000   0   000000000000000   000   000000000000000   000   000000000000000      000000000001184071   000   000000001184071   0   0000000000   A   0   0000000000   A   000000   000000   000000000000000   000000000000000   0000A0000000
 002070   61426631802   DES00248          2   001   260520   00   000000   0   000000000000000   000   000000000000000   000   000000000000000      000000000002472750   000   000000002472750   0   0000000000   A   0   0000000000   A   000000   000000   000000000000000   000000000000000   0000A0000000
 002070   61426631802   DES00045          2   001   260520   00   000000   0   000000000000000   000   000000000000000   000   000000000000000      000000000000168489   000   000000000168489   0   0000000000   A   0   0000000000   A   000000   000000   000000000000000   000000000000000   0000A0000000
 002070   61426631802   53179X1           2   001   260520   00   000000   0   000000000000000   000   000000000000000   000   000000000000000      000000000004394405   000   000000004394405   0   0000000000   A   0   0000000000   A   000000   000000   000000000000000   000000000000000   0000A0000000
 002070   61426631802   58606X1           2   003   260520   00   000000   0   000000000000000   000   000000000000000   000   000000000000000      000000000000460026   000   000000001380078   0   0000000000   A   0   0000000000   A   000000   000000   000000000000000   000000000000000   0000A0000000
 002070   61426631802   32583X1           2   002   260520   00   000000   0   000000000000000   000   000000000000000   000   000000000000000      000000000000747276   000   000000001494551   0   0000000000   A   0   0000000000   A   000000   000000   000000000000000   000000000000000   0000A0000000
 002070   61426631802   DES00055          2   001   260520   00   000000   0   000000000000000   000   000000000000000   000   000000000000000      000000000001184071   000   000000001184071   0   0000000000   A   0   0000000000   A   000000   000000   000000000000000   000000000000000   0000A0000000
 002070   61426631802   29366X1           2   002   260520   00   000000   0   000000000000000   000   000000000000000   000   000000000000000      000000000000498756   000   000000000997511   0   0000000000   A   0   0000000000   A   000000   000000   000000000000000   000000000000000   0000A0000000
 002070   61426631802   58373X1           2   001   260520   00   000000   0   000000000000000   000   000000000000000   000   000000000000000      000000000000367140   000   000000000367140   0   0000000000   A   0   0000000000   A   000000   000000   000000000000000   000000000000000   0000A0000000
 002070   61426631802   49941X1           2   003   260520   00   000000   0   000000000000000   000   000000000000000   000   000000000000000      000000000001984703   000   000000005954110   0   0000000000   A   0   0000000000   A   000000   000000   000000000000000   000000000000000   0000A0000000
 002070   61426631802   DES00047          2   001   260520   00   000000   0   000000000000000   000   000000000000000   000   000000000000000      000000000004095457   000   000000004095457   0   0000000000   A   0   0000000000   A   000000   000000   000000000000000   000000000000000   0000A0000000
 002070   61426631802   53175X1           2   001   260520   00   000000   0   000000000000000   000   000000000000000   000   000000000000000      000000000003723915   000   000000003723915   0   0000000000   A   0   0000000000   A   000000   000000   000000000000000   000000000000000   0000A0000000
 002070   61426631802   45332X1           2   004   260520   00   000000   0   000000000000000   000   000000000000000   000   000000000000000      000000000001638848   000   000000006555391   0   0000000000   A   0   0000000000   A   000000   000000   000000000000000   000000000000000   0000A0000000
 002070   15202625201   53175X1           2   003   260520   00   000000   0   000000000000000   000   000000000000000   000   000000000000000      000000000003723915   000   000000011171745   0   0000000000   A   0   0000000000   A   000000   000000   000000000000000   000000000000000   0000A0000000
 002070   15202625201   29366X1           2   003   260520   00   000000   0   000000000000000   000   000000000000000   000   000000000000000      000000000000498756   000   000000001496267   0   0000000000   A   0   0000000000   A   000000   000000   000000000000000   000000000000000   0000A0000000
 002070   15202625201   58606X1           2   003   260520   00   000000   0   000000000000000   000   000000000000000   000   000000000000000      000000000000460026   000   000000001380078   0   0000000000   A   0   0000000000   A   000000   000000   000000000000000   000000000000000   0000A0000000
 002070   15202625201   56438X1           2   008   260520   00   000000   0   000000000000000   000   000000000000000   000   000000000000000      000000000001743854   000   000000013950835   0   0000000000   A   0   0000000000   A   000000   000000   000000000000000   000000000000000   0000A0000000
 002070   15202625201   DES00047          2   001   260520   00   000000   0   000000000000000   000   000000000000000   000   000000000000000      000000000004095457   000   000000004095457   0   0000000000   A   0   0000000000   A   000000   000000   000000000000000   000000000000000   0000A0000000
 002070   15202625201   53175X1           2   001   260520   00   000000   0   000000000000000   000   000000000000000   000   000000000000000      000000000003723915   000   000000003723915   0   0000000000   A   0   0000000000   A   000000   000000   000000000000000   000000000000000   0000A0000000
 002070   15202625201   DES00247          2   001   260520   00   000000   0   000000000000000   000   000000000000000   000   000000000000000      000000000002472750   000   000000002472750   0   0000000000   A   0   0000000000   A   000000   000000   000000000000000   000000000000000   0000A0000000
 002070   15202625201   40297X1           2   002   260520   00   000000   0   000000000000000   000   000000000000000   000   000000000000000      000000000000521785   000   000000001043570   0   0000000000   A   0   0000000000   A   000000   000000   000000000000000   000000000000000   0000A0000000
 002070   63037288701   53986X1           2   002   260520   00   000000   0   000000000000000   000   000000000000000   000   000000000000000      000000000000238054   000   000000000476107   0   0000000000   A   0   0000000000   A   000000   000000   000000000000000   000000000000000   0000A0000000
 002070   61426631802   45717X1           2   001   260520   00   000000   0   000000000000000   000   000000000000000   000   000000000000000      000000000000034283   000   000000000034283   0   0000000000   A   0   0000000000   A   000000   000000   000000000000000   000000000000000   0000A0000000
 002070   15202625201   53175X1           2   003   270520   00   000000   0   000000000000000   000   000000000000000   000   000000000000000      000000000003723915   000   000000011171745   0   0000000000   A   0   0000000000   A   000000   000000   000000000000000   000000000000000   0000A0000000
 002070   15202625201   29366X1           2   003   270520   00   000000   0   000000000000000   000   000000000000000   000   000000000000000      000000000000498756   000   000000001496267   0   0000000000   A   0   0000000000   A   000000   000000   000000000000000   000000000000000   0000A0000000
 002070   15202625201   58606X1           2   003   270520   00   000000   0   000000000000000   000   000000000000000   000   000000000000000      000000000000460026   000   000000001380078   0   0000000000   A   0   0000000000   A   000000   000000   000000000000000   000000000000000   0000A0000000
 002070   15202625201   56438X1           2   006   270520   00   000000   0   000000000000000   000   000000000000000   000   000000000000000      000000000001743854   000   000000010463126   0   0000000000   A   0   0000000000   A   000000   000000   000000000000000   000000000000000   0000A0000000
 002070   15202625201   53175X1           2   001   270520   00   000000   0   000000000000000   000   000000000000000   000   000000000000000      000000000003723915   000   000000003723915   0   0000000000   A   0   0000000000   A   000000   000000   000000000000000   000000000000000   0000A0000000
 002070   15202625201   40297X1           2   002   270520   00   000000   0   000000000000000   000   000000000000000   000   000000000000000      000000000000521785   000   000000001043570   0   0000000000   A   0   0000000000   A   000000   000000   000000000000000   000000000000000   0000A0000000
 002070   63037288701   58606X1           2   003   270520   00   000000   0   000000000000000   000   000000000000000   000   000000000000000      000000000000460026   000   000000001380078   0   0000000000   A   0   0000000000   A   000000   000000   000000000000000   000000000000000   0000A0000000
 002070   63037288701   53175X1           2   005   270520   00   000000   0   000000000000000   000   000000000000000   000   000000000000000      000000000003723915   000   000000018619574   0   0000000000   A   0   0000000000   A   000000   000000   000000000000000   000000000000000   0000A0000000
 002070   63037288701   58373X1           2   003   270520   00   000000   0   000000000000000   000   000000000000000   000   000000000000000      000000000000367140   000   000000001101419   0   0000000000   A   0   0000000000   A   000000   000000   000000000000000   000000000000000   0000A0000000
 002070   63037288701   29366X1           2   003   270520   00   000000   0   000000000000000   000   000000000000000   000   000000000000000      000000000000498756   000   000000001496267   0   0000000000   A   0   0000000000   A   000000   000000   000000000000000   000000000000000   0000A0000000
 002070   63037288701   18693X1           2   001   270520   00   000000   0   000000000000000   000   000000000000000   000   000000000000000      000000000007733659   000   000000007733659   0   0000000000   A   0   0000000000   A   000000   000000   000000000000000   000000000000000   0000A0000000
 002070   63037288701   51999X1           2   003   270520   00   000000   0   000000000000000   000   000000000000000   000   000000000000000      000000000010729910   000   000000032189999   0   0000000000   A   0   0000000000   A   000000   000000   000000000000000   000000000000000   0000A0000000
 002070   63037288701   53175X1           2   001   270520   00   000000   0   000000000000000   000   000000000000000   000   000000000000000      000000000003723915   000   000000003723915   0   0000000000   A   0   0000000000   A   000000   000000   000000000000000   000000000000000   0000A0000000
 002070   61426631802   53179X1           2   001   270520   00   000000   0   000000000000000   000   000000000000000   000   000000000000000      000000000004394405   000   000000004394405   0   0000000000   A   0   0000000000   A   000000   000000   000000000000000   000000000000000   0000A0000000
 002070   61426631802   58606X1           2   003   270520   00   000000   0   000000000000000   000   000000000000000   000   000000000000000      000000000000460026   000   000000001380078   0   0000000000   A   0   0000000000   A   000000   000000   000000000000000   000000000000000   0000A0000000
 002070   61426631802   32583X1           2   002   270520   00   000000   0   000000000000000   000   000000000000000   000   000000000000000      000000000000747276   000   000000001494551   0   0000000000   A   0   0000000000   A   000000   000000   000000000000000   000000000000000   0000A0000000
 002070   61426631802   29366X1           2   002   270520   00   000000   0   000000000000000   000   000000000000000   000   000000000000000      000000000000498756   000   000000000997511   0   0000000000   A   0   0000000000   A   000000   000000   000000000000000   000000000000000   0000A0000000
 002070   61426631802   49941X1           2   001   270520   00   000000   0   000000000000000   000   000000000000000   000   000000000000000      000000000001984703   000   000000001984703   0   0000000000   A   0   0000000000   A   000000   000000   000000000000000   000000000000000   0000A0000000
 002070   61426631802   49924X1           2   001   270520   00   000000   0   000000000000000   000   000000000000000   000   000000000000000      000000000001412419   000   000000001412419   0   0000000000   A   0   0000000000   A   000000   000000   000000000000000   000000000000000   0000A0000000
 002070   61426631802   45332X1           2   002   270520   00   000000   0   000000000000000   000   000000000000000   000   000000000000000      000000000001638848   000   000000003277696   0   0000000000   A   0   0000000000   A   000000   000000   000000000000000   000000000000000   0000A0000000
 002070   61426631802   45717X1           2   001   270520   00   000000   0   000000000000000   000   000000000000000   000   000000000000000      000000000000034283   000   000000000034283   0   0000000000   A   0   0000000000   A   000000   000000   000000000000000   000000000000000   0000A0000000
 002070   63037288701   53986X1           2   002   270520   00   000000   0   000000000000000   000   000000000000000   000   000000000000000      000000000000238054   000   000000000476107   0   0000000000   A   0   0000000000   A   000000   000000   000000000000000   000000000000000   0000A0000000
 002070   61426631802   58606X1           2   003   270520   00   000000   0   000000000000000   000   000000000000000   000   000000000000000      000000000000460026   000   000000001380078   0   0000000000   A   0   0000000000   A   000000   000000   000000000000000   000000000000000   0000A0000000
 002070   61426631802   32583X1           2   001   270520   00   000000   0   000000000000000   000   000000000000000   000   000000000000000      000000000000747275   000   000000000747275   0   0000000000   A   0   0000000000   A   000000   000000   000000000000000   000000000000000   0000A0000000
 002070   61426631802   DES00045          2   001   270520   00   000000   0   000000000000000   000   000000000000000   000   000000000000000      000000000000168489   000   000000000168489   0   0000000000   A   0   0000000000   A   000000   000000   000000000000000   000000000000000   0000A0000000
 002070   61426631802   DES00055          2   001   270520   00   000000   0   000000000000000   000   000000000000000   000   000000000000000      000000000001184071   000   000000001184071   0   0000000000   A   0   0000000000   A   000000   000000   000000000000000   000000000000000   0000A0000000
 002070   61426631802   58373X1           2   003   270520   00   000000   0   000000000000000   000   000000000000000   000   000000000000000      000000000000367140   000   000000001101419   0   0000000000   A   0   0000000000   A   000000   000000   000000000000000   000000000000000   0000A0000000
 002070   15202625201   DES00055          2   001   270520   00   000000   0   000000000000000   000   000000000000000   000   000000000000000      000000000001184071   000   000000001184071   0   0000000000   A   0   0000000000   A   000000   000000   000000000000000   000000000000000   0000A0000000
 002070   63037288701   58606X1           2   003   280520   00   000000   0   000000000000000   000   000000000000000   000   000000000000000      000000000000460026   000   000000001380078   0   0000000000   A   0   0000000000   A   000000   000000   000000000000000   000000000000000   0000A0000000
 002070   63037288701   53175X1           2   005   280520   00   000000   0   000000000000000   000   000000000000000   000   000000000000000      000000000003723915   000   000000018619574   0   0000000000   A   0   0000000000   A   000000   000000   000000000000000   000000000000000   0000A0000000
 002070   63037288701   58373X1           2   003   280520   00   000000   0   000000000000000   000   000000000000000   000   000000000000000      000000000000367140   000   000000001101419   0   0000000000   A   0   0000000000   A   000000   000000   000000000000000   000000000000000   0000A0000000
 002070   63037288701   29366X1           2   003   280520   00   000000   0   000000000000000   000   000000000000000   000   000000000000000      000000000000498756   000   000000001496267   0   0000000000   A   0   0000000000   A   000000   000000   000000000000000   000000000000000   0000A0000000
 002070   63037288701   18693X1           2   001   280520   00   000000   0   000000000000000   000   000000000000000   000   000000000000000      000000000007733659   000   000000007733659   0   0000000000   A   0   0000000000   A   000000   000000   000000000000000   000000000000000   0000A0000000
 002070   63037288701   51999X1           2   003   280520   00   000000   0   000000000000000   000   000000000000000   000   000000000000000      000000000010729910   000   000000032189999   0   0000000000   A   0   0000000000   A   000000   000000   000000000000000   000000000000000   0000A0000000
 002070   63037288701   53175X1           2   001   280520   00   000000   0   000000000000000   000   000000000000000   000   000000000000000      000000000003723915   000   000000003723915   0   0000000000   A   0   0000000000   A   000000   000000   000000000000000   000000000000000   0000A0000000
 002070   61426631802   29366X1           2   001   280520   00   000000   0   000000000000000   000   000000000000000   000   000000000000000      000000000000498756   000   000000000498756   0   0000000000   A   0   0000000000   A   000000   000000   000000000000000   000000000000000   0000A0000000
 002070   61426631802   45332X1           2   001   280520   00   000000   0   000000000000000   000   000000000000000   000   000000000000000      000000000001638848   000   000000001638848   0   0000000000   A   0   0000000000   A   000000   000000   000000000000000   000000000000000   0000A0000000
 002070   63037288701   53986X1           2   002   280520   00   000000   0   000000000000000   000   000000000000000   000   000000000000000      000000000000238054   000   000000000476107   0   0000000000   A   0   0000000000   A   000000   000000   000000000000000   000000000000000   0000A0000000
 002070   63037288701   58606X1           2   003   290520   00   000000   0   000000000000000   000   000000000000000   000   000000000000000      000000000000460026   000   000000001380078   0   0000000000   A   0   0000000000   A   000000   000000   000000000000000   000000000000000   0000A0000000
 002070   63037288701   53175X1           2   005   290520   00   000000   0   000000000000000   000   000000000000000   000   000000000000000      000000000003723915   000   000000018619574   0   0000000000   A   0   0000000000   A   000000   000000   000000000000000   000000000000000   0000A0000000
 002070   63037288701   58373X1           2   003   290520   00   000000   0   000000000000000   000   000000000000000   000   000000000000000      000000000000367140   000   000000001101419   0   0000000000   A   0   0000000000   A   000000   000000   000000000000000   000000000000000   0000A0000000
 002070   63037288701   29366X1           2   003   290520   00   000000   0   000000000000000   000   000000000000000   000   000000000000000      000000000000498756   000   000000001496267   0   0000000000   A   0   0000000000   A   000000   000000   000000000000000   000000000000000   0000A0000000
 002070   63037288701   18693X1           2   001   290520   00   000000   0   000000000000000   000   000000000000000   000   000000000000000      000000000007733659   000   000000007733659   0   0000000000   A   0   0000000000   A   000000   000000   000000000000000   000000000000000   0000A0000000
 002070   63037288701   51999X1           2   003   290520   00   000000   0   000000000000000   000   000000000000000   000   000000000000000      000000000010729910   000   000000032189999   0   0000000000   A   0   0000000000   A   000000   000000   000000000000000   000000000000000   0000A0000000
 002070   63037288701   53986X1           2   002   290520   00   000000   0   000000000000000   000   000000000000000   000   000000000000000      000000000000238054   000   000000000476107   0   0000000000   A   0   0000000000   A   000000   000000   000000000000000   000000000000000   0000A0000000
 002070   63037288701   53986X1           2   002   290520   00   000000   0   000000000000000   000   000000000000000   000   000000000000000      000000000000238054   000   000000000476107   0   0000000000   A   0   0000000000   A   000000   000000   000000000000000   000000000000000   0000A0000000
 002070   63037288701   58606X1           2   003   300520   00   000000   0   000000000000000   000   000000000000000   000   000000000000000      000000000000460026   000   000000001380078   0   0000000000   A   0   0000000000   A   000000   000000   000000000000000   000000000000000   0000A0000000
 002070   63037288701   53175X1           2   009   300520   00   000000   0   000000000000000   000   000000000000000   000   000000000000000      000000000003723915   000   000000033515232   0   0000000000   A   0   0000000000   A   000000   000000   000000000000000   000000000000000   0000A0000000
 002070   63037288701   58373X1           2   003   300520   00   000000   0   000000000000000   000   000000000000000   000   000000000000000      000000000000367140   000   000000001101419   0   0000000000   A   0   0000000000   A   000000   000000   000000000000000   000000000000000   0000A0000000
 002070   63037288701   18693X1           2   002   300520   00   000000   0   000000000000000   000   000000000000000   000   000000000000000      000000000007733658   000   000000015467317   0   0000000000   A   0   0000000000   A   000000   000000   000000000000000   000000000000000   0000A0000000
 002070   63037288701   51999X1           2   003   300520   00   000000   0   000000000000000   000   000000000000000   000   000000000000000      000000000010729910   000   000000032189999   0   0000000000   A   0   0000000000   A   000000   000000   000000000000000   000000000000000   0000A0000000
 002070   63037288701   53175X1           2   002   300520   00   000000   0   000000000000000   000   000000000000000   000   000000000000000      000000000003723914   000   000000007447829   0   0000000000   A   0   0000000000   A   000000   000000   000000000000000   000000000000000   0000A0000000
 002070   63037288701   DES00009          2   001   300520   00   000000   0   000000000000000   000   000000000000000   000   000000000000000      000000000000193991   000   000000000193991   0   0000000000   A   0   0000000000   A   000000   000000   000000000000000   000000000000000   0000A0000000
 002070   61426631802   29366X1           2   002   300520   00   000000   0   000000000000000   000   000000000000000   000   000000000000000      000000000000498756   000   000000000997511   0   0000000000   A   0   0000000000   A   000000   000000   000000000000000   000000000000000   0000A0000000
 002070   61426631802   DES00018          2   001   300520   00   000000   0   000000000000000   000   000000000000000   000   000000000000000      000000000000382801   000   000000000382801   0   0000000000   A   0   0000000000   A   000000   000000   000000000000000   000000000000000   0000A0000000
 002070   61426631802   40297X1           2   001   300520   00   000000   0   000000000000000   000   000000000000000   000   000000000000000      000000000000521785   000   000000000521785   0   0000000000   A   0   0000000000   A   000000   000000   000000000000000   000000000000000   0000A0000000
 002070   61426631802   DES00045          2   001   300520   00   000000   0   000000000000000   000   000000000000000   000   000000000000000      000000000000168489   000   000000000168489   0   0000000000   A   0   0000000000   A   000000   000000   000000000000000   000000000000000   0000A0000000
 002070   61426631802   DES00054          2   001   300520   00   000000   0   000000000000000   000   000000000000000   000   000000000000000      000000000000381150   000   000000000381150   0   0000000000   A   0   0000000000   A   000000   000000   000000000000000   000000000000000   0000A0000000
 002070   61426631802   DES00247          2   001   300520   00   000000   0   000000000000000   000   000000000000000   000   000000000000000      000000000002472750   000   000000002472750   0   0000000000   A   0   0000000000   A   000000   000000   000000000000000   000000000000000   0000A0000000
 002070   61426631802   53175X1           2   001   300520   00   000000   0   000000000000000   000   000000000000000   000   000000000000000      000000000003723915   000   000000003723915   0   0000000000   A   0   0000000000   A   000000   000000   000000000000000   000000000000000   0000A0000000
 002070   61426631802   DES00055          2   001   300520   00   000000   0   000000000000000   000   000000000000000   000   000000000000000      000000000001184071   000   000000001184071   0   0000000000   A   0   0000000000   A   000000   000000   000000000000000   000000000000000   0000A0000000
 002070   61426631802   11929X1           2   001   010620   00   000000   0   000000000000000   000   000000000000000   000   000000000000000      000000000002598740   000   000000002598740   0   0000000000   A   0   0000000000   A   000000   000000   000000000000000   000000000000000   0000A0000000
 002070   61426631802   58606X1           2   003   010620   00   000000   0   000000000000000   000   000000000000000   000   000000000000000      000000000000460026   000   000000001380078   0   0000000000   A   0   0000000000   A   000000   000000   000000000000000   000000000000000   0000A0000000
 002070   61426631802   DES00045          2   001   010620   00   000000   0   000000000000000   000   000000000000000   000   000000000000000      000000000000168489   000   000000000168489   0   0000000000   A   0   0000000000   A   000000   000000   000000000000000   000000000000000   0000A0000000
 002070   61426631802   DES00055          2   001   010620   00   000000   0   000000000000000   000   000000000000000   000   000000000000000      000000000001184071   000   000000001184071   0   0000000000   A   0   0000000000   A   000000   000000   000000000000000   000000000000000   0000A0000000
 002070   61426631802   40297X1           2   002   010620   00   000000   0   000000000000000   000   000000000000000   000   000000000000000      000000000000521785   000   000000001043570   0   0000000000   A   0   0000000000   A   000000   000000   000000000000000   000000000000000   0000A0000000
 002070   61426631802   DES00247          2   001   010620   00   000000   0   000000000000000   000   000000000000000   000   000000000000000      000000000002472750   000   000000002472750   0   0000000000   A   0   0000000000   A   000000   000000   000000000000000   000000000000000   0000A0000000
 002070   61426631802   53179X1           2   001   010620   00   000000   0   000000000000000   000   000000000000000   000   000000000000000      000000000004394405   000   000000004394405   0   0000000000   A   0   0000000000   A   000000   000000   000000000000000   000000000000000   0000A0000000
 002070   61426631802   DES00055          2   001   010620   00   000000   0   000000000000000   000   000000000000000   000   000000000000000      000000000001184071   000   000000001184071   0   0000000000   A   0   0000000000   A   000000   000000   000000000000000   000000000000000   0000A0000000
 002070   61426631802   45332X1           2   001   010620   00   000000   0   000000000000000   000   000000000000000   000   000000000000000      000000000001638848   000   000000001638848   0   0000000000   A   0   0000000000   A   000000   000000   000000000000000   000000000000000   0000A0000000
 002070   61426631802   45332X1           2   001   010620   00   000000   0   000000000000000   000   000000000000000   000   000000000000000      000000000001638848   000   000000001638848   0   0000000000   A   0   0000000000   A   000000   000000   000000000000000   000000000000000   0000A0000000
 002070   61426631802   53175X1           2   001   010620   00   000000   0   000000000000000   000   000000000000000   000   000000000000000      000000000003723915   000   000000003723915   0   0000000000   A   0   0000000000   A   000000   000000   000000000000000   000000000000000   0000A0000000
 002070   61426631802   58373X1           2   001   010620   00   000000   0   000000000000000   000   000000000000000   000   000000000000000      000000000000367140   000   000000000367140   0   0000000000   A   0   0000000000   A   000000   000000   000000000000000   000000000000000   0000A0000000
 002070   63166956501   170101            2   001   080520   00   000000   0   000000000794314   000   000000000000000   000   000000000000000      000000000000000000   000   000000000794314   0   0000000000   A   0   0000000000   A   000000   000000   000000000000000   000000000000000   0000A0000000
 002070   63166956501   420303            2   001   080520   00   000000   0   000000001332300   000   000000000000000   000   000000000000000      000000000000000000   000   000000001332300   0   0000000000   A   0   0000000000   A   000000   000000   000000000000000   000000000000000   0000A0000000
 002070   62969454001   170101            2   001   110520   00   000000   0   000000000794314   000   000000000000000   000   000000000000000      000000000000000000   000   000000000794314   0   0000000000   A   0   0000000000   A   000000   000000   000000000000000   000000000000000   0000A0000000
 002070   62969454001   420303            2   001   110520   00   000000   0   000000001332300   000   000000000000000   000   000000000000000      000000000000000000   000   000000001332300   0   0000000000   A   0   0000000000   A   000000   000000   000000000000000   000000000000000   0000A0000000
 002070   63037288701   170101            2   001   180520   00   000000   0   000000000794314   000   000000000000000   000   000000000000000      000000000000000000   000   000000000794314   0   0000000000   A   0   0000000000   A   000000   000000   000000000000000   000000000000000   0000A0000000
 002070   63037288701   420303            2   001   180520   00   000000   0   000000001332300   000   000000000000000   000   000000000000000      000000000000000000   000   000000001332300   0   0000000000   A   0   0000000000   A   000000   000000   000000000000000   000000000000000   0000A0000000
 002070   63037288701   420303            2   001   180520   00   000000   0   000000001332300   000   000000000000000   000   000000000000000      000000000000000000   000   000000001332300   0   0000000000   A   0   0000000000   A   000000   000000   000000000000000   000000000000000   0000A0000000
 002070   63037288701   250181            2   015   180520   00   000000   0   000000000559129   000   000000000000000   000   000000000000000      000000000000559129   000   000000016773870   0   0000000000   A   0   0000000000   A   000000   000000   000000000000000   000000000000000   0000A0000000
 002070   63037288701   420301            2   001   220520   00   000000   0   000000001332300   000   000000000000000   000   000000000000000      000000000000000000   000   000000001332300   0   0000000000   A   0   0000000000   A   000000   000000   000000000000000   000000000000000   0000A0000000
 002070   63037288701   430760            2   003   230520   00   000000   0   000000000000000   000   000000000000000   000   000000000000000      000000000000589741   000   000000001769223   0   0000000000   A   0   0000000000   A   000000   000000   000000000000000   000000000000000   0000A0000000
 002070   15204145601   340907            2   001   230520   00   000000   0   000000000000000   000   000000000000000   000   000000000000000      000000000003291460   000   000000003291460   0   0000000000   A   0   0000000000   A   000000   000000   000000000000000   000000000000000   0000A0000000
 002070   63037288701   420303            2   005   260520   00   000000   0   000000001332300   000   000000000000000   000   000000000000000      000000000000000000   000   000000006661500   0   0000000000   A   0   0000000000   A   000000   000000   000000000000000   000000000000000   0000A0000000
 002070   15202625201   170101            2   001   260520   00   000000   0   000000000794314   000   000000000000000   000   000000000000000      000000000000000000   000   000000000794314   0   0000000000   A   0   0000000000   A   000000   000000   000000000000000   000000000000000   0000A0000000
 002070   15202625201   420303            2   001   260520   00   000000   0   000000001332300   000   000000000000000   000   000000000000000      000000000000000000   000   000000001332300   0   0000000000   A   0   0000000000   A   000000   000000   000000000000000   000000000000000   0000A0000000
 002070   63037288701   420303            2   001   270520   00   000000   0   000000001332300   000   000000000000000   000   000000000000000      000000000000000000   000   000000001332300   0   0000000000   A   0   0000000000   A   000000   000000   000000000000000   000000000000000   0000A0000000
 002070   63037288701   420303            2   001   280520   00   000000   0   000000001332300   000   000000000000000   000   000000000000000      000000000000000000   000   000000001332300   0   0000000000   A   0   0000000000   A   000000   000000   000000000000000   000000000000000   0000A0000000
 002070   61426631802   170101            2   001   300520   00   000000   0   000000000794314   000   000000000000000   000   000000000000000      000000000000000000   000   000000000794314   0   0000000000   A   0   0000000000   A   000000   000000   000000000000000   000000000000000   0000A0000000
 002070   61426631802   420303            2   001   300620   00   000000   0   000000001332300   000   000000000000000   000   000000000000000      000000000000000000   000   000000001332300   0   0000000000   A   0   0000000000   A   000000   000000   000000000000000   000000000000000   0000A0000000
