 026070   61753668501   430171            2   002   270220   00   000000   0   000000000000000   000   000000000000000   000   000000000000000      000000000022133464   000   000000044266928   0   0000000000   A   0   0000000000   A   000000   000000   000000000000000   000000000000000   0000A0000000
 002070   61753668501   400101            2   003   010326   00   000000   0   000000000000000   000   000000000000000   000   000000000000000      000000000036608266   000   000000109824798   0   0000000000   A   0   0000000000   A   000000   000000   000000000000000   000000000000000   0000A0000000
 002070   00000000000   430185            2   001   020326   00   000000   0   000000000000000   000   000000000000000   000   000000000000000      000000000007794966   000   000000007794966   0   0000000000   A   0   0000000000   A   000000   000000   000000000000000   000000000000000   0000A0000000
 002070   62729428501   400101            2   017   030326   00   000000   0   000000000000000   000   000000000000000   000   000000000000000      000000000036608266   000   000000622340522   0   0000000000   A   0   0000000000   A   000000   000000   000000000000000   000000000000000   0000A0000000
 002070   61753668501   430171            2   005   040326   00   000000   0   000000000000000   000   000000000000000   000   000000000000000      000000000022133464   000   000000110667320   0   0000000000   A   0   0000000000   A   000000   000000   000000000000000   000000000000000   0000A0000000
 002070   62934649501   430171            2   002   080326   00   000000   0   000000000000000   000   000000000000000   000   000000000000000      000000000022133464   000   000000044266928   0   0000000000   A   0   0000000000   A   000000   000000   000000000000000   000000000000000   0000A0000000
 002070   62278753701   400101            2   001   090326   00   000000   0   000000000000000   000   000000000000000   000   000000000000000      000000000036608266   000   000000036608266   0   0000000000   A   0   0000000000   A   000000   000000   000000000000000   000000000000000   0000A0000000
 002070   61978680803   430185            2   001   110326   00   000000   0   000000000000000   000   000000000000000   000   000000000000000      000000000007794966   000   000000007794966   0   0000000000   A   0   0000000000   A   000000   000000   000000000000000   000000000000000   0000A0000000
 002070   63289905002   430171            2   001   110326   00   000000   0   000000000000000   000   000000000000000   000   000000000000000      000000000022133464   000   000000022133464   0   0000000000   A   0   0000000000   A   000000   000000   000000000000000   000000000000000   0000A0000000
 002070   61867603001   400101            2   001   140326   00   000000   0   000000000000000   000   000000000000000   000   000000000000000      000000000036608266   000   000000036608266   0   0000000000   A   0   0000000000   A   000000   000000   000000000000000   000000000000000   0000A0000000
 002070   61120376501   430185            2   001   190326   00   000000   0   000000000000000   000   000000000000000   000   000000000000000      000000000007794966   000   000000007794966   0   0000000000   A   0   0000000000   A   000000   000000   000000000000000   000000000000000   0000A0000000
 002070   13222261201   430171            2   005   230326   00   000000   0   000000000000000   000   000000000000000   000   000000000000000      000000000022133464   000   000000110667320   0   0000000000   A   0   0000000000   A   000000   000000   000000000000000   000000000000000   0000A0000000
 002070   13222261202   430171            2   003   250326   00   000000   0   000000000000000   000   000000000000000   000   000000000000000      000000000022133464   000   000000066400392   0   0000000000   A   0   0000000000   A   000000   000000   000000000000000   000000000000000   0000A0000000
 002070   61278174601   430171            2   001   260326   00   000000   0   000000000000000   000   000000000000000   000   000000000000000      000000000022133464   000   000000022133464   0   0000000000   A   0   0000000000   A   000000   000000   000000000000000   000000000000000   0000A0000000
 002070   63186274801   430185            2   001   270326   00   000000   0   000000000000000   000   000000000000000   000   000000000000000      000000000007794966   000   000000007794966   0   0000000000   A   0   0000000000   A   000000   000000   000000000000000   000000000000000   0000A0000000
 002070   63289905002   100213            2   001   110326   00   000000   0   000000000000000   000   000000000000000   000   000000000000000      000000000039250860   000   000000039250860   0   0000000000   A   0   0000000000   A   000000   000000   000000000000000   000000000000000   0000A0000000
 002070   61633301202   431101            2   001   190326   00   000000   0   000000000000000   000   000000000000000   000   000000000000000      000000000001122481   000   000000001122481   0   0000000000   A   0   0000000000   A   000000   000000   000000000000000   000000000000000   0000A0000000
 002070   61633301202   031301            2   001   190326   00   000000   0   000000000000000   000   000000000000000   000   000000000000000      000000000019447017   000   000000019447017   0   0000000000   A   0   0000000000   A   000000   000000   000000000000000   000000000000000   0000A0000000
 002070   63135239102   070109            2   001   190326   00   000000   0   000000000000000   000   000000000000000   000   000000000000000      000000000047636271   000   000000047636271   0   0000000000   A   0   0000000000   A   000000   000000   000000000000000   000000000000000   0000A0000000
 002070   63135239102   431101            2   001   190326   00   000000   0   000000000000000   000   000000000000000   000   000000000000000      000000000001122481   000   000000001122481   0   0000000000   A   0   0000000000   A   000000   000000   000000000000000   000000000000000   0000A0000000
 002070   61278174601   080611            2   001   260326   00   000000   0   000000000000000   000   000000000000000   000   000000000000000      000000000021409560   000   000000021409560   0   0000000000   A   0   0000000000   A   000000   000000   000000000000000   000000000000000   0000A0000000
 002070   61917232002   130102            2   001   300326   00   000000   0   000000000000000   000   000000000000000   000   000000000000000      000000000021409560   000   000000021409560   0   0000000000   A   0   0000000000   A   000000   000000   000000000000000   000000000000000   0000A0000000
 002070   61917232002   431101            2   001   300326   00   000000   0   000000000000000   000   000000000000000   000   000000000000000      000000000001122481   000   000000001122481   0   0000000000   A   0   0000000000   A   000000   000000   000000000000000   000000000000000   0000A0000000
 002070   63289905002   055439            2   005   110326   00   000000   0   000000000000000   000   000000000000000   000   000000000000000      000000000003723915   000   000000018619574   0   0000000000   A   0   0000000000   A   000000   000000   000000000000000   000000000000000   0000A0000000
 002070   63289905002   057916            2   001   110326   00   000000   0   000000000000000   000   000000000000000   000   000000000000000      000000000003463200   000   000000003463200   0   0000000000   A   0   0000000000   A   000000   000000   000000000000000   000000000000000   0000A0000000
 002070   63289905002   045332            2   001   110326   00   000000   0   000000000000000   000   000000000000000   000   000000000000000      000000000001517451   000   000000001517451   0   0000000000   A   0   0000000000   A   000000   000000   000000000000000   000000000000000   0000A0000000
 002070   63289905002   034031            2   001   110326   00   000000   0   000000000000000   000   000000000000000   000   000000000000000      000000000001143847   000   000000001143847   0   0000000000   A   0   0000000000   A   000000   000000   000000000000000   000000000000000   0000A0000000
 002070   63289905002   058373            2   001   110326   00   000000   0   000000000000000   000   000000000000000   000   000000000000000      000000000000353019   000   000000000353019   0   0000000000   A   0   0000000000   A   000000   000000   000000000000000   000000000000000   0000A0000000
 002070   63289905002   930306            2   005   110326   00   000000   0   000000000000000   000   000000000000000   000   000000000000000      000000000000047855   000   000000000239274   0   0000000000   A   0   0000000000   A   000000   000000   000000000000000   000000000000000   0000A0000000
 002070   63289905002   930306            2   001   110326   00   000000   0   000000000000000   000   000000000000000   000   000000000000000      000000000003420873   000   000000003420873   0   0000000000   A   0   0000000000   A   000000   000000   000000000000000   000000000000000   0000A0000000
 002070   61633301202   930306            2   001   190326   00   000000   0   000000000000000   000   000000000000000   000   000000000000000      000000000001915268   000   000000001915268   0   0000000000   A   0   0000000000   A   000000   000000   000000000000000   000000000000000   0000A0000000
 002070   61633301202   018164            2   001   190326   00   000000   0   000000000000000   000   000000000000000   000   000000000000000      000000000001658700   000   000000001658700   0   0000000000   A   0   0000000000   A   000000   000000   000000000000000   000000000000000   0000A0000000
 002070   61633301202   052001            2   001   190326   00   000000   0   000000000000000   000   000000000000000   000   000000000000000      000000000003165734   000   000000003165734   0   0000000000   A   0   0000000000   A   000000   000000   000000000000000   000000000000000   0000A0000000
 002070   61633301202   014916            2   025   190326   00   000000   0   000000000000000   000   000000000000000   000   000000000000000      000000000000165190   000   000000004129740   0   0000000000   A   0   0000000000   A   000000   000000   000000000000000   000000000000000   0000A0000000
 002070   61633301202   055439            2   001   190326   00   000000   0   000000000000000   000   000000000000000   000   000000000000000      000000000003723915   000   000000003723915   0   0000000000   A   0   0000000000   A   000000   000000   000000000000000   000000000000000   0000A0000000
 002070   61633301202   031837            2   001   190326   00   000000   0   000000000000000   000   000000000000000   000   000000000000000      000000000001197802   000   000000001197802   0   0000000000   A   0   0000000000   A   000000   000000   000000000000000   000000000000000   0000A0000000
 002070   61633301202   058689            2   001   190326   00   000000   0   000000000000000   000   000000000000000   000   000000000000000      000000000003503563   000   000000003503563   0   0000000000   A   0   0000000000   A   000000   000000   000000000000000   000000000000000   0000A0000000
 002070   61633301202   045332            2   001   190326   00   000000   0   000000000000000   000   000000000000000   000   000000000000000      000000000001517451   000   000000001517451   0   0000000000   A   0   0000000000   A   000000   000000   000000000000000   000000000000000   0000A0000000
 002070   61633301202   034031            2   001   190326   00   000000   0   000000000000000   000   000000000000000   000   000000000000000      000000000001143847   000   000000001143847   0   0000000000   A   0   0000000000   A   000000   000000   000000000000000   000000000000000   0000A0000000
 002070   61633301202   058606            2   001   190326   00   000000   0   000000000000000   000   000000000000000   000   000000000000000      000000000000433987   000   000000000433987   0   0000000000   A   0   0000000000   A   000000   000000   000000000000000   000000000000000   0000A0000000
 002070   61633301202   058373            2   001   190326   00   000000   0   000000000000000   000   000000000000000   000   000000000000000      000000000000353019   000   000000000353019   0   0000000000   A   0   0000000000   A   000000   000000   000000000000000   000000000000000   0000A0000000
 002070   61633301202   930306            2   005   190326   00   000000   0   000000000000000   000   000000000000000   000   000000000000000      000000000000047855   000   000000000239274   0   0000000000   A   0   0000000000   A   000000   000000   000000000000000   000000000000000   0000A0000000
 002070   63135239102   930306            2   001   190326   00   000000   0   000000000000000   000   000000000000000   000   000000000000000      000000000000838946   000   000000000838946   0   0000000000   A   0   0000000000   A   000000   000000   000000000000000   000000000000000   0000A0000000
 002070   63135239102   930306            2   001   190326   00   000000   0   000000000000000   000   000000000000000   000   000000000000000      000000000021019585   000   000000021019585   0   0000000000   A   0   0000000000   A   000000   000000   000000000000000   000000000000000   0000A0000000
 002070   63135239102   015010            2   001   190326   00   000000   0   000000000000000   000   000000000000000   000   000000000000000      000000000001642500   000   000000001642500   0   0000000000   A   0   0000000000   A   000000   000000   000000000000000   000000000000000   0000A0000000
 002070   63135239102   055439            2   002   190326   00   000000   0   000000000000000   000   000000000000000   000   000000000000000      000000000003723914   000   000000007447829   0   0000000000   A   0   0000000000   A   000000   000000   000000000000000   000000000000000   0000A0000000
 002070   63135239102   050933            2   030   190326   00   000000   0   000000000000000   000   000000000000000   000   000000000000000      000000000000165190   000   000000004955688   0   0000000000   A   0   0000000000   A   000000   000000   000000000000000   000000000000000   0000A0000000
 002070   63135239102   060196            2   001   190326   00   000000   0   000000000000000   000   000000000000000   000   000000000000000      000000000001657198   000   000000001657198   0   0000000000   A   0   0000000000   A   000000   000000   000000000000000   000000000000000   0000A0000000
 002070   63135239102   058689            2   001   190326   00   000000   0   000000000000000   000   000000000000000   000   000000000000000      000000000003503563   000   000000003503563   0   0000000000   A   0   0000000000   A   000000   000000   000000000000000   000000000000000   0000A0000000
 002070   63135239102   058373            2   001   190326   00   000000   0   000000000000000   000   000000000000000   000   000000000000000      000000000000353019   000   000000000353019   0   0000000000   A   0   0000000000   A   000000   000000   000000000000000   000000000000000   0000A0000000
 002070   63135239102   930306            2   005   190326   00   000000   0   000000000000000   000   000000000000000   000   000000000000000      000000000000047855   000   000000000239274   0   0000000000   A   0   0000000000   A   000000   000000   000000000000000   000000000000000   0000A0000000
 002070   63135239102   930306            2   001   190326   00   000000   0   000000000000000   000   000000000000000   000   000000000000000      000000000003420873   000   000000003420873   0   0000000000   A   0   0000000000   A   000000   000000   000000000000000   000000000000000   0000A0000000
 002070   61278174601   055439            2   002   260326   00   000000   0   000000000000000   000   000000000000000   000   000000000000000      000000000003723914   000   000000007447829   0   0000000000   A   0   0000000000   A   000000   000000   000000000000000   000000000000000   0000A0000000
 002070   61278174601   058689            2   001   260326   00   000000   0   000000000000000   000   000000000000000   000   000000000000000      000000000003503563   000   000000003503563   0   0000000000   A   0   0000000000   A   000000   000000   000000000000000   000000000000000   0000A0000000
 002070   61278174601   015010            2   001   260326   00   000000   0   000000000000000   000   000000000000000   000   000000000000000      000000000001642500   000   000000001642500   0   0000000000   A   0   0000000000   A   000000   000000   000000000000000   000000000000000   0000A0000000
 002070   61278174601   018163            2   001   260326   00   000000   0   000000000000000   000   000000000000000   000   000000000000000      000000000001404360   000   000000001404360   0   0000000000   A   0   0000000000   A   000000   000000   000000000000000   000000000000000   0000A0000000
 002070   61278174601   022583            2   001   260326   00   000000   0   000000000000000   000   000000000000000   000   000000000000000      000000000002016436   000   000000002016436   0   0000000000   A   0   0000000000   A   000000   000000   000000000000000   000000000000000   0000A0000000
 002070   61278174601   057916            2   001   260326   00   000000   0   000000000000000   000   000000000000000   000   000000000000000      000000000003463200   000   000000003463200   0   0000000000   A   0   0000000000   A   000000   000000   000000000000000   000000000000000   0000A0000000
 002070   61278174601   060196            2   001   260326   00   000000   0   000000000000000   000   000000000000000   000   000000000000000      000000000001657198   000   000000001657198   0   0000000000   A   0   0000000000   A   000000   000000   000000000000000   000000000000000   0000A0000000
 002070   61278174601   031837            2   001   260326   00   000000   0   000000000000000   000   000000000000000   000   000000000000000      000000000001197802   000   000000001197802   0   0000000000   A   0   0000000000   A   000000   000000   000000000000000   000000000000000   0000A0000000
 002070   61278174601   045332            2   001   260326   00   000000   0   000000000000000   000   000000000000000   000   000000000000000      000000000001517451   000   000000001517451   0   0000000000   A   0   0000000000   A   000000   000000   000000000000000   000000000000000   0000A0000000
 002070   61278174601   034031            2   001   260326   00   000000   0   000000000000000   000   000000000000000   000   000000000000000      000000000001143847   000   000000001143847   0   0000000000   A   0   0000000000   A   000000   000000   000000000000000   000000000000000   0000A0000000
 002070   61278174601   058606            2   002   260326   00   000000   0   000000000000000   000   000000000000000   000   000000000000000      000000000000433987   000   000000000867974   0   0000000000   A   0   0000000000   A   000000   000000   000000000000000   000000000000000   0000A0000000
 002070   61278174601   058373            2   001   260326   00   000000   0   000000000000000   000   000000000000000   000   000000000000000      000000000000353019   000   000000000353019   0   0000000000   A   0   0000000000   A   000000   000000   000000000000000   000000000000000   0000A0000000
 002070   61278174601   930306            2   005   260326   00   000000   0   000000000000000   000   000000000000000   000   000000000000000      000000000000047855   000   000000000239274   0   0000000000   A   0   0000000000   A   000000   000000   000000000000000   000000000000000   0000A0000000
 002070   61278174601   930306            2   001   260326   00   000000   0   000000000000000   000   000000000000000   000   000000000000000      000000000003420873   000   000000003420873   0   0000000000   A   0   0000000000   A   000000   000000   000000000000000   000000000000000   0000A0000000
 002070   61917232002   930306            2   001   300326   00   000000   0   000000000000000   000   000000000000000   000   000000000000000      000000000000382801   000   000000000382801   0   0000000000   A   0   0000000000   A   000000   000000   000000000000000   000000000000000   0000A0000000
 002070   61917232002   015010            2   001   300326   00   000000   0   000000000000000   000   000000000000000   000   000000000000000      000000000001642500   000   000000001642500   0   0000000000   A   0   0000000000   A   000000   000000   000000000000000   000000000000000   0000A0000000
 002070   61917232002   018164            2   001   300326   00   000000   0   000000000000000   000   000000000000000   000   000000000000000      000000000001658700   000   000000001658700   0   0000000000   A   0   0000000000   A   000000   000000   000000000000000   000000000000000   0000A0000000
 002070   61917232002   014916            2   030   300326   00   000000   0   000000000000000   000   000000000000000   000   000000000000000      000000000000165190   000   000000004955688   0   0000000000   A   0   0000000000   A   000000   000000   000000000000000   000000000000000   0000A0000000
 002070   61917232002   055439            2   001   300326   00   000000   0   000000000000000   000   000000000000000   000   000000000000000      000000000003723915   000   000000003723915   0   0000000000   A   0   0000000000   A   000000   000000   000000000000000   000000000000000   0000A0000000
 002070   61917232002   032583            2   001   300326   00   000000   0   000000000000000   000   000000000000000   000   000000000000000      000000000000747275   000   000000000747275   0   0000000000   A   0   0000000000   A   000000   000000   000000000000000   000000000000000   0000A0000000
 002070   61917232002   036550            2   001   300326   00   000000   0   000000000000000   000   000000000000000   000   000000000000000      000000000002775181   000   000000002775181   0   0000000000   A   0   0000000000   A   000000   000000   000000000000000   000000000000000   0000A0000000
 002070   61917232002   058689            2   001   300326   00   000000   0   000000000000000   000   000000000000000   000   000000000000000      000000000003503563   000   000000003503563   0   0000000000   A   0   0000000000   A   000000   000000   000000000000000   000000000000000   0000A0000000
 002070   61917232002   930306            2   001   300326   00   000000   0   000000000000000   000   000000000000000   000   000000000000000      000000000003420873   000   000000003420873   0   0000000000   A   0   0000000000   A   000000   000000   000000000000000   000000000000000   0000A0000000
 002070   61917232002   930306            2   002   300326   00   000000   0   000000000000000   000   000000000000000   000   000000000000000      000000000000381150   000   000000000762300   0   0000000000   A   0   0000000000   A   000000   000000   000000000000000   000000000000000   0000A0000000
 002070   61753668501   029366            2   001   270226   00   000000   0   000000000000000   000   000000000000000   000   000000000000000      000000000000488976   000   000000000488976   0   0000000000   A   0   0000000000   A   000000   000000   000000000000000   000000000000000   0000A0000000
 002070   61753668501   930306            2   001   270226   00   000000   0   000000000000000   000   000000000000000   000   000000000000000      000000000000382801   000   000000000382801   0   0000000000   A   0   0000000000   A   000000   000000   000000000000000   000000000000000   0000A0000000
 002070   61753668501   041926            2   001   270226   00   000000   0   000000000000000   000   000000000000000   000   000000000000000      000000000000559741   000   000000000559741   0   0000000000   A   0   0000000000   A   000000   000000   000000000000000   000000000000000   0000A0000000
 002070   61753668501   930306            2   001   270226   00   000000   0   000000000000000   000   000000000000000   000   000000000000000      000000000000381150   000   000000000381150   0   0000000000   A   0   0000000000   A   000000   000000   000000000000000   000000000000000   0000A0000000
 002070   61753668501   058373            2   001   270226   00   000000   0   000000000000000   000   000000000000000   000   000000000000000      000000000000353019   000   000000000353019   0   0000000000   A   0   0000000000   A   000000   000000   000000000000000   000000000000000   0000A0000000
 002070   61753668501   930306            2   001   270226   00   000000   0   000000000000000   000   000000000000000   000   000000000000000      000000000000168489   000   000000000168489   0   0000000000   A   0   0000000000   A   000000   000000   000000000000000   000000000000000   0000A0000000
 002070   61753668501   930306            2   001   270226   00   000000   0   000000000000000   000   000000000000000   000   000000000000000      000000000000381150   000   000000000381150   0   0000000000   A   0   0000000000   A   000000   000000   000000000000000   000000000000000   0000A0000000
 002070   61753668501   055439            2   002   270226   00   000000   0   000000000000000   000   000000000000000   000   000000000000000      000000000003723914   000   000000007447829   0   0000000000   A   0   0000000000   A   000000   000000   000000000000000   000000000000000   0000A0000000
 002070   61753668501   055439            2   001   280226   00   000000   0   000000000000000   000   000000000000000   000   000000000000000      000000000003723915   000   000000003723915   0   0000000000   A   0   0000000000   A   000000   000000   000000000000000   000000000000000   0000A0000000
 002070   61753668501   055439            2   012   280226   00   000000   0   000000000000000   000   000000000000000   000   000000000000000      000000000003723915   000   000000044686976   0   0000000000   A   0   0000000000   A   000000   000000   000000000000000   000000000000000   0000A0000000
 002070   61753668501   041926            2   006   280226   00   000000   0   000000000000000   000   000000000000000   000   000000000000000      000000000000559741   000   000000003358444   0   0000000000   A   0   0000000000   A   000000   000000   000000000000000   000000000000000   0000A0000000
 002070   61753668501   029366            2   006   280226   00   000000   0   000000000000000   000   000000000000000   000   000000000000000      000000000000488976   000   000000002933858   0   0000000000   A   0   0000000000   A   000000   000000   000000000000000   000000000000000   0000A0000000
 002070   61753668501   058606            2   006   280226   00   000000   0   000000000000000   000   000000000000000   000   000000000000000      000000000000433987   000   000000002603923   0   0000000000   A   0   0000000000   A   000000   000000   000000000000000   000000000000000   0000A0000000
 002070   61753668501   022323            2   002   280226   00   000000   0   000000000000000   000   000000000000000   000   000000000000000      000000000001959430   000   000000003918861   0   0000000000   A   0   0000000000   A   000000   000000   000000000000000   000000000000000   0000A0000000
 002070   61753668501   055439            2   001   280226   00   000000   0   000000000000000   000   000000000000000   000   000000000000000      000000000003723915   000   000000003723915   0   0000000000   A   0   0000000000   A   000000   000000   000000000000000   000000000000000   0000A0000000
 002070   61753668501   029366            2   001   280226   00   000000   0   000000000000000   000   000000000000000   000   000000000000000      000000000000488976   000   000000000488976   0   0000000000   A   0   0000000000   A   000000   000000   000000000000000   000000000000000   0000A0000000
 002070   61753668501   058606            2   001   280226   00   000000   0   000000000000000   000   000000000000000   000   000000000000000      000000000000433987   000   000000000433987   0   0000000000   A   0   0000000000   A   000000   000000   000000000000000   000000000000000   0000A0000000
 002070   61753668501   041926            2   001   280226   00   000000   0   000000000000000   000   000000000000000   000   000000000000000      000000000000559741   000   000000000559741   0   0000000000   A   0   0000000000   A   000000   000000   000000000000000   000000000000000   0000A0000000
 002070   61753668501   013530            2   002   280226   00   000000   0   000000000000000   000   000000000000000   000   000000000000000      000000000004995582   000   000000009991165   0   0000000000   A   0   0000000000   A   000000   000000   000000000000000   000000000000000   0000A0000000
 002070   61753668501   032583            2   001   010326   00   000000   0   000000000000000   000   000000000000000   000   000000000000000      000000000000747275   000   000000000747275   0   0000000000   A   0   0000000000   A   000000   000000   000000000000000   000000000000000   0000A0000000
 002070   61753668501   930306            2   003   010326   00   000000   0   000000000000000   000   000000000000000   000   000000000000000      000000000000047855   000   000000000143564   0   0000000000   A   0   0000000000   A   000000   000000   000000000000000   000000000000000   0000A0000000
 002070   61753668501   930306            2   001   010326   00   000000   0   000000000000000   000   000000000000000   000   000000000000000      000000000000382801   000   000000000382801   0   0000000000   A   0   0000000000   A   000000   000000   000000000000000   000000000000000   0000A0000000
 002070   61753668501   930306            2   003   010326   00   000000   0   000000000000000   000   000000000000000   000   000000000000000      000000000000047855   000   000000000143564   0   0000000000   A   0   0000000000   A   000000   000000   000000000000000   000000000000000   0000A0000000
 002070   61753668501   013530            2   001   010326   00   000000   0   000000000000000   000   000000000000000   000   000000000000000      000000000004995582   000   000000004995582   0   0000000000   A   0   0000000000   A   000000   000000   000000000000000   000000000000000   0000A0000000
 002070   61753668501   051999            2   001   010326   00   000000   0   000000000000000   000   000000000000000   000   000000000000000      000000000010519608   000   000000010519608   0   0000000000   A   0   0000000000   A   000000   000000   000000000000000   000000000000000   0000A0000000
 002070   61753668501   058606            2   001   010326   00   000000   0   000000000000000   000   000000000000000   000   000000000000000      000000000000433987   000   000000000433987   0   0000000000   A   0   0000000000   A   000000   000000   000000000000000   000000000000000   0000A0000000
 002070   61753668501   930306            2   001   010326   00   000000   0   000000000000000   000   000000000000000   000   000000000000000      000000000000381150   000   000000000381150   0   0000000000   A   0   0000000000   A   000000   000000   000000000000000   000000000000000   0000A0000000
 002070   61753668501   930306            2   001   010326   00   000000   0   000000000000000   000   000000000000000   000   000000000000000      000000000004095457   000   000000004095457   0   0000000000   A   0   0000000000   A   000000   000000   000000000000000   000000000000000   0000A0000000
 002070   61753668501   930306            2   001   010326   00   000000   0   000000000000000   000   000000000000000   000   000000000000000      000000000000381150   000   000000000381150   0   0000000000   A   0   0000000000   A   000000   000000   000000000000000   000000000000000   0000A0000000
 002070   61753668501   029366            2   001   010326   00   000000   0   000000000000000   000   000000000000000   000   000000000000000      000000000000488976   000   000000000488976   0   0000000000   A   0   0000000000   A   000000   000000   000000000000000   000000000000000   0000A0000000
 002070   61753668501   930306            2   002   020326   00   000000   0   000000000000000   000   000000000000000   000   000000000000000      000000000000047855   000   000000000095710   0   0000000000   A   0   0000000000   A   000000   000000   000000000000000   000000000000000   0000A0000000
 002070   61753668501   051999            2   002   020326   00   000000   0   000000000000000   000   000000000000000   000   000000000000000      000000000010519608   000   000000021039215   0   0000000000   A   0   0000000000   A   000000   000000   000000000000000   000000000000000   0000A0000000
 002070   61753668501   058606            2   001   020326   00   000000   0   000000000000000   000   000000000000000   000   000000000000000      000000000000433987   000   000000000433987   0   0000000000   A   0   0000000000   A   000000   000000   000000000000000   000000000000000   0000A0000000
 002070   61753668501   029366            2   001   020326   00   000000   0   000000000000000   000   000000000000000   000   000000000000000      000000000000488976   000   000000000488976   0   0000000000   A   0   0000000000   A   000000   000000   000000000000000   000000000000000   0000A0000000
 002070   61753668501   055439            2   003   020326   00   000000   0   000000000000000   000   000000000000000   000   000000000000000      000000000003723915   000   000000011171744   0   0000000000   A   0   0000000000   A   000000   000000   000000000000000   000000000000000   0000A0000000
 002070   61753668501   055439            2   002   020326   00   000000   0   000000000000000   000   000000000000000   000   000000000000000      000000000003723914   000   000000007447829   0   0000000000   A   0   0000000000   A   000000   000000   000000000000000   000000000000000   0000A0000000
 002070   61753668501   058606            2   001   020326   00   000000   0   000000000000000   000   000000000000000   000   000000000000000      000000000000433987   000   000000000433987   0   0000000000   A   0   0000000000   A   000000   000000   000000000000000   000000000000000   0000A0000000
 002070   61753668501   029366            2   001   020326   00   000000   0   000000000000000   000   000000000000000   000   000000000000000      000000000000488976   000   000000000488976   0   0000000000   A   0   0000000000   A   000000   000000   000000000000000   000000000000000   0000A0000000
 002070   61753668501   029366            2   001   020326   00   000000   0   000000000000000   000   000000000000000   000   000000000000000      000000000000488976   000   000000000488976   0   0000000000   A   0   0000000000   A   000000   000000   000000000000000   000000000000000   0000A0000000
 002070   61753668501   058606            2   001   020326   00   000000   0   000000000000000   000   000000000000000   000   000000000000000      000000000000433987   000   000000000433987   0   0000000000   A   0   0000000000   A   000000   000000   000000000000000   000000000000000   0000A0000000
 002070   61753668501   051999            2   004   020326   00   000000   0   000000000000000   000   000000000000000   000   000000000000000      000000000010519608   000   000000042078431   0   0000000000   A   0   0000000000   A   000000   000000   000000000000000   000000000000000   0000A0000000
 002070   61753668501   058823            2   004   020326   00   000000   0   000000000000000   000   000000000000000   000   000000000000000      000000000000468147   000   000000001872587   0   0000000000   A   0   0000000000   A   000000   000000   000000000000000   000000000000000   0000A0000000
 002070   61753668501   058373            2   003   020326   00   000000   0   000000000000000   000   000000000000000   000   000000000000000      000000000000353019   000   000000001059056   0   0000000000   A   0   0000000000   A   000000   000000   000000000000000   000000000000000   0000A0000000
 002070   61753668501   053986            2   002   020326   00   000000   0   000000000000000   000   000000000000000   000   000000000000000      000000000000238054   000   000000000476107   0   0000000000   A   0   0000000000   A   000000   000000   000000000000000   000000000000000   0000A0000000
 002070   61753668501   022323            2   001   020326   00   000000   0   000000000000000   000   000000000000000   000   000000000000000      000000000001959430   000   000000001959430   0   0000000000   A   0   0000000000   A   000000   000000   000000000000000   000000000000000   0000A0000000
 002070   61753668501   032583            2   001   020326   00   000000   0   000000000000000   000   000000000000000   000   000000000000000      000000000000747275   000   000000000747275   0   0000000000   A   0   0000000000   A   000000   000000   000000000000000   000000000000000   0000A0000000
 002070   61753668501   020095            2   002   020326   00   000000   0   000000000000000   000   000000000000000   000   000000000000000      000000000000023854   000   000000000047709   0   0000000000   A   0   0000000000   A   000000   000000   000000000000000   000000000000000   0000A0000000
 002070   61753668501   930306            2   003   020326   00   000000   0   000000000000000   000   000000000000000   000   000000000000000      000000000000047855   000   000000000143564   0   0000000000   A   0   0000000000   A   000000   000000   000000000000000   000000000000000   0000A0000000
 002070   61753668501   049924            2   001   020326   00   000000   0   000000000000000   000   000000000000000   000   000000000000000      000000000001412419   000   000000001412419   0   0000000000   A   0   0000000000   A   000000   000000   000000000000000   000000000000000   0000A0000000
 002070   61753668501   055439            2   001   030326   00   000000   0   000000000000000   000   000000000000000   000   000000000000000      000000000003723915   000   000000003723915   0   0000000000   A   0   0000000000   A   000000   000000   000000000000000   000000000000000   0000A0000000
 002070   61753668501   029366            2   003   030326   00   000000   0   000000000000000   000   000000000000000   000   000000000000000      000000000000488976   000   000000001466929   0   0000000000   A   0   0000000000   A   000000   000000   000000000000000   000000000000000   0000A0000000
 002070   61753668501   058606            2   003   030326   00   000000   0   000000000000000   000   000000000000000   000   000000000000000      000000000000433987   000   000000001301962   0   0000000000   A   0   0000000000   A   000000   000000   000000000000000   000000000000000   0000A0000000
 002070   61753668501   013530            2   001   030326   00   000000   0   000000000000000   000   000000000000000   000   000000000000000      000000000004995582   000   000000004995582   0   0000000000   A   0   0000000000   A   000000   000000   000000000000000   000000000000000   0000A0000000
 002070   61753668501   051999            2   004   030326   00   000000   0   000000000000000   000   000000000000000   000   000000000000000      000000000010519608   000   000000042078431   0   0000000000   A   0   0000000000   A   000000   000000   000000000000000   000000000000000   0000A0000000
 002070   61753668501   055439            2   001   030326   00   000000   0   000000000000000   000   000000000000000   000   000000000000000      000000000003723915   000   000000003723915   0   0000000000   A   0   0000000000   A   000000   000000   000000000000000   000000000000000   0000A0000000
 002070   61753668501   055439            2   004   030326   00   000000   0   000000000000000   000   000000000000000   000   000000000000000      000000000003723915   000   000000014895659   0   0000000000   A   0   0000000000   A   000000   000000   000000000000000   000000000000000   0000A0000000
 002070   61753668501   058823            2   004   030326   00   000000   0   000000000000000   000   000000000000000   000   000000000000000      000000000000468147   000   000000001872587   0   0000000000   A   0   0000000000   A   000000   000000   000000000000000   000000000000000   0000A0000000
 002070   61753668501   058373            2   003   030326   00   000000   0   000000000000000   000   000000000000000   000   000000000000000      000000000000353019   000   000000001059056   0   0000000000   A   0   0000000000   A   000000   000000   000000000000000   000000000000000   0000A0000000
 002070   61753668501   930306            2   001   030326   00   000000   0   000000000000000   000   000000000000000   000   000000000000000      000000000001184071   000   000000001184071   0   0000000000   A   0   0000000000   A   000000   000000   000000000000000   000000000000000   0000A0000000
 002070   62729428501   055439            2   001   030326   00   000000   0   000000000000000   000   000000000000000   000   000000000000000      000000000003723915   000   000000003723915   0   0000000000   A   0   0000000000   A   000000   000000   000000000000000   000000000000000   0000A0000000
 002070   62729428501   930306            2   001   030326   00   000000   0   000000000000000   000   000000000000000   000   000000000000000      000000000000168489   000   000000000168489   0   0000000000   A   0   0000000000   A   000000   000000   000000000000000   000000000000000   0000A0000000
 002070   62729428501   930306            2   001   030326   00   000000   0   000000000000000   000   000000000000000   000   000000000000000      000000000000381150   000   000000000381150   0   0000000000   A   0   0000000000   A   000000   000000   000000000000000   000000000000000   0000A0000000
 002070   62729428501   930306            2   001   030326   00   000000   0   000000000000000   000   000000000000000   000   000000000000000      000000000000381150   000   000000000381150   0   0000000000   A   0   0000000000   A   000000   000000   000000000000000   000000000000000   0000A0000000
 002070   62729428501   930306            2   001   030326   00   000000   0   000000000000000   000   000000000000000   000   000000000000000      000000000001184071   000   000000001184071   0   0000000000   A   0   0000000000   A   000000   000000   000000000000000   000000000000000   0000A0000000
 002070   62729428501   930306            2   001   030326   00   000000   0   000000000000000   000   000000000000000   000   000000000000000      000000000000382801   000   000000000382801   0   0000000000   A   0   0000000000   A   000000   000000   000000000000000   000000000000000   0000A0000000
 002070   62729428501   032590            2   001   040326   00   000000   0   000000000000000   000   000000000000000   000   000000000000000      000000000000671285   000   000000000671285   0   0000000000   A   0   0000000000   A   000000   000000   000000000000000   000000000000000   0000A0000000
 002070   62729428501   930306            2   001   040326   00   000000   0   000000000000000   000   000000000000000   000   000000000000000      000000000000381150   000   000000000381150   0   0000000000   A   0   0000000000   A   000000   000000   000000000000000   000000000000000   0000A0000000
 002070   62729428501   049924            2   001   040326   00   000000   0   000000000000000   000   000000000000000   000   000000000000000      000000000001412419   000   000000001412419   0   0000000000   A   0   0000000000   A   000000   000000   000000000000000   000000000000000   0000A0000000
 002070   62729428501   020095            2   001   040326   00   000000   0   000000000000000   000   000000000000000   000   000000000000000      000000000000023854   000   000000000023854   0   0000000000   A   0   0000000000   A   000000   000000   000000000000000   000000000000000   0000A0000000
 002070   62729428501   009772            2   001   040326   00   000000   0   000000000000000   000   000000000000000   000   000000000000000      000000000000077992   000   000000000077992   0   0000000000   A   0   0000000000   A   000000   000000   000000000000000   000000000000000   0000A0000000
 002070   62729428501   930306            2   001   040326   00   000000   0   000000000000000   000   000000000000000   000   000000000000000      000000000004095457   000   000000004095457   0   0000000000   A   0   0000000000   A   000000   000000   000000000000000   000000000000000   0000A0000000
 002070   62729428501   055439            2   003   040326   00   000000   0   000000000000000   000   000000000000000   000   000000000000000      000000000003723915   000   000000011171744   0   0000000000   A   0   0000000000   A   000000   000000   000000000000000   000000000000000   0000A0000000
 002070   62729428501   020095            2   001   040326   00   000000   0   000000000000000   000   000000000000000   000   000000000000000      000000000000023854   000   000000000023854   0   0000000000   A   0   0000000000   A   000000   000000   000000000000000   000000000000000   0000A0000000
 002070   62729428501   055439            2   004   040326   00   000000   0   000000000000000   000   000000000000000   000   000000000000000      000000000003723915   000   000000014895659   0   0000000000   A   0   0000000000   A   000000   000000   000000000000000   000000000000000   0000A0000000
 002070   62729428501   049924            2   002   040326   00   000000   0   000000000000000   000   000000000000000   000   000000000000000      000000000001412418   000   000000002824837   0   0000000000   A   0   0000000000   A   000000   000000   000000000000000   000000000000000   0000A0000000
 002070   62729428501   020095            2   003   040326   00   000000   0   000000000000000   000   000000000000000   000   000000000000000      000000000000023855   000   000000000071564   0   0000000000   A   0   0000000000   A   000000   000000   000000000000000   000000000000000   0000A0000000
 002070   62729428501   032590            2   001   040326   00   000000   0   000000000000000   000   000000000000000   000   000000000000000      000000000000671285   000   000000000671285   0   0000000000   A   0   0000000000   A   000000   000000   000000000000000   000000000000000   0000A0000000
 002070   62729428501   009772            2   001   040326   00   000000   0   000000000000000   000   000000000000000   000   000000000000000      000000000000077992   000   000000000077992   0   0000000000   A   0   0000000000   A   000000   000000   000000000000000   000000000000000   0000A0000000
 002070   62729428501   050359            2   001   040326   00   000000   0   000000000000000   000   000000000000000   000   000000000000000      000000000000141512   000   000000000141512   0   0000000000   A   0   0000000000   A   000000   000000   000000000000000   000000000000000   0000A0000000
 002070   61753668501   029366            2   003   040326   00   000000   0   000000000000000   000   000000000000000   000   000000000000000      000000000000488976   000   000000001466929   0   0000000000   A   0   0000000000   A   000000   000000   000000000000000   000000000000000   0000A0000000
 002070   61753668501   058606            2   003   040326   00   000000   0   000000000000000   000   000000000000000   000   000000000000000      000000000000433987   000   000000001301962   0   0000000000   A   0   0000000000   A   000000   000000   000000000000000   000000000000000   0000A0000000
 002070   61753668501   013530            2   001   040326   00   000000   0   000000000000000   000   000000000000000   000   000000000000000      000000000004995582   000   000000004995582   0   0000000000   A   0   0000000000   A   000000   000000   000000000000000   000000000000000   0000A0000000
 002070   61753668501   051999            2   004   040326   00   000000   0   000000000000000   000   000000000000000   000   000000000000000      000000000010519608   000   000000042078431   0   0000000000   A   0   0000000000   A   000000   000000   000000000000000   000000000000000   0000A0000000
 002070   61753668501   055439            2   001   040326   00   000000   0   000000000000000   000   000000000000000   000   000000000000000      000000000003723915   000   000000003723915   0   0000000000   A   0   0000000000   A   000000   000000   000000000000000   000000000000000   0000A0000000
 002070   61753668501   055439            2   004   040326   00   000000   0   000000000000000   000   000000000000000   000   000000000000000      000000000003723915   000   000000014895659   0   0000000000   A   0   0000000000   A   000000   000000   000000000000000   000000000000000   0000A0000000
 002070   61753668501   058823            2   004   040326   00   000000   0   000000000000000   000   000000000000000   000   000000000000000      000000000000468147   000   000000001872587   0   0000000000   A   0   0000000000   A   000000   000000   000000000000000   000000000000000   0000A0000000
 002070   61753668501   058373            2   003   040326   00   000000   0   000000000000000   000   000000000000000   000   000000000000000      000000000000353019   000   000000001059056   0   0000000000   A   0   0000000000   A   000000   000000   000000000000000   000000000000000   0000A0000000
 002070   62729428501   034031            2   001   040326   00   000000   0   000000000000000   000   000000000000000   000   000000000000000      000000000001143847   000   000000001143847   0   0000000000   A   0   0000000000   A   000000   000000   000000000000000   000000000000000   0000A0000000
 002070   62729428501   930306            2   003   040326   00   000000   0   000000000000000   000   000000000000000   000   000000000000000      000000000000047855   000   000000000143564   0   0000000000   A   0   0000000000   A   000000   000000   000000000000000   000000000000000   0000A0000000
 002070   62729428501   058823            2   001   050326   00   000000   0   000000000000000   000   000000000000000   000   000000000000000      000000000000468147   000   000000000468147   0   0000000000   A   0   0000000000   A   000000   000000   000000000000000   000000000000000   0000A0000000
 002070   62729428501   058823            2   002   050326   00   000000   0   000000000000000   000   000000000000000   000   000000000000000      000000000000468146   000   000000000936293   0   0000000000   A   0   0000000000   A   000000   000000   000000000000000   000000000000000   0000A0000000
 002070   62729428501   055439            2   001   050326   00   000000   0   000000000000000   000   000000000000000   000   000000000000000      000000000003723915   000   000000003723915   0   0000000000   A   0   0000000000   A   000000   000000   000000000000000   000000000000000   0000A0000000
 002070   62729428501   034031            2   001   050326   00   000000   0   000000000000000   000   000000000000000   000   000000000000000      000000000001143847   000   000000001143847   0   0000000000   A   0   0000000000   A   000000   000000   000000000000000   000000000000000   0000A0000000
 002070   62729428501   049924            2   001   050326   00   000000   0   000000000000000   000   000000000000000   000   000000000000000      000000000001412419   000   000000001412419   0   0000000000   A   0   0000000000   A   000000   000000   000000000000000   000000000000000   0000A0000000
 002070   61753668501   029366            2   003   050326   00   000000   0   000000000000000   000   000000000000000   000   000000000000000      000000000000488976   000   000000001466929   0   0000000000   A   0   0000000000   A   000000   000000   000000000000000   000000000000000   0000A0000000
 002070   61753668501   058606            2   003   050326   00   000000   0   000000000000000   000   000000000000000   000   000000000000000      000000000000433987   000   000000001301962   0   0000000000   A   0   0000000000   A   000000   000000   000000000000000   000000000000000   0000A0000000
 002070   61753668501   013530            2   001   050326   00   000000   0   000000000000000   000   000000000000000   000   000000000000000      000000000004995582   000   000000004995582   0   0000000000   A   0   0000000000   A   000000   000000   000000000000000   000000000000000   0000A0000000
 002070   61753668501   055439            2   003   050326   00   000000   0   000000000000000   000   000000000000000   000   000000000000000      000000000003723915   000   000000011171744   0   0000000000   A   0   0000000000   A   000000   000000   000000000000000   000000000000000   0000A0000000
 002070   61753668501   058823            2   003   050326   00   000000   0   000000000000000   000   000000000000000   000   000000000000000      000000000000468147   000   000000001404440   0   0000000000   A   0   0000000000   A   000000   000000   000000000000000   000000000000000   0000A0000000
 002070   61753668501   051999            2   004   050326   00   000000   0   000000000000000   000   000000000000000   000   000000000000000      000000000010519608   000   000000042078431   0   0000000000   A   0   0000000000   A   000000   000000   000000000000000   000000000000000   0000A0000000
 002070   61753668501   055439            2   001   050326   00   000000   0   000000000000000   000   000000000000000   000   000000000000000      000000000003723915   000   000000003723915   0   0000000000   A   0   0000000000   A   000000   000000   000000000000000   000000000000000   0000A0000000
 002070   61753668501   058373            2   003   050326   00   000000   0   000000000000000   000   000000000000000   000   000000000000000      000000000000353019   000   000000001059056   0   0000000000   A   0   0000000000   A   000000   000000   000000000000000   000000000000000   0000A0000000
 002070   62729428501   020095            2   003   050326   00   000000   0   000000000000000   000   000000000000000   000   000000000000000      000000000000023855   000   000000000071564   0   0000000000   A   0   0000000000   A   000000   000000   000000000000000   000000000000000   0000A0000000
 002070   62729428501   032590            2   001   050326   00   000000   0   000000000000000   000   000000000000000   000   000000000000000      000000000000671285   000   000000000671285   0   0000000000   A   0   0000000000   A   000000   000000   000000000000000   000000000000000   0000A0000000
 002070   62729428501   009772            2   001   050326   00   000000   0   000000000000000   000   000000000000000   000   000000000000000      000000000000077992   000   000000000077992   0   0000000000   A   0   0000000000   A   000000   000000   000000000000000   000000000000000   0000A0000000
 002070   62729428501   050359            2   001   050326   00   000000   0   000000000000000   000   000000000000000   000   000000000000000      000000000000141512   000   000000000141512   0   0000000000   A   0   0000000000   A   000000   000000   000000000000000   000000000000000   0000A0000000
 002070   62729428501   049924            2   003   050326   00   000000   0   000000000000000   000   000000000000000   000   000000000000000      000000000001412419   000   000000004237256   0   0000000000   A   0   0000000000   A   000000   000000   000000000000000   000000000000000   0000A0000000
 002070   62729428501   034031            2   002   050326   00   000000   0   000000000000000   000   000000000000000   000   000000000000000      000000000001143847   000   000000002287694   0   0000000000   A   0   0000000000   A   000000   000000   000000000000000   000000000000000   0000A0000000
 002070   62729428501   058823            2   003   050326   00   000000   0   000000000000000   000   000000000000000   000   000000000000000      000000000000468147   000   000000001404440   0   0000000000   A   0   0000000000   A   000000   000000   000000000000000   000000000000000   0000A0000000
 002070   62729428501   930306            2   003   060326   00   000000   0   000000000000000   000   000000000000000   000   000000000000000      000000000000047855   000   000000000143564   0   0000000000   A   0   0000000000   A   000000   000000   000000000000000   000000000000000   0000A0000000
 002070   62729428501   053986            2   001   060326   00   000000   0   000000000000000   000   000000000000000   000   000000000000000      000000000000238054   000   000000000238054   0   0000000000   A   0   0000000000   A   000000   000000   000000000000000   000000000000000   0000A0000000
 002070   62729428501   053986            2   001   060326   00   000000   0   000000000000000   000   000000000000000   000   000000000000000      000000000000238054   000   000000000238054   0   0000000000   A   0   0000000000   A   000000   000000   000000000000000   000000000000000   0000A0000000
 002070   61753668501   029366            2   003   060326   00   000000   0   000000000000000   000   000000000000000   000   000000000000000      000000000000488976   000   000000001466929   0   0000000000   A   0   0000000000   A   000000   000000   000000000000000   000000000000000   0000A0000000
 002070   61753668501   058606            2   003   060326   00   000000   0   000000000000000   000   000000000000000   000   000000000000000      000000000000433987   000   000000001301962   0   0000000000   A   0   0000000000   A   000000   000000   000000000000000   000000000000000   0000A0000000
 002070   61753668501   013530            2   001   060326   00   000000   0   000000000000000   000   000000000000000   000   000000000000000      000000000004995582   000   000000004995582   0   0000000000   A   0   0000000000   A   000000   000000   000000000000000   000000000000000   0000A0000000
 002070   61753668501   055439            2   004   060326   00   000000   0   000000000000000   000   000000000000000   000   000000000000000      000000000003723915   000   000000014895659   0   0000000000   A   0   0000000000   A   000000   000000   000000000000000   000000000000000   0000A0000000
 002070   61753668501   058823            2   002   060326   00   000000   0   000000000000000   000   000000000000000   000   000000000000000      000000000000468146   000   000000000936293   0   0000000000   A   0   0000000000   A   000000   000000   000000000000000   000000000000000   0000A0000000
 002070   61753668501   051999            2   004   060326   00   000000   0   000000000000000   000   000000000000000   000   000000000000000      000000000010519608   000   000000042078431   0   0000000000   A   0   0000000000   A   000000   000000   000000000000000   000000000000000   0000A0000000
 002070   61753668501   055439            2   001   060326   00   000000   0   000000000000000   000   000000000000000   000   000000000000000      000000000003723915   000   000000003723915   0   0000000000   A   0   0000000000   A   000000   000000   000000000000000   000000000000000   0000A0000000
 002070   61753668501   058373            2   003   060326   00   000000   0   000000000000000   000   000000000000000   000   000000000000000      000000000000353019   000   000000001059056   0   0000000000   A   0   0000000000   A   000000   000000   000000000000000   000000000000000   0000A0000000
 002070   62729428501   020095            2   003   060326   00   000000   0   000000000000000   000   000000000000000   000   000000000000000      000000000000023855   000   000000000071564   0   0000000000   A   0   0000000000   A   000000   000000   000000000000000   000000000000000   0000A0000000
 002070   62729428501   032590            2   001   060326   00   000000   0   000000000000000   000   000000000000000   000   000000000000000      000000000000671285   000   000000000671285   0   0000000000   A   0   0000000000   A   000000   000000   000000000000000   000000000000000   0000A0000000
 002070   62729428501   009772            2   001   060326   00   000000   0   000000000000000   000   000000000000000   000   000000000000000      000000000000077992   000   000000000077992   0   0000000000   A   0   0000000000   A   000000   000000   000000000000000   000000000000000   0000A0000000
 002070   62729428501   050359            2   001   060326   00   000000   0   000000000000000   000   000000000000000   000   000000000000000      000000000000141512   000   000000000141512   0   0000000000   A   0   0000000000   A   000000   000000   000000000000000   000000000000000   0000A0000000
 002070   62729428501   049924            2   003   060326   00   000000   0   000000000000000   000   000000000000000   000   000000000000000      000000000001412419   000   000000004237256   0   0000000000   A   0   0000000000   A   000000   000000   000000000000000   000000000000000   0000A0000000
 002070   62729428501   034031            2   002   060326   00   000000   0   000000000000000   000   000000000000000   000   000000000000000      000000000001143847   000   000000002287694   0   0000000000   A   0   0000000000   A   000000   000000   000000000000000   000000000000000   0000A0000000
 002070   62729428501   055439            2   004   060326   00   000000   0   000000000000000   000   000000000000000   000   000000000000000      000000000003723915   000   000000014895659   0   0000000000   A   0   0000000000   A   000000   000000   000000000000000   000000000000000   0000A0000000
 002070   62729428501   930306            2   001   060326   00   000000   0   000000000000000   000   000000000000000   000   000000000000000      000000000000193991   000   000000000193991   0   0000000000   A   0   0000000000   A   000000   000000   000000000000000   000000000000000   0000A0000000
 002070   62729428501   930306            2   006   060326   00   000000   0   000000000000000   000   000000000000000   000   000000000000000      000000000000047855   000   000000000287129   0   0000000000   A   0   0000000000   A   000000   000000   000000000000000   000000000000000   0000A0000000
 002070   62729428501   053986            2   001   060326   00   000000   0   000000000000000   000   000000000000000   000   000000000000000      000000000000238054   000   000000000238054   0   0000000000   A   0   0000000000   A   000000   000000   000000000000000   000000000000000   0000A0000000
 002070   62729428501   053986            2   001   070326   00   000000   0   000000000000000   000   000000000000000   000   000000000000000      000000000000238054   000   000000000238054   0   0000000000   A   0   0000000000   A   000000   000000   000000000000000   000000000000000   0000A0000000
 002070   61753668501   930306            2   001   070326   00   000000   0   000000000000000   000   000000000000000   000   000000000000000      000000000000382801   000   000000000382801   0   0000000000   A   0   0000000000   A   000000   000000   000000000000000   000000000000000   0000A0000000
 002070   62729428501   053986            2   001   070326   00   000000   0   000000000000000   000   000000000000000   000   000000000000000      000000000000238054   000   000000000238054   0   0000000000   A   0   0000000000   A   000000   000000   000000000000000   000000000000000   0000A0000000
 002070   61753668501   029366            2   006   070326   00   000000   0   000000000000000   000   000000000000000   000   000000000000000      000000000000488976   000   000000002933858   0   0000000000   A   0   0000000000   A   000000   000000   000000000000000   000000000000000   0000A0000000
 002070   61753668501   058606            2   006   070326   00   000000   0   000000000000000   000   000000000000000   000   000000000000000      000000000000433987   000   000000002603923   0   0000000000   A   0   0000000000   A   000000   000000   000000000000000   000000000000000   0000A0000000
 002070   61753668501   013530            2   002   070326   00   000000   0   000000000000000   000   000000000000000   000   000000000000000      000000000004995582   000   000000009991165   0   0000000000   A   0   0000000000   A   000000   000000   000000000000000   000000000000000   0000A0000000
 002070   61753668501   051999            2   002   070326   00   000000   0   000000000000000   000   000000000000000   000   000000000000000      000000000010519608   000   000000021039215   0   0000000000   A   0   0000000000   A   000000   000000   000000000000000   000000000000000   0000A0000000
 002070   61753668501   058373            2   006   070326   00   000000   0   000000000000000   000   000000000000000   000   000000000000000      000000000000353019   000   000000002118112   0   0000000000   A   0   0000000000   A   000000   000000   000000000000000   000000000000000   0000A0000000
 002070   61753668501   055439            2   001   070326   00   000000   0   000000000000000   000   000000000000000   000   000000000000000      000000000003723915   000   000000003723915   0   0000000000   A   0   0000000000   A   000000   000000   000000000000000   000000000000000   0000A0000000
 002070   62729428501   020095            2   006   070326   00   000000   0   000000000000000   000   000000000000000   000   000000000000000      000000000000023854   000   000000000143127   0   0000000000   A   0   0000000000   A   000000   000000   000000000000000   000000000000000   0000A0000000
 002070   62729428501   032590            2   002   070326   00   000000   0   000000000000000   000   000000000000000   000   000000000000000      000000000000671285   000   000000001342570   0   0000000000   A   0   0000000000   A   000000   000000   000000000000000   000000000000000   0000A0000000
 002070   62729428501   009772            2   002   070326   00   000000   0   000000000000000   000   000000000000000   000   000000000000000      000000000000077992   000   000000000155984   0   0000000000   A   0   0000000000   A   000000   000000   000000000000000   000000000000000   0000A0000000
 002070   62729428501   050359            2   002   070326   00   000000   0   000000000000000   000   000000000000000   000   000000000000000      000000000000141512   000   000000000283023   0   0000000000   A   0   0000000000   A   000000   000000   000000000000000   000000000000000   0000A0000000
 002070   62729428501   049924            2   004   070326   00   000000   0   000000000000000   000   000000000000000   000   000000000000000      000000000001412418   000   000000005649674   0   0000000000   A   0   0000000000   A   000000   000000   000000000000000   000000000000000   0000A0000000
 002070   62729428501   034031            2   004   070326   00   000000   0   000000000000000   000   000000000000000   000   000000000000000      000000000001143847   000   000000004575388   0   0000000000   A   0   0000000000   A   000000   000000   000000000000000   000000000000000   0000A0000000
 002070   62729428501   055439            2   008   070326   00   000000   0   000000000000000   000   000000000000000   000   000000000000000      000000000003723915   000   000000029791318   0   0000000000   A   0   0000000000   A   000000   000000   000000000000000   000000000000000   0000A0000000
 002070   62729428501   040283            2   001   070326   00   000000   0   000000000000000   000   000000000000000   000   000000000000000      000000000002512066   000   000000002512066   0   0000000000   A   0   0000000000   A   000000   000000   000000000000000   000000000000000   0000A0000000
 002070   62729428501   053986            2   001   070326   00   000000   0   000000000000000   000   000000000000000   000   000000000000000      000000000000238054   000   000000000238054   0   0000000000   A   0   0000000000   A   000000   000000   000000000000000   000000000000000   0000A0000000
 002070   62729428501   053986            2   001   080326   00   000000   0   000000000000000   000   000000000000000   000   000000000000000      000000000000238054   000   000000000238054   0   0000000000   A   0   0000000000   A   000000   000000   000000000000000   000000000000000   0000A0000000
 002070   62934649501   930306            2   002   080326   00   000000   0   000000000000000   000   000000000000000   000   000000000000000      000000000000382800   000   000000000765601   0   0000000000   A   0   0000000000   A   000000   000000   000000000000000   000000000000000   0000A0000000
 002070   62934649501   930306            2   001   080326   00   000000   0   000000000000000   000   000000000000000   000   000000000000000      000000000000381150   000   000000000381150   0   0000000000   A   0   0000000000   A   000000   000000   000000000000000   000000000000000   0000A0000000
 002070   62934649501   930306            2   002   080326   00   000000   0   000000000000000   000   000000000000000   000   000000000000000      000000000000168489   000   000000000336978   0   0000000000   A   0   0000000000   A   000000   000000   000000000000000   000000000000000   0000A0000000
 002070   62934649501   930306            2   001   080326   00   000000   0   000000000000000   000   000000000000000   000   000000000000000      000000000000381150   000   000000000381150   0   0000000000   A   0   0000000000   A   000000   000000   000000000000000   000000000000000   0000A0000000
 002070   62934649501   055439            2   001   080326   00   000000   0   000000000000000   000   000000000000000   000   000000000000000      000000000003723915   000   000000003723915   0   0000000000   A   0   0000000000   A   000000   000000   000000000000000   000000000000000   0000A0000000
 002070   62934649501   930306            2   001   080326   00   000000   0   000000000000000   000   000000000000000   000   000000000000000      000000000001184071   000   000000001184071   0   0000000000   A   0   0000000000   A   000000   000000   000000000000000   000000000000000   0000A0000000
 002070   62729428501   032590            2   001   080326   00   000000   0   000000000000000   000   000000000000000   000   000000000000000      000000000000671285   000   000000000671285   0   0000000000   A   0   0000000000   A   000000   000000   000000000000000   000000000000000   0000A0000000
 002070   62729428501   930306            2   001   080326   00   000000   0   000000000000000   000   000000000000000   000   000000000000000      000000000000666201   000   000000000666201   0   0000000000   A   0   0000000000   A   000000   000000   000000000000000   000000000000000   0000A0000000
 002070   62729428501   053986            2   001   080326   00   000000   0   000000000000000   000   000000000000000   000   000000000000000      000000000000238054   000   000000000238054   0   0000000000   A   0   0000000000   A   000000   000000   000000000000000   000000000000000   0000A0000000
 002070   62729428501   053986            2   001   090326   00   000000   0   000000000000000   000   000000000000000   000   000000000000000      000000000000238054   000   000000000238054   0   0000000000   A   0   0000000000   A   000000   000000   000000000000000   000000000000000   0000A0000000
 002070   62729428501   020095            2   001   090326   00   000000   0   000000000000000   000   000000000000000   000   000000000000000      000000000000023854   000   000000000023854   0   0000000000   A   0   0000000000   A   000000   000000   000000000000000   000000000000000   0000A0000000
 002070   62729428501   053609            2   001   090326   00   000000   0   000000000000000   000   000000000000000   000   000000000000000      000000000000498296   000   000000000498296   0   0000000000   A   0   0000000000   A   000000   000000   000000000000000   000000000000000   0000A0000000
 002070   61753668501   029366            2   001   090326   00   000000   0   000000000000000   000   000000000000000   000   000000000000000      000000000000488976   000   000000000488976   0   0000000000   A   0   0000000000   A   000000   000000   000000000000000   000000000000000   0000A0000000
 002070   61753668501   058606            2   001   090326   00   000000   0   000000000000000   000   000000000000000   000   000000000000000      000000000000433987   000   000000000433987   0   0000000000   A   0   0000000000   A   000000   000000   000000000000000   000000000000000   0000A0000000
 002070   61753668501   013530            2   001   090326   00   000000   0   000000000000000   000   000000000000000   000   000000000000000      000000000004995582   000   000000004995582   0   0000000000   A   0   0000000000   A   000000   000000   000000000000000   000000000000000   0000A0000000
 002070   61753668501   058373            2   001   090326   00   000000   0   000000000000000   000   000000000000000   000   000000000000000      000000000000353019   000   000000000353019   0   0000000000   A   0   0000000000   A   000000   000000   000000000000000   000000000000000   0000A0000000
 002070   62934649501   055439            2   002   090326   00   000000   0   000000000000000   000   000000000000000   000   000000000000000      000000000003723914   000   000000007447829   0   0000000000   A   0   0000000000   A   000000   000000   000000000000000   000000000000000   0000A0000000
 002070   62729428501   009772            2   001   090326   00   000000   0   000000000000000   000   000000000000000   000   000000000000000      000000000000077992   000   000000000077992   0   0000000000   A   0   0000000000   A   000000   000000   000000000000000   000000000000000   0000A0000000
 002070   62729428501   050359            2   001   090326   00   000000   0   000000000000000   000   000000000000000   000   000000000000000      000000000000141512   000   000000000141512   0   0000000000   A   0   0000000000   A   000000   000000   000000000000000   000000000000000   0000A0000000
 002070   62729428501   034031            2   002   090326   00   000000   0   000000000000000   000   000000000000000   000   000000000000000      000000000001143847   000   000000002287694   0   0000000000   A   0   0000000000   A   000000   000000   000000000000000   000000000000000   0000A0000000
 002070   62729428501   055439            2   003   090326   00   000000   0   000000000000000   000   000000000000000   000   000000000000000      000000000003723915   000   000000011171744   0   0000000000   A   0   0000000000   A   000000   000000   000000000000000   000000000000000   0000A0000000
 002070   62729428501   032590            2   001   090326   00   000000   0   000000000000000   000   000000000000000   000   000000000000000      000000000000671285   000   000000000671285   0   0000000000   A   0   0000000000   A   000000   000000   000000000000000   000000000000000   0000A0000000
 002070   62729428501   060492            2   003   090326   00   000000   0   000000000000000   000   000000000000000   000   000000000000000      000000000004355090   000   000000013065270   0   0000000000   A   0   0000000000   A   000000   000000   000000000000000   000000000000000   0000A0000000
 002070   62729428501   055439            2   001   090326   00   000000   0   000000000000000   000   000000000000000   000   000000000000000      000000000003723915   000   000000003723915   0   0000000000   A   0   0000000000   A   000000   000000   000000000000000   000000000000000   0000A0000000
 002070   62729428501   034031            2   005   090326   00   000000   0   000000000000000   000   000000000000000   000   000000000000000      000000000001143847   000   000000005719234   0   0000000000   A   0   0000000000   A   000000   000000   000000000000000   000000000000000   0000A0000000
 002070   62729428501   056867            2   001   090326   00   000000   0   000000000000000   000   000000000000000   000   000000000000000      000000000003538345   000   000000003538345   0   0000000000   A   0   0000000000   A   000000   000000   000000000000000   000000000000000   0000A0000000
 002070   62729428501   930306            2   001   090326   00   000000   0   000000000000000   000   000000000000000   000   000000000000000      000000000000047855   000   000000000047855   0   0000000000   A   0   0000000000   A   000000   000000   000000000000000   000000000000000   0000A0000000
 002070   62729428501   930306            2   001   090326   00   000000   0   000000000000000   000   000000000000000   000   000000000000000      000000000000381150   000   000000000381150   0   0000000000   A   0   0000000000   A   000000   000000   000000000000000   000000000000000   0000A0000000
 002070   62729428501   930306            2   001   090326   00   000000   0   000000000000000   000   000000000000000   000   000000000000000      000000000004095457   000   000000004095457   0   0000000000   A   0   0000000000   A   000000   000000   000000000000000   000000000000000   0000A0000000
 002070   62729428501   053986            2   001   090326   00   000000   0   000000000000000   000   000000000000000   000   000000000000000      000000000000238054   000   000000000238054   0   0000000000   A   0   0000000000   A   000000   000000   000000000000000   000000000000000   0000A0000000
 002070   62934649501   055439            2   001   090326   00   000000   0   000000000000000   000   000000000000000   000   000000000000000      000000000003723915   000   000000003723915   0   0000000000   A   0   0000000000   A   000000   000000   000000000000000   000000000000000   0000A0000000
 002070   61753668501   930306            2   001   090326   00   000000   0   000000000000000   000   000000000000000   000   000000000000000      000000000000168489   000   000000000168489   0   0000000000   A   0   0000000000   A   000000   000000   000000000000000   000000000000000   0000A0000000
 002070   61753668501   930306            2   001   090326   00   000000   0   000000000000000   000   000000000000000   000   000000000000000      000000000001184071   000   000000001184071   0   0000000000   A   0   0000000000   A   000000   000000   000000000000000   000000000000000   0000A0000000
 002070   62278753701   029366            2   001   090326   00   000000   0   000000000000000   000   000000000000000   000   000000000000000      000000000000488976   000   000000000488976   0   0000000000   A   0   0000000000   A   000000   000000   000000000000000   000000000000000   0000A0000000
 002070   62278753701   930306            2   001   090326   00   000000   0   000000000000000   000   000000000000000   000   000000000000000      000000000000382801   000   000000000382801   0   0000000000   A   0   0000000000   A   000000   000000   000000000000000   000000000000000   0000A0000000
 002070   62278753701   058606            2   001   090326   00   000000   0   000000000000000   000   000000000000000   000   000000000000000      000000000000433987   000   000000000433987   0   0000000000   A   0   0000000000   A   000000   000000   000000000000000   000000000000000   0000A0000000
 002070   62278753701   930306            2   001   090326   00   000000   0   000000000000000   000   000000000000000   000   000000000000000      000000000000381150   000   000000000381150   0   0000000000   A   0   0000000000   A   000000   000000   000000000000000   000000000000000   0000A0000000
 002070   62278753701   058373            2   001   090326   00   000000   0   000000000000000   000   000000000000000   000   000000000000000      000000000000353019   000   000000000353019   0   0000000000   A   0   0000000000   A   000000   000000   000000000000000   000000000000000   0000A0000000
 002070   62278753701   930306            2   001   090326   00   000000   0   000000000000000   000   000000000000000   000   000000000000000      000000000000168489   000   000000000168489   0   0000000000   A   0   0000000000   A   000000   000000   000000000000000   000000000000000   0000A0000000
 002070   62278753701   930306            2   001   090326   00   000000   0   000000000000000   000   000000000000000   000   000000000000000      000000000000381150   000   000000000381150   0   0000000000   A   0   0000000000   A   000000   000000   000000000000000   000000000000000   0000A0000000
 002070   62278753701   930306            2   001   090326   00   000000   0   000000000000000   000   000000000000000   000   000000000000000      000000000004095457   000   000000004095457   0   0000000000   A   0   0000000000   A   000000   000000   000000000000000   000000000000000   0000A0000000
 002070   62278753701   055439            2   001   090326   00   000000   0   000000000000000   000   000000000000000   000   000000000000000      000000000003723915   000   000000003723915   0   0000000000   A   0   0000000000   A   000000   000000   000000000000000   000000000000000   0000A0000000
 002070   62278753701   930306            2   003   090326   00   000000   0   000000000000000   000   000000000000000   000   000000000000000      000000000000047855   000   000000000143564   0   0000000000   A   0   0000000000   A   000000   000000   000000000000000   000000000000000   0000A0000000
 002070   62278753701   058606            2   003   090326   00   000000   0   000000000000000   000   000000000000000   000   000000000000000      000000000000433987   000   000000001301962   0   0000000000   A   0   0000000000   A   000000   000000   000000000000000   000000000000000   0000A0000000
 002070   62278753701   058373            2   001   090326   00   000000   0   000000000000000   000   000000000000000   000   000000000000000      000000000000353019   000   000000000353019   0   0000000000   A   0   0000000000   A   000000   000000   000000000000000   000000000000000   0000A0000000
 002070   62278753701   930306            2   001   090326   00   000000   0   000000000000000   000   000000000000000   000   000000000000000      000000000004095457   000   000000004095457   0   0000000000   A   0   0000000000   A   000000   000000   000000000000000   000000000000000   0000A0000000
 002070   62278753701   029366            2   001   090326   00   000000   0   000000000000000   000   000000000000000   000   000000000000000      000000000000488976   000   000000000488976   0   0000000000   A   0   0000000000   A   000000   000000   000000000000000   000000000000000   0000A0000000
 002070   62278753701   930306            2   001   090326   00   000000   0   000000000000000   000   000000000000000   000   000000000000000      000000000001184071   000   000000001184071   0   0000000000   A   0   0000000000   A   000000   000000   000000000000000   000000000000000   0000A0000000
 002070   62278753701   053986            2   001   090326   00   000000   0   000000000000000   000   000000000000000   000   000000000000000      000000000000238054   000   000000000238054   0   0000000000   A   0   0000000000   A   000000   000000   000000000000000   000000000000000   0000A0000000
 002070   62729428501   053986            2   001   090326   00   000000   0   000000000000000   000   000000000000000   000   000000000000000      000000000000238054   000   000000000238054   0   0000000000   A   0   0000000000   A   000000   000000   000000000000000   000000000000000   0000A0000000
 002070   62729428501   053986            2   001   100326   00   000000   0   000000000000000   000   000000000000000   000   000000000000000      000000000000238054   000   000000000238054   0   0000000000   A   0   0000000000   A   000000   000000   000000000000000   000000000000000   0000A0000000
 002070   62278753701   058373            2   001   100326   00   000000   0   000000000000000   000   000000000000000   000   000000000000000      000000000000353019   000   000000000353019   0   0000000000   A   0   0000000000   A   000000   000000   000000000000000   000000000000000   0000A0000000
 002070   62278753701   029366            2   001   100326   00   000000   0   000000000000000   000   000000000000000   000   000000000000000      000000000000488976   000   000000000488976   0   0000000000   A   0   0000000000   A   000000   000000   000000000000000   000000000000000   0000A0000000
 002070   62278753701   053986            2   001   100326   00   000000   0   000000000000000   000   000000000000000   000   000000000000000      000000000000238054   000   000000000238054   0   0000000000   A   0   0000000000   A   000000   000000   000000000000000   000000000000000   0000A0000000
 002070   62729428501   049924            2   001   100326   00   000000   0   000000000000000   000   000000000000000   000   000000000000000      000000000001412419   000   000000001412419   0   0000000000   A   0   0000000000   A   000000   000000   000000000000000   000000000000000   0000A0000000
 002070   62278753701   056867            2   001   100326   00   000000   0   000000000000000   000   000000000000000   000   000000000000000      000000000003538345   000   000000003538345   0   0000000000   A   0   0000000000   A   000000   000000   000000000000000   000000000000000   0000A0000000
 002070   62729428501   055439            2   001   100326   00   000000   0   000000000000000   000   000000000000000   000   000000000000000      000000000003723915   000   000000003723915   0   0000000000   A   0   0000000000   A   000000   000000   000000000000000   000000000000000   0000A0000000
 002070   62278753701   055439            2   001   100326   00   000000   0   000000000000000   000   000000000000000   000   000000000000000      000000000003723915   000   000000003723915   0   0000000000   A   0   0000000000   A   000000   000000   000000000000000   000000000000000   0000A0000000
 002070   62278753701   053986            2   001   100326   00   000000   0   000000000000000   000   000000000000000   000   000000000000000      000000000000238054   000   000000000238054   0   0000000000   A   0   0000000000   A   000000   000000   000000000000000   000000000000000   0000A0000000
 002070   62934649501   055439            2   002   100326   00   000000   0   000000000000000   000   000000000000000   000   000000000000000      000000000003723914   000   000000007447829   0   0000000000   A   0   0000000000   A   000000   000000   000000000000000   000000000000000   0000A0000000
 002070   62729428501   009772            2   001   100326   00   000000   0   000000000000000   000   000000000000000   000   000000000000000      000000000000077992   000   000000000077992   0   0000000000   A   0   0000000000   A   000000   000000   000000000000000   000000000000000   0000A0000000
 002070   62729428501   050359            2   001   100326   00   000000   0   000000000000000   000   000000000000000   000   000000000000000      000000000000141512   000   000000000141512   0   0000000000   A   0   0000000000   A   000000   000000   000000000000000   000000000000000   0000A0000000
 002070   62729428501   034031            2   002   100326   00   000000   0   000000000000000   000   000000000000000   000   000000000000000      000000000001143847   000   000000002287694   0   0000000000   A   0   0000000000   A   000000   000000   000000000000000   000000000000000   0000A0000000
 002070   62729428501   055439            2   004   100326   00   000000   0   000000000000000   000   000000000000000   000   000000000000000      000000000003723915   000   000000014895659   0   0000000000   A   0   0000000000   A   000000   000000   000000000000000   000000000000000   0000A0000000
 002070   62729428501   032590            2   001   100326   00   000000   0   000000000000000   000   000000000000000   000   000000000000000      000000000000671285   000   000000000671285   0   0000000000   A   0   0000000000   A   000000   000000   000000000000000   000000000000000   0000A0000000
 002070   62729428501   053591            2   001   100326   00   000000   0   000000000000000   000   000000000000000   000   000000000000000      000000000001212201   000   000000001212201   0   0000000000   A   0   0000000000   A   000000   000000   000000000000000   000000000000000   0000A0000000
 002070   62729428501   060492            2   003   100326   00   000000   0   000000000000000   000   000000000000000   000   000000000000000      000000000004355090   000   000000013065270   0   0000000000   A   0   0000000000   A   000000   000000   000000000000000   000000000000000   0000A0000000
 002070   62278753701   058373            2   001   100326   00   000000   0   000000000000000   000   000000000000000   000   000000000000000      000000000000353019   000   000000000353019   0   0000000000   A   0   0000000000   A   000000   000000   000000000000000   000000000000000   0000A0000000
 002070   62278753701   029366            2   001   100326   00   000000   0   000000000000000   000   000000000000000   000   000000000000000      000000000000488976   000   000000000488976   0   0000000000   A   0   0000000000   A   000000   000000   000000000000000   000000000000000   0000A0000000
 002070   62729428501   053986            2   001   100326   00   000000   0   000000000000000   000   000000000000000   000   000000000000000      000000000000238054   000   000000000238054   0   0000000000   A   0   0000000000   A   000000   000000   000000000000000   000000000000000   0000A0000000
 002070   62729428501   053986            2   001   100326   00   000000   0   000000000000000   000   000000000000000   000   000000000000000      000000000000238054   000   000000000238054   0   0000000000   A   0   0000000000   A   000000   000000   000000000000000   000000000000000   0000A0000000
 002070   62729428501   049924            2   001   110326   00   000000   0   000000000000000   000   000000000000000   000   000000000000000      000000000001412419   000   000000001412419   0   0000000000   A   0   0000000000   A   000000   000000   000000000000000   000000000000000   0000A0000000
 002070   62729428501   045886            2   001   110326   00   000000   0   000000000000000   000   000000000000000   000   000000000000000      000000000002900062   000   000000002900062   0   0000000000   A   0   0000000000   A   000000   000000   000000000000000   000000000000000   0000A0000000
 002070   62729428501   930306            2   001   110326   00   000000   0   000000000000000   000   000000000000000   000   000000000000000      000000000000168489   000   000000000168489   0   0000000000   A   0   0000000000   A   000000   000000   000000000000000   000000000000000   0000A0000000
 002070   62729428501   049924            2   001   110326   00   000000   0   000000000000000   000   000000000000000   000   000000000000000      000000000001412419   000   000000001412419   0   0000000000   A   0   0000000000   A   000000   000000   000000000000000   000000000000000   0000A0000000
 002070   62729428501   053609            2   001   110326   00   000000   0   000000000000000   000   000000000000000   000   000000000000000      000000000000498296   000   000000000498296   0   0000000000   A   0   0000000000   A   000000   000000   000000000000000   000000000000000   0000A0000000
 002070   62729428501   010055            2   001   110326   00   000000   0   000000000000000   000   000000000000000   000   000000000000000      000000000001545120   000   000000001545120   0   0000000000   A   0   0000000000   A   000000   000000   000000000000000   000000000000000   0000A0000000
 002070   62278753701   055439            2   001   110326   00   000000   0   000000000000000   000   000000000000000   000   000000000000000      000000000003723915   000   000000003723915   0   0000000000   A   0   0000000000   A   000000   000000   000000000000000   000000000000000   0000A0000000
 002070   62729428501   053986            2   001   110326   00   000000   0   000000000000000   000   000000000000000   000   000000000000000      000000000000238054   000   000000000238054   0   0000000000   A   0   0000000000   A   000000   000000   000000000000000   000000000000000   0000A0000000
 002070   62729428501   009772            2   001   110326   00   000000   0   000000000000000   000   000000000000000   000   000000000000000      000000000000077992   000   000000000077992   0   0000000000   A   0   0000000000   A   000000   000000   000000000000000   000000000000000   0000A0000000
 002070   62729428501   050359            2   001   110326   00   000000   0   000000000000000   000   000000000000000   000   000000000000000      000000000000141512   000   000000000141512   0   0000000000   A   0   0000000000   A   000000   000000   000000000000000   000000000000000   0000A0000000
 002070   62729428501   034031            2   002   110326   00   000000   0   000000000000000   000   000000000000000   000   000000000000000      000000000001143847   000   000000002287694   0   0000000000   A   0   0000000000   A   000000   000000   000000000000000   000000000000000   0000A0000000
 002070   62729428501   055439            2   004   110326   00   000000   0   000000000000000   000   000000000000000   000   000000000000000      000000000003723915   000   000000014895659   0   0000000000   A   0   0000000000   A   000000   000000   000000000000000   000000000000000   0000A0000000
 002070   62729428501   032590            2   001   110326   00   000000   0   000000000000000   000   000000000000000   000   000000000000000      000000000000671285   000   000000000671285   0   0000000000   A   0   0000000000   A   000000   000000   000000000000000   000000000000000   0000A0000000
 002070   62729428501   060492            2   003   110326   00   000000   0   000000000000000   000   000000000000000   000   000000000000000      000000000004355090   000   000000013065270   0   0000000000   A   0   0000000000   A   000000   000000   000000000000000   000000000000000   0000A0000000
 002070   62729428501   053986            2   001   110326   00   000000   0   000000000000000   000   000000000000000   000   000000000000000      000000000000238054   000   000000000238054   0   0000000000   A   0   0000000000   A   000000   000000   000000000000000   000000000000000   0000A0000000
 002070   62729428501   930306            2   001   110326   00   000000   0   000000000000000   000   000000000000000   000   000000000000000      000000000000156545   000   000000000156545   0   0000000000   A   0   0000000000   A   000000   000000   000000000000000   000000000000000   0000A0000000
 002070   62729428501   930306            2   001   110326   00   000000   0   000000000000000   000   000000000000000   000   000000000000000      000000000000452970   000   000000000452970   0   0000000000   A   0   0000000000   A   000000   000000   000000000000000   000000000000000   0000A0000000
 002070   63289905002   055439            2   002   110326   00   000000   0   000000000000000   000   000000000000000   000   000000000000000      000000000003723914   000   000000007447829   0   0000000000   A   0   0000000000   A   000000   000000   000000000000000   000000000000000   0000A0000000
 002070   63289905002   055442            2   001   110326   00   000000   0   000000000000000   000   000000000000000   000   000000000000000      000000000004394405   000   000000004394405   0   0000000000   A   0   0000000000   A   000000   000000   000000000000000   000000000000000   0000A0000000
 002070   63289905002   029366            2   002   110326   00   000000   0   000000000000000   000   000000000000000   000   000000000000000      000000000000488976   000   000000000977953   0   0000000000   A   0   0000000000   A   000000   000000   000000000000000   000000000000000   0000A0000000
 002070   63289905002   058373            2   002   110326   00   000000   0   000000000000000   000   000000000000000   000   000000000000000      000000000000353018   000   000000000706037   0   0000000000   A   0   0000000000   A   000000   000000   000000000000000   000000000000000   0000A0000000
 002070   63289905002   040297            2   001   110326   00   000000   0   000000000000000   000   000000000000000   000   000000000000000      000000000000521785   000   000000000521785   0   0000000000   A   0   0000000000   A   000000   000000   000000000000000   000000000000000   0000A0000000
 002070   63289905002   045332            2   001   110326   00   000000   0   000000000000000   000   000000000000000   000   000000000000000      000000000001517451   000   000000001517451   0   0000000000   A   0   0000000000   A   000000   000000   000000000000000   000000000000000   0000A0000000
 002070   62729428501   930306            2   002   110326   00   000000   0   000000000000000   000   000000000000000   000   000000000000000      000000000000382800   000   000000000765601   0   0000000000   A   0   0000000000   A   000000   000000   000000000000000   000000000000000   0000A0000000
 002070   62729428501   930306            2   001   110326   00   000000   0   000000000000000   000   000000000000000   000   000000000000000      000000000000381150   000   000000000381150   0   0000000000   A   0   0000000000   A   000000   000000   000000000000000   000000000000000   0000A0000000
 002070   62729428501   930306            2   001   110326   00   000000   0   000000000000000   000   000000000000000   000   000000000000000      000000000004095457   000   000000004095457   0   0000000000   A   0   0000000000   A   000000   000000   000000000000000   000000000000000   0000A0000000
 002070   62729428501   930306            2   001   110326   00   000000   0   000000000000000   000   000000000000000   000   000000000000000      000000000000381150   000   000000000381150   0   0000000000   A   0   0000000000   A   000000   000000   000000000000000   000000000000000   0000A0000000
 002070   62729428501   930306            2   003   120326   00   000000   0   000000000000000   000   000000000000000   000   000000000000000      000000000000047855   000   000000000143564   0   0000000000   A   0   0000000000   A   000000   000000   000000000000000   000000000000000   0000A0000000
 002070   62729428501   053986            2   001   120326   00   000000   0   000000000000000   000   000000000000000   000   000000000000000      000000000000238054   000   000000000238054   0   0000000000   A   0   0000000000   A   000000   000000   000000000000000   000000000000000   0000A0000000
 002070   62729428501   010055            2   001   120326   00   000000   0   000000000000000   000   000000000000000   000   000000000000000      000000000001545120   000   000000001545120   0   0000000000   A   0   0000000000   A   000000   000000   000000000000000   000000000000000   0000A0000000
 002070   62729428501   018168            2   001   120326   00   000000   0   000000000000000   000   000000000000000   000   000000000000000      000000000000848700   000   000000000848700   0   0000000000   A   0   0000000000   A   000000   000000   000000000000000   000000000000000   0000A0000000
 002070   62729428501   034031            2   002   120326   00   000000   0   000000000000000   000   000000000000000   000   000000000000000      000000000001143847   000   000000002287694   0   0000000000   A   0   0000000000   A   000000   000000   000000000000000   000000000000000   0000A0000000
 002070   62729428501   055439            2   004   120326   00   000000   0   000000000000000   000   000000000000000   000   000000000000000      000000000003723915   000   000000014895659   0   0000000000   A   0   0000000000   A   000000   000000   000000000000000   000000000000000   0000A0000000
 002070   62729428501   032590            2   001   120326   00   000000   0   000000000000000   000   000000000000000   000   000000000000000      000000000000671285   000   000000000671285   0   0000000000   A   0   0000000000   A   000000   000000   000000000000000   000000000000000   0000A0000000
 002070   62729428501   053591            2   001   120326   00   000000   0   000000000000000   000   000000000000000   000   000000000000000      000000000001212201   000   000000001212201   0   0000000000   A   0   0000000000   A   000000   000000   000000000000000   000000000000000   0000A0000000
 002070   62729428501   060492            2   003   120326   00   000000   0   000000000000000   000   000000000000000   000   000000000000000      000000000004355090   000   000000013065270   0   0000000000   A   0   0000000000   A   000000   000000   000000000000000   000000000000000   0000A0000000
 002070   62729428501   055439            2   001   120326   00   000000   0   000000000000000   000   000000000000000   000   000000000000000      000000000003723915   000   000000003723915   0   0000000000   A   0   0000000000   A   000000   000000   000000000000000   000000000000000   0000A0000000
 002070   62729428501   058823            2   004   120326   00   000000   0   000000000000000   000   000000000000000   000   000000000000000      000000000000468147   000   000000001872587   0   0000000000   A   0   0000000000   A   000000   000000   000000000000000   000000000000000   0000A0000000
 002070   62729428501   930306            2   002   120326   00   000000   0   000000000000000   000   000000000000000   000   000000000000000      000000000000320440   000   000000000640881   0   0000000000   A   0   0000000000   A   000000   000000   000000000000000   000000000000000   0000A0000000
 002070   62729428501   930306            2   001   120326   00   000000   0   000000000000000   000   000000000000000   000   000000000000000      000000000000320440   000   000000000320440   0   0000000000   A   0   0000000000   A   000000   000000   000000000000000   000000000000000   0000A0000000
 002070   62729428501   053986            2   001   120326   00   000000   0   000000000000000   000   000000000000000   000   000000000000000      000000000000238054   000   000000000238054   0   0000000000   A   0   0000000000   A   000000   000000   000000000000000   000000000000000   0000A0000000
 002070   62729428501   053986            2   001   120326   00   000000   0   000000000000000   000   000000000000000   000   000000000000000      000000000000238054   000   000000000238054   0   0000000000   A   0   0000000000   A   000000   000000   000000000000000   000000000000000   0000A0000000
 002070   62729428501   031837            2   001   120326   00   000000   0   000000000000000   000   000000000000000   000   000000000000000      000000000001197802   000   000000001197802   0   0000000000   A   0   0000000000   A   000000   000000   000000000000000   000000000000000   0000A0000000
 002070   62729428501   053986            2   002   130326   00   000000   0   000000000000000   000   000000000000000   000   000000000000000      000000000000238054   000   000000000476107   0   0000000000   A   0   0000000000   A   000000   000000   000000000000000   000000000000000   0000A0000000
 002070   62729428501   001285            2   001   130326   00   000000   0   000000000000000   000   000000000000000   000   000000000000000      000000000000084098   000   000000000084098   0   0000000000   A   0   0000000000   A   000000   000000   000000000000000   000000000000000   0000A0000000
 002070   62729428501   018168            2   001   130326   00   000000   0   000000000000000   000   000000000000000   000   000000000000000      000000000000848700   000   000000000848700   0   0000000000   A   0   0000000000   A   000000   000000   000000000000000   000000000000000   0000A0000000
 002070   62729428501   053609            2   001   130326   00   000000   0   000000000000000   000   000000000000000   000   000000000000000      000000000000498296   000   000000000498296   0   0000000000   A   0   0000000000   A   000000   000000   000000000000000   000000000000000   0000A0000000
 002070   62729428501   034031            2   001   130326   00   000000   0   000000000000000   000   000000000000000   000   000000000000000      000000000001143847   000   000000001143847   0   0000000000   A   0   0000000000   A   000000   000000   000000000000000   000000000000000   0000A0000000
 002070   62729428501   049924            2   001   130326   00   000000   0   000000000000000   000   000000000000000   000   000000000000000      000000000001412419   000   000000001412419   0   0000000000   A   0   0000000000   A   000000   000000   000000000000000   000000000000000   0000A0000000
 002070   62729428501   058823            2   005   130326   00   000000   0   000000000000000   000   000000000000000   000   000000000000000      000000000000468147   000   000000002340734   0   0000000000   A   0   0000000000   A   000000   000000   000000000000000   000000000000000   0000A0000000
 002070   62729428501   055439            2   001   130326   00   000000   0   000000000000000   000   000000000000000   000   000000000000000      000000000003723915   000   000000003723915   0   0000000000   A   0   0000000000   A   000000   000000   000000000000000   000000000000000   0000A0000000
 002070   62729428501   059442            2   001   130326   00   000000   0   000000000000000   000   000000000000000   000   000000000000000      000000000001141863   000   000000001141863   0   0000000000   A   0   0000000000   A   000000   000000   000000000000000   000000000000000   0000A0000000
 002070   62729428501   058823            2   001   130326   00   000000   0   000000000000000   000   000000000000000   000   000000000000000      000000000000468147   000   000000000468147   0   0000000000   A   0   0000000000   A   000000   000000   000000000000000   000000000000000   0000A0000000
 002070   62729428501   059442            2   001   130326   00   000000   0   000000000000000   000   000000000000000   000   000000000000000      000000000001141863   000   000000001141863   0   0000000000   A   0   0000000000   A   000000   000000   000000000000000   000000000000000   0000A0000000
 002070   62729428501   010055            2   001   130326   00   000000   0   000000000000000   000   000000000000000   000   000000000000000      000000000001545120   000   000000001545120   0   0000000000   A   0   0000000000   A   000000   000000   000000000000000   000000000000000   0000A0000000
 002070   62729428501   034031            2   002   130326   00   000000   0   000000000000000   000   000000000000000   000   000000000000000      000000000001143847   000   000000002287694   0   0000000000   A   0   0000000000   A   000000   000000   000000000000000   000000000000000   0000A0000000
 002070   62729428501   032590            2   001   130326   00   000000   0   000000000000000   000   000000000000000   000   000000000000000      000000000000671285   000   000000000671285   0   0000000000   A   0   0000000000   A   000000   000000   000000000000000   000000000000000   0000A0000000
 002070   62729428501   060492            2   003   130326   00   000000   0   000000000000000   000   000000000000000   000   000000000000000      000000000004355090   000   000000013065270   0   0000000000   A   0   0000000000   A   000000   000000   000000000000000   000000000000000   0000A0000000
 002070   62729428501   055439            2   003   130326   00   000000   0   000000000000000   000   000000000000000   000   000000000000000      000000000003723915   000   000000011171744   0   0000000000   A   0   0000000000   A   000000   000000   000000000000000   000000000000000   0000A0000000
 002070   62729428501   058823            2   003   130326   00   000000   0   000000000000000   000   000000000000000   000   000000000000000      000000000000468147   000   000000001404440   0   0000000000   A   0   0000000000   A   000000   000000   000000000000000   000000000000000   0000A0000000
 002070   62729428501   059442            2   003   130326   00   000000   0   000000000000000   000   000000000000000   000   000000000000000      000000000001141863   000   000000003425590   0   0000000000   A   0   0000000000   A   000000   000000   000000000000000   000000000000000   0000A0000000
 002070   62729428501   020401            2   008   130326   00   000000   0   000000000000000   000   000000000000000   000   000000000000000      000000000000054684   000   000000000437472   0   0000000000   A   0   0000000000   A   000000   000000   000000000000000   000000000000000   0000A0000000
 002070   62729428501   001285            2   003   130326   00   000000   0   000000000000000   000   000000000000000   000   000000000000000      000000000000084098   000   000000000252293   0   0000000000   A   0   0000000000   A   000000   000000   000000000000000   000000000000000   0000A0000000
 002070   62729428501   031837            2   020   130326   00   000000   0   000000000000000   000   000000000000000   000   000000000000000      000000000001197802   000   000000023956038   0   0000000000   A   0   0000000000   A   000000   000000   000000000000000   000000000000000   0000A0000000
 002070   62729428501   056867            2   002   130326   00   000000   0   000000000000000   000   000000000000000   000   000000000000000      000000000003538344   000   000000007076689   0   0000000000   A   0   0000000000   A   000000   000000   000000000000000   000000000000000   0000A0000000
 002070   62729428501   060196            2   005   130326   00   000000   0   000000000000000   000   000000000000000   000   000000000000000      000000000001657198   000   000000008285990   0   0000000000   A   0   0000000000   A   000000   000000   000000000000000   000000000000000   0000A0000000
 002070   62729428501   047574            2   001   130326   00   000000   0   000000000000000   000   000000000000000   000   000000000000000      000000000003681882   000   000000003681882   0   0000000000   A   0   0000000000   A   000000   000000   000000000000000   000000000000000   0000A0000000
 002070   62729428501   055436            2   003   130326   00   000000   0   000000000000000   000   000000000000000   000   000000000000000      000000000006791715   000   000000020375145   0   0000000000   A   0   0000000000   A   000000   000000   000000000000000   000000000000000   0000A0000000
 002070   62729428501   058823            2   003   130326   00   000000   0   000000000000000   000   000000000000000   000   000000000000000      000000000000468147   000   000000001404440   0   0000000000   A   0   0000000000   A   000000   000000   000000000000000   000000000000000   0000A0000000
 002070   62729428501   059442            2   003   130326   00   000000   0   000000000000000   000   000000000000000   000   000000000000000      000000000001141863   000   000000003425590   0   0000000000   A   0   0000000000   A   000000   000000   000000000000000   000000000000000   0000A0000000
 002070   62729428501   055436            2   001   130326   00   000000   0   000000000000000   000   000000000000000   000   000000000000000      000000000006791715   000   000000006791715   0   0000000000   A   0   0000000000   A   000000   000000   000000000000000   000000000000000   0000A0000000
 002070   62729428501   058823            2   004   130326   00   000000   0   000000000000000   000   000000000000000   000   000000000000000      000000000000468147   000   000000001872587   0   0000000000   A   0   0000000000   A   000000   000000   000000000000000   000000000000000   0000A0000000
 002070   62729428501   930306            2   001   130326   00   000000   0   000000000000000   000   000000000000000   000   000000000000000      000000000002030002   000   000000002030002   0   0000000000   A   0   0000000000   A   000000   000000   000000000000000   000000000000000   0000A0000000
 002070   62729428501   930306            2   001   130326   00   000000   0   000000000000000   000   000000000000000   000   000000000000000      000000000008179867   000   000000008179867   0   0000000000   A   0   0000000000   A   000000   000000   000000000000000   000000000000000   0000A0000000
 002070   62729428501   930306            2   003   130326   00   000000   0   000000000000000   000   000000000000000   000   000000000000000      000000000000047855   000   000000000143564   0   0000000000   A   0   0000000000   A   000000   000000   000000000000000   000000000000000   0000A0000000
 002070   62729428501   930306            2   001   130326   00   000000   0   000000000000000   000   000000000000000   000   000000000000000      000000000000594156   000   000000000594156   0   0000000000   A   0   0000000000   A   000000   000000   000000000000000   000000000000000   0000A0000000
 002070   62729428501   930306            2   004   130326   00   000000   0   000000000000000   000   000000000000000   000   000000000000000      000000000000381150   000   000000001524600   0   0000000000   A   0   0000000000   A   000000   000000   000000000000000   000000000000000   0000A0000000
 002070   62729428501   031837            2   022   130326   00   000000   0   000000000000000   000   000000000000000   000   000000000000000      000000000001197802   000   000000026351642   0   0000000000   A   0   0000000000   A   000000   000000   000000000000000   000000000000000   0000A0000000
 002070   62729428501   019716            2   001   130326   00   000000   0   000000000000000   000   000000000000000   000   000000000000000      000000000000906552   000   000000000906552   0   0000000000   A   0   0000000000   A   000000   000000   000000000000000   000000000000000   0000A0000000
 002070   62729428501   930306            2   001   130326   00   000000   0   000000000000000   000   000000000000000   000   000000000000000      000000000000168489   000   000000000168489   0   0000000000   A   0   0000000000   A   000000   000000   000000000000000   000000000000000   0000A0000000
 002070   62729428501   930306            2   003   130326   00   000000   0   000000000000000   000   000000000000000   000   000000000000000      000000000004095457   000   000000012286372   0   0000000000   A   0   0000000000   A   000000   000000   000000000000000   000000000000000   0000A0000000
 002070   62729428501   058689            2   001   130326   00   000000   0   000000000000000   000   000000000000000   000   000000000000000      000000000003503563   000   000000003503563   0   0000000000   A   0   0000000000   A   000000   000000   000000000000000   000000000000000   0000A0000000
 002070   62729428501   930306            2   001   130326   00   000000   0   000000000000000   000   000000000000000   000   000000000000000      000000000000381150   000   000000000381150   0   0000000000   A   0   0000000000   A   000000   000000   000000000000000   000000000000000   0000A0000000
 002070   62729428501   930306            2   002   130326   00   000000   0   000000000000000   000   000000000000000   000   000000000000000      000000000001184070   000   000000002368141   0   0000000000   A   0   0000000000   A   000000   000000   000000000000000   000000000000000   0000A0000000
 002070   62729428501   930306            2   002   130326   00   000000   0   000000000000000   000   000000000000000   000   000000000000000      000000000004095457   000   000000008190914   0   0000000000   A   0   0000000000   A   000000   000000   000000000000000   000000000000000   0000A0000000
 002070   62729428501   930306            2   001   130326   00   000000   0   000000000000000   000   000000000000000   000   000000000000000      000000000009937297   000   000000009937297   0   0000000000   A   0   0000000000   A   000000   000000   000000000000000   000000000000000   0000A0000000
 002070   62729428501   930306            2   001   130326   00   000000   0   000000000000000   000   000000000000000   000   000000000000000      000000000002534534   000   000000002534534   0   0000000000   A   0   0000000000   A   000000   000000   000000000000000   000000000000000   0000A0000000
 002070   62729428501   930306            2   001   130326   00   000000   0   000000000000000   000   000000000000000   000   000000000000000      000000000000320440   000   000000000320440   0   0000000000   A   0   0000000000   A   000000   000000   000000000000000   000000000000000   0000A0000000
 002070   62729428501   930306            2   001   130326   00   000000   0   000000000000000   000   000000000000000   000   000000000000000      000000000000320440   000   000000000320440   0   0000000000   A   0   0000000000   A   000000   000000   000000000000000   000000000000000   0000A0000000
 002070   62729428501   930306            2   002   130326   00   000000   0   000000000000000   000   000000000000000   000   000000000000000      000000000000320440   000   000000000640881   0   0000000000   A   0   0000000000   A   000000   000000   000000000000000   000000000000000   0000A0000000
 002070   62729428501   930306            2   001   130326   00   000000   0   000000000000000   000   000000000000000   000   000000000000000      000000000000374023   000   000000000374023   0   0000000000   A   0   0000000000   A   000000   000000   000000000000000   000000000000000   0000A0000000
 002070   62729428501   053986            2   001   130326   00   000000   0   000000000000000   000   000000000000000   000   000000000000000      000000000000238054   000   000000000238054   0   0000000000   A   0   0000000000   A   000000   000000   000000000000000   000000000000000   0000A0000000
 002070   62729428501   930306            2   001   130326   00   000000   0   000000000000000   000   000000000000000   000   000000000000000      000000000002026125   000   000000002026125   0   0000000000   A   0   0000000000   A   000000   000000   000000000000000   000000000000000   0000A0000000
 002070   62729428501   930306            2   002   130326   00   000000   0   000000000000000   000   000000000000000   000   000000000000000      000000000000320440   000   000000000640881   0   0000000000   A   0   0000000000   A   000000   000000   000000000000000   000000000000000   0000A0000000
 002070   62729428501   053986            2   001   130326   00   000000   0   000000000000000   000   000000000000000   000   000000000000000      000000000000238054   000   000000000238054   0   0000000000   A   0   0000000000   A   000000   000000   000000000000000   000000000000000   0000A0000000
 002070   62729428501   930306            2   001   140326   00   000000   0   000000000000000   000   000000000000000   000   000000000000000      000000000000320440   000   000000000320440   0   0000000000   A   0   0000000000   A   000000   000000   000000000000000   000000000000000   0000A0000000
 002070   62729428501   053986            2   001   140326   00   000000   0   000000000000000   000   000000000000000   000   000000000000000      000000000000238054   000   000000000238054   0   0000000000   A   0   0000000000   A   000000   000000   000000000000000   000000000000000   0000A0000000
 002070   62729428501   019716            2   001   140326   00   000000   0   000000000000000   000   000000000000000   000   000000000000000      000000000000906552   000   000000000906552   0   0000000000   A   0   0000000000   A   000000   000000   000000000000000   000000000000000   0000A0000000
 002070   62729428501   930306            2   002   140326   00   000000   0   000000000000000   000   000000000000000   000   000000000000000      000000000000382800   000   000000000765601   0   0000000000   A   0   0000000000   A   000000   000000   000000000000000   000000000000000   0000A0000000
 002070   62729428501   015499            2   001   140326   00   000000   0   000000000000000   000   000000000000000   000   000000000000000      000000000001208057   000   000000001208057   0   0000000000   A   0   0000000000   A   000000   000000   000000000000000   000000000000000   0000A0000000
 002070   62729428501   060196            2   005   140326   00   000000   0   000000000000000   000   000000000000000   000   000000000000000      000000000001657198   000   000000008285990   0   0000000000   A   0   0000000000   A   000000   000000   000000000000000   000000000000000   0000A0000000
 002070   62729428501   018168            2   001   140326   00   000000   0   000000000000000   000   000000000000000   000   000000000000000      000000000000848700   000   000000000848700   0   0000000000   A   0   0000000000   A   000000   000000   000000000000000   000000000000000   0000A0000000
 002070   62729428501   018163            2   001   140326   00   000000   0   000000000000000   000   000000000000000   000   000000000000000      000000000001404360   000   000000001404360   0   0000000000   A   0   0000000000   A   000000   000000   000000000000000   000000000000000   0000A0000000
 002070   62729428501   056867            2   002   140326   00   000000   0   000000000000000   000   000000000000000   000   000000000000000      000000000003538344   000   000000007076689   0   0000000000   A   0   0000000000   A   000000   000000   000000000000000   000000000000000   0000A0000000
 002070   62729428501   052199            2   001   140326   00   000000   0   000000000000000   000   000000000000000   000   000000000000000      000000000007455730   000   000000007455730   0   0000000000   A   0   0000000000   A   000000   000000   000000000000000   000000000000000   0000A0000000
 002070   62729428501   053986            2   001   140326   00   000000   0   000000000000000   000   000000000000000   000   000000000000000      000000000000238054   000   000000000238054   0   0000000000   A   0   0000000000   A   000000   000000   000000000000000   000000000000000   0000A0000000
 002070   62729428501   034031            2   004   140326   00   000000   0   000000000000000   000   000000000000000   000   000000000000000      000000000001143847   000   000000004575388   0   0000000000   A   0   0000000000   A   000000   000000   000000000000000   000000000000000   0000A0000000
 002070   62729428501   032590            2   002   140326   00   000000   0   000000000000000   000   000000000000000   000   000000000000000      000000000000671285   000   000000001342570   0   0000000000   A   0   0000000000   A   000000   000000   000000000000000   000000000000000   0000A0000000
 002070   62729428501   053591            2   001   140326   00   000000   0   000000000000000   000   000000000000000   000   000000000000000      000000000001212201   000   000000001212201   0   0000000000   A   0   0000000000   A   000000   000000   000000000000000   000000000000000   0000A0000000
 002070   62729428501   060492            2   006   140326   00   000000   0   000000000000000   000   000000000000000   000   000000000000000      000000000004355090   000   000000026130541   0   0000000000   A   0   0000000000   A   000000   000000   000000000000000   000000000000000   0000A0000000
 002070   62729428501   055439            2   002   140326   00   000000   0   000000000000000   000   000000000000000   000   000000000000000      000000000003723914   000   000000007447829   0   0000000000   A   0   0000000000   A   000000   000000   000000000000000   000000000000000   0000A0000000
 002070   62729428501   020401            2   016   140326   00   000000   0   000000000000000   000   000000000000000   000   000000000000000      000000000000054684   000   000000000874944   0   0000000000   A   0   0000000000   A   000000   000000   000000000000000   000000000000000   0000A0000000
 002070   62729428501   001285            2   006   140326   00   000000   0   000000000000000   000   000000000000000   000   000000000000000      000000000000084098   000   000000000504587   0   0000000000   A   0   0000000000   A   000000   000000   000000000000000   000000000000000   0000A0000000
 002070   62729428501   031837            2   040   140326   00   000000   0   000000000000000   000   000000000000000   000   000000000000000      000000000001197802   000   000000047912076   0   0000000000   A   0   0000000000   A   000000   000000   000000000000000   000000000000000   0000A0000000
 002070   62729428501   056867            2   004   140326   00   000000   0   000000000000000   000   000000000000000   000   000000000000000      000000000003538344   000   000000014153378   0   0000000000   A   0   0000000000   A   000000   000000   000000000000000   000000000000000   0000A0000000
 002070   62729428501   060196            2   010   140326   00   000000   0   000000000000000   000   000000000000000   000   000000000000000      000000000001657198   000   000000016571979   0   0000000000   A   0   0000000000   A   000000   000000   000000000000000   000000000000000   0000A0000000
 002070   62729428501   047574            2   002   140326   00   000000   0   000000000000000   000   000000000000000   000   000000000000000      000000000003681882   000   000000007363764   0   0000000000   A   0   0000000000   A   000000   000000   000000000000000   000000000000000   0000A0000000
 002070   62729428501   055436            2   001   140326   00   000000   0   000000000000000   000   000000000000000   000   000000000000000      000000000006791715   000   000000006791715   0   0000000000   A   0   0000000000   A   000000   000000   000000000000000   000000000000000   0000A0000000
 002070   62729428501   058823            2   004   140326   00   000000   0   000000000000000   000   000000000000000   000   000000000000000      000000000000468147   000   000000001872587   0   0000000000   A   0   0000000000   A   000000   000000   000000000000000   000000000000000   0000A0000000
 002070   62729428501   055436            2   004   140326   00   000000   0   000000000000000   000   000000000000000   000   000000000000000      000000000006791715   000   000000027166860   0   0000000000   A   0   0000000000   A   000000   000000   000000000000000   000000000000000   0000A0000000
 002070   62729428501   058823            2   004   140326   00   000000   0   000000000000000   000   000000000000000   000   000000000000000      000000000000468147   000   000000001872587   0   0000000000   A   0   0000000000   A   000000   000000   000000000000000   000000000000000   0000A0000000
 002070   62729428501   058832            2   010   140326   00   000000   0   000000000000000   000   000000000000000   000   000000000000000      000000000000886245   000   000000008862453   0   0000000000   A   0   0000000000   A   000000   000000   000000000000000   000000000000000   0000A0000000
 002070   62729428501   056850            2   002   140326   00   000000   0   000000000000000   000   000000000000000   000   000000000000000      000000000002508998   000   000000005017995   0   0000000000   A   0   0000000000   A   000000   000000   000000000000000   000000000000000   0000A0000000
 002070   61867603001   930306            2   002   140326   00   000000   0   000000000000000   000   000000000000000   000   000000000000000      000000000000382800   000   000000000765601   0   0000000000   A   0   0000000000   A   000000   000000   000000000000000   000000000000000   0000A0000000
 002070   61867603001   930306            2   001   140326   00   000000   0   000000000000000   000   000000000000000   000   000000000000000      000000000000381150   000   000000000381150   0   0000000000   A   0   0000000000   A   000000   000000   000000000000000   000000000000000   0000A0000000
 002070   61867603001   930306            2   001   140326   00   000000   0   000000000000000   000   000000000000000   000   000000000000000      000000000000168489   000   000000000168489   0   0000000000   A   0   0000000000   A   000000   000000   000000000000000   000000000000000   0000A0000000
 002070   61867603001   930306            2   001   140326   00   000000   0   000000000000000   000   000000000000000   000   000000000000000      000000000000381150   000   000000000381150   0   0000000000   A   0   0000000000   A   000000   000000   000000000000000   000000000000000   0000A0000000
 002070   61867603001   055439            2   001   140326   00   000000   0   000000000000000   000   000000000000000   000   000000000000000      000000000003723915   000   000000003723915   0   0000000000   A   0   0000000000   A   000000   000000   000000000000000   000000000000000   0000A0000000
 002070   61867603001   930306            2   001   140326   00   000000   0   000000000000000   000   000000000000000   000   000000000000000      000000000001184071   000   000000001184071   0   0000000000   A   0   0000000000   A   000000   000000   000000000000000   000000000000000   0000A0000000
 002070   62729428501   019716            2   001   140326   00   000000   0   000000000000000   000   000000000000000   000   000000000000000      000000000000906552   000   000000000906552   0   0000000000   A   0   0000000000   A   000000   000000   000000000000000   000000000000000   0000A0000000
 002070   62729428501   053986            2   001   140326   00   000000   0   000000000000000   000   000000000000000   000   000000000000000      000000000000238054   000   000000000238054   0   0000000000   A   0   0000000000   A   000000   000000   000000000000000   000000000000000   0000A0000000
 002070   61867603001   053986            2   001   140326   00   000000   0   000000000000000   000   000000000000000   000   000000000000000      000000000000238054   000   000000000238054   0   0000000000   A   0   0000000000   A   000000   000000   000000000000000   000000000000000   0000A0000000
 002070   61867603001   930306            2   003   140326   00   000000   0   000000000000000   000   000000000000000   000   000000000000000      000000000000047855   000   000000000143564   0   0000000000   A   0   0000000000   A   000000   000000   000000000000000   000000000000000   0000A0000000
 002070   61867603001   058606            2   001   140326   00   000000   0   000000000000000   000   000000000000000   000   000000000000000      000000000000433987   000   000000000433987   0   0000000000   A   0   0000000000   A   000000   000000   000000000000000   000000000000000   0000A0000000
 002070   61867603001   058373            2   001   140326   00   000000   0   000000000000000   000   000000000000000   000   000000000000000      000000000000353019   000   000000000353019   0   0000000000   A   0   0000000000   A   000000   000000   000000000000000   000000000000000   0000A0000000
 002070   61867603001   029366            2   001   140326   00   000000   0   000000000000000   000   000000000000000   000   000000000000000      000000000000488976   000   000000000488976   0   0000000000   A   0   0000000000   A   000000   000000   000000000000000   000000000000000   0000A0000000
 002070   61867603001   034031            2   001   140326   00   000000   0   000000000000000   000   000000000000000   000   000000000000000      000000000001143847   000   000000001143847   0   0000000000   A   0   0000000000   A   000000   000000   000000000000000   000000000000000   0000A0000000
 002070   62729428501   930306            2   001   150326   00   000000   0   000000000000000   000   000000000000000   000   000000000000000      000000000001184071   000   000000001184071   0   0000000000   A   0   0000000000   A   000000   000000   000000000000000   000000000000000   0000A0000000
 002070   62729428501   053986            2   001   150326   00   000000   0   000000000000000   000   000000000000000   000   000000000000000      000000000000238054   000   000000000238054   0   0000000000   A   0   0000000000   A   000000   000000   000000000000000   000000000000000   0000A0000000
 002070   62729428501   930306            2   003   150326   00   000000   0   000000000000000   000   000000000000000   000   000000000000000      000000000000047855   000   000000000143564   0   0000000000   A   0   0000000000   A   000000   000000   000000000000000   000000000000000   0000A0000000
 002070   62729428501   930306            2   002   150326   00   000000   0   000000000000000   000   000000000000000   000   000000000000000      000000000000381150   000   000000000762300   0   0000000000   A   0   0000000000   A   000000   000000   000000000000000   000000000000000   0000A0000000
 002070   62729428501   930306            2   001   150326   00   000000   0   000000000000000   000   000000000000000   000   000000000000000      000000000004095457   000   000000004095457   0   0000000000   A   0   0000000000   A   000000   000000   000000000000000   000000000000000   0000A0000000
 002070   62729428501   930306            2   002   150326   00   000000   0   000000000000000   000   000000000000000   000   000000000000000      000000000000320440   000   000000000640881   0   0000000000   A   0   0000000000   A   000000   000000   000000000000000   000000000000000   0000A0000000
 002070   62729428501   930306            2   002   150326   00   000000   0   000000000000000   000   000000000000000   000   000000000000000      000000000000320440   000   000000000640881   0   0000000000   A   0   0000000000   A   000000   000000   000000000000000   000000000000000   0000A0000000
 002070   62729428501   053986            2   001   150326   00   000000   0   000000000000000   000   000000000000000   000   000000000000000      000000000000238054   000   000000000238054   0   0000000000   A   0   0000000000   A   000000   000000   000000000000000   000000000000000   0000A0000000
 002070   62729428501   059162            2   002   150326   00   000000   0   000000000000000   000   000000000000000   000   000000000000000      000000000001342200   000   000000002684401   0   0000000000   A   0   0000000000   A   000000   000000   000000000000000   000000000000000   0000A0000000
 002070   62729428501   930306            2   001   150326   00   000000   0   000000000000000   000   000000000000000   000   000000000000000      000000000000156545   000   000000000156545   0   0000000000   A   0   0000000000   A   000000   000000   000000000000000   000000000000000   0000A0000000
 002070   62729428501   019428            2   001   150326   00   000000   0   000000000000000   000   000000000000000   000   000000000000000      000000000000418435   000   000000000418435   0   0000000000   A   0   0000000000   A   000000   000000   000000000000000   000000000000000   0000A0000000
 002070   62729428501   032590            2   001   150326   00   000000   0   000000000000000   000   000000000000000   000   000000000000000      000000000000671285   000   000000000671285   0   0000000000   A   0   0000000000   A   000000   000000   000000000000000   000000000000000   0000A0000000
 002070   62729428501   053986            2   001   150326   00   000000   0   000000000000000   000   000000000000000   000   000000000000000      000000000000238054   000   000000000238054   0   0000000000   A   0   0000000000   A   000000   000000   000000000000000   000000000000000   0000A0000000
 002070   62729428501   930306            2   002   160326   00   000000   0   000000000000000   000   000000000000000   000   000000000000000      000000000000047855   000   000000000095710   0   0000000000   A   0   0000000000   A   000000   000000   000000000000000   000000000000000   0000A0000000
 002070   62729428501   031837            2   020   160326   00   000000   0   000000000000000   000   000000000000000   000   000000000000000      000000000001197802   000   000000023956038   0   0000000000   A   0   0000000000   A   000000   000000   000000000000000   000000000000000   0000A0000000
 002070   62729428501   930306            2   002   160326   00   000000   0   000000000000000   000   000000000000000   000   000000000000000      000000000000320440   000   000000000640881   0   0000000000   A   0   0000000000   A   000000   000000   000000000000000   000000000000000   0000A0000000
 002070   62729428501   053986            2   001   160326   00   000000   0   000000000000000   000   000000000000000   000   000000000000000      000000000000238054   000   000000000238054   0   0000000000   A   0   0000000000   A   000000   000000   000000000000000   000000000000000   0000A0000000
 002070   62729428501   058832            2   005   160326   00   000000   0   000000000000000   000   000000000000000   000   000000000000000      000000000000886245   000   000000004431226   0   0000000000   A   0   0000000000   A   000000   000000   000000000000000   000000000000000   0000A0000000
 002070   62729428501   056850            2   001   160326   00   000000   0   000000000000000   000   000000000000000   000   000000000000000      000000000002508998   000   000000002508998   0   0000000000   A   0   0000000000   A   000000   000000   000000000000000   000000000000000   0000A0000000
 002070   62729428501   040283            2   001   160326   00   000000   0   000000000000000   000   000000000000000   000   000000000000000      000000000002512066   000   000000002512066   0   0000000000   A   0   0000000000   A   000000   000000   000000000000000   000000000000000   0000A0000000
 002070   62729428501   056852            2   001   160326   00   000000   0   000000000000000   000   000000000000000   000   000000000000000      000000000003789593   000   000000003789593   0   0000000000   A   0   0000000000   A   000000   000000   000000000000000   000000000000000   0000A0000000
 002070   62729428501   056867            2   001   160326   00   000000   0   000000000000000   000   000000000000000   000   000000000000000      000000000003538345   000   000000003538345   0   0000000000   A   0   0000000000   A   000000   000000   000000000000000   000000000000000   0000A0000000
 002070   62729428501   034031            2   002   160326   00   000000   0   000000000000000   000   000000000000000   000   000000000000000      000000000001143847   000   000000002287694   0   0000000000   A   0   0000000000   A   000000   000000   000000000000000   000000000000000   0000A0000000
 002070   62729428501   060492            2   003   160326   00   000000   0   000000000000000   000   000000000000000   000   000000000000000      000000000004355090   000   000000013065270   0   0000000000   A   0   0000000000   A   000000   000000   000000000000000   000000000000000   0000A0000000
 002070   62729428501   020401            2   004   160326   00   000000   0   000000000000000   000   000000000000000   000   000000000000000      000000000000054684   000   000000000218736   0   0000000000   A   0   0000000000   A   000000   000000   000000000000000   000000000000000   0000A0000000
 002070   62729428501   031837            2   020   160326   00   000000   0   000000000000000   000   000000000000000   000   000000000000000      000000000001197802   000   000000023956038   0   0000000000   A   0   0000000000   A   000000   000000   000000000000000   000000000000000   0000A0000000
 002070   62729428501   056867            2   003   160326   00   000000   0   000000000000000   000   000000000000000   000   000000000000000      000000000003538345   000   000000010615034   0   0000000000   A   0   0000000000   A   000000   000000   000000000000000   000000000000000   0000A0000000
 002070   62729428501   060196            2   005   160326   00   000000   0   000000000000000   000   000000000000000   000   000000000000000      000000000001657198   000   000000008285990   0   0000000000   A   0   0000000000   A   000000   000000   000000000000000   000000000000000   0000A0000000
 002070   62729428501   047574            2   001   160326   00   000000   0   000000000000000   000   000000000000000   000   000000000000000      000000000003681882   000   000000003681882   0   0000000000   A   0   0000000000   A   000000   000000   000000000000000   000000000000000   0000A0000000
 002070   62729428501   056850            2   001   160326   00   000000   0   000000000000000   000   000000000000000   000   000000000000000      000000000002508998   000   000000002508998   0   0000000000   A   0   0000000000   A   000000   000000   000000000000000   000000000000000   0000A0000000
 002070   62729428501   058832            2   005   160326   00   000000   0   000000000000000   000   000000000000000   000   000000000000000      000000000000886245   000   000000004431226   0   0000000000   A   0   0000000000   A   000000   000000   000000000000000   000000000000000   0000A0000000
 002070   62729428501   059162            2   002   160326   00   000000   0   000000000000000   000   000000000000000   000   000000000000000      000000000001342200   000   000000002684401   0   0000000000   A   0   0000000000   A   000000   000000   000000000000000   000000000000000   0000A0000000
 002070   62729428501   001285            2   003   160326   00   000000   0   000000000000000   000   000000000000000   000   000000000000000      000000000000084098   000   000000000252293   0   0000000000   A   0   0000000000   A   000000   000000   000000000000000   000000000000000   0000A0000000
 002070   62729428501   032590            2   001   160326   00   000000   0   000000000000000   000   000000000000000   000   000000000000000      000000000000671285   000   000000000671285   0   0000000000   A   0   0000000000   A   000000   000000   000000000000000   000000000000000   0000A0000000
 002070   62729428501   055439            2   001   160326   00   000000   0   000000000000000   000   000000000000000   000   000000000000000      000000000003723915   000   000000003723915   0   0000000000   A   0   0000000000   A   000000   000000   000000000000000   000000000000000   0000A0000000
 002070   62729428501   930306            2   002   160326   00   000000   0   000000000000000   000   000000000000000   000   000000000000000      000000000000320440   000   000000000640881   0   0000000000   A   0   0000000000   A   000000   000000   000000000000000   000000000000000   0000A0000000
 002070   62729428501   059162            2   002   160326   00   000000   0   000000000000000   000   000000000000000   000   000000000000000      000000000001342200   000   000000002684401   0   0000000000   A   0   0000000000   A   000000   000000   000000000000000   000000000000000   0000A0000000
 002070   62729428501   930306            2   001   160326   00   000000   0   000000000000000   000   000000000000000   000   000000000000000      000000000004095457   000   000000004095457   0   0000000000   A   0   0000000000   A   000000   000000   000000000000000   000000000000000   0000A0000000
 002070   62729428501   053986            2   003   160326   00   000000   0   000000000000000   000   000000000000000   000   000000000000000      000000000000238054   000   000000000714161   0   0000000000   A   0   0000000000   A   000000   000000   000000000000000   000000000000000   0000A0000000
 002070   62729428501   058822            2   002   160326   00   000000   0   000000000000000   000   000000000000000   000   000000000000000      000000000000368217   000   000000000736434   0   0000000000   A   0   0000000000   A   000000   000000   000000000000000   000000000000000   0000A0000000
 002070   62729428501   019716            2   001   160326   00   000000   0   000000000000000   000   000000000000000   000   000000000000000      000000000000906552   000   000000000906552   0   0000000000   A   0   0000000000   A   000000   000000   000000000000000   000000000000000   0000A0000000
 002070   62729428501   930306            2   001   170326   00   000000   0   000000000000000   000   000000000000000   000   000000000000000      000000000000320440   000   000000000320440   0   0000000000   A   0   0000000000   A   000000   000000   000000000000000   000000000000000   0000A0000000
 002070   62729428501   053986            2   001   170326   00   000000   0   000000000000000   000   000000000000000   000   000000000000000      000000000000238054   000   000000000238054   0   0000000000   A   0   0000000000   A   000000   000000   000000000000000   000000000000000   0000A0000000
 002070   62729428501   930306            2   002   170326   00   000000   0   000000000000000   000   000000000000000   000   000000000000000      000000000000381150   000   000000000762300   0   0000000000   A   0   0000000000   A   000000   000000   000000000000000   000000000000000   0000A0000000
 002070   62729428501   930306            2   001   170326   00   000000   0   000000000000000   000   000000000000000   000   000000000000000      000000000001184071   000   000000001184071   0   0000000000   A   0   0000000000   A   000000   000000   000000000000000   000000000000000   0000A0000000
 002070   62729428501   060196            2   005   170326   00   000000   0   000000000000000   000   000000000000000   000   000000000000000      000000000001657198   000   000000008285990   0   0000000000   A   0   0000000000   A   000000   000000   000000000000000   000000000000000   0000A0000000
 002070   62729428501   056867            2   001   170326   00   000000   0   000000000000000   000   000000000000000   000   000000000000000      000000000003538345   000   000000003538345   0   0000000000   A   0   0000000000   A   000000   000000   000000000000000   000000000000000   0000A0000000
 002070   62729428501   039312            2   001   170326   00   000000   0   000000000000000   000   000000000000000   000   000000000000000      000000000000315495   000   000000000315495   0   0000000000   A   0   0000000000   A   000000   000000   000000000000000   000000000000000   0000A0000000
 002070   62729428501   056867            2   001   170326   00   000000   0   000000000000000   000   000000000000000   000   000000000000000      000000000003538345   000   000000003538345   0   0000000000   A   0   0000000000   A   000000   000000   000000000000000   000000000000000   0000A0000000
 002070   62729428501   032590            2   001   170326   00   000000   0   000000000000000   000   000000000000000   000   000000000000000      000000000000671285   000   000000000671285   0   0000000000   A   0   0000000000   A   000000   000000   000000000000000   000000000000000   0000A0000000
 002070   62729428501   034031            2   002   170326   00   000000   0   000000000000000   000   000000000000000   000   000000000000000      000000000001143847   000   000000002287694   0   0000000000   A   0   0000000000   A   000000   000000   000000000000000   000000000000000   0000A0000000
 002070   62729428501   053591            2   001   170326   00   000000   0   000000000000000   000   000000000000000   000   000000000000000      000000000001212201   000   000000001212201   0   0000000000   A   0   0000000000   A   000000   000000   000000000000000   000000000000000   0000A0000000
 002070   62729428501   060492            2   003   170326   00   000000   0   000000000000000   000   000000000000000   000   000000000000000      000000000004355090   000   000000013065270   0   0000000000   A   0   0000000000   A   000000   000000   000000000000000   000000000000000   0000A0000000
 002070   62729428501   031837            2   020   170326   00   000000   0   000000000000000   000   000000000000000   000   000000000000000      000000000001197802   000   000000023956038   0   0000000000   A   0   0000000000   A   000000   000000   000000000000000   000000000000000   0000A0000000
 002070   62729428501   056867            2   003   170326   00   000000   0   000000000000000   000   000000000000000   000   000000000000000      000000000003538345   000   000000010615034   0   0000000000   A   0   0000000000   A   000000   000000   000000000000000   000000000000000   0000A0000000
 002070   62729428501   060196            2   005   170326   00   000000   0   000000000000000   000   000000000000000   000   000000000000000      000000000001657198   000   000000008285990   0   0000000000   A   0   0000000000   A   000000   000000   000000000000000   000000000000000   0000A0000000
 002070   62729428501   047574            2   001   170326   00   000000   0   000000000000000   000   000000000000000   000   000000000000000      000000000003681882   000   000000003681882   0   0000000000   A   0   0000000000   A   000000   000000   000000000000000   000000000000000   0000A0000000
 002070   62729428501   055436            2   001   170326   00   000000   0   000000000000000   000   000000000000000   000   000000000000000      000000000006791715   000   000000006791715   0   0000000000   A   0   0000000000   A   000000   000000   000000000000000   000000000000000   0000A0000000
 002070   62729428501   058823            2   001   170326   00   000000   0   000000000000000   000   000000000000000   000   000000000000000      000000000000468147   000   000000000468147   0   0000000000   A   0   0000000000   A   000000   000000   000000000000000   000000000000000   0000A0000000
 002070   62729428501   001285            2   003   170326   00   000000   0   000000000000000   000   000000000000000   000   000000000000000      000000000000084098   000   000000000252293   0   0000000000   A   0   0000000000   A   000000   000000   000000000000000   000000000000000   0000A0000000
 002070   62729428501   032590            2   001   170326   00   000000   0   000000000000000   000   000000000000000   000   000000000000000      000000000000671285   000   000000000671285   0   0000000000   A   0   0000000000   A   000000   000000   000000000000000   000000000000000   0000A0000000
 002070   62729428501   059162            2   004   170326   00   000000   0   000000000000000   000   000000000000000   000   000000000000000      000000000001342200   000   000000005368802   0   0000000000   A   0   0000000000   A   000000   000000   000000000000000   000000000000000   0000A0000000
 002070   62729428501   056850            2   001   170326   00   000000   0   000000000000000   000   000000000000000   000   000000000000000      000000000002508998   000   000000002508998   0   0000000000   A   0   0000000000   A   000000   000000   000000000000000   000000000000000   0000A0000000
 002070   62729428501   058832            2   005   170326   00   000000   0   000000000000000   000   000000000000000   000   000000000000000      000000000000886245   000   000000004431226   0   0000000000   A   0   0000000000   A   000000   000000   000000000000000   000000000000000   0000A0000000
 002070   62729428501   041924            2   002   170326   00   000000   0   000000000000000   000   000000000000000   000   000000000000000      000000000000616586   000   000000001233173   0   0000000000   A   0   0000000000   A   000000   000000   000000000000000   000000000000000   0000A0000000
 002070   62729428501   053986            2   001   170326   00   000000   0   000000000000000   000   000000000000000   000   000000000000000      000000000000238054   000   000000000238054   0   0000000000   A   0   0000000000   A   000000   000000   000000000000000   000000000000000   0000A0000000
 002070   62729428501   930306            2   002   180326   00   000000   0   000000000000000   000   000000000000000   000   000000000000000      000000000000320440   000   000000000640881   0   0000000000   A   0   0000000000   A   000000   000000   000000000000000   000000000000000   0000A0000000
 002070   62729428501   053986            2   001   180326   00   000000   0   000000000000000   000   000000000000000   000   000000000000000      000000000000238054   000   000000000238054   0   0000000000   A   0   0000000000   A   000000   000000   000000000000000   000000000000000   0000A0000000
 002070   62729428501   053986            2   001   180326   00   000000   0   000000000000000   000   000000000000000   000   000000000000000      000000000000238054   000   000000000238054   0   0000000000   A   0   0000000000   A   000000   000000   000000000000000   000000000000000   0000A0000000
 002070   62729428501   032583            2   001   180326   00   000000   0   000000000000000   000   000000000000000   000   000000000000000      000000000000747275   000   000000000747275   0   0000000000   A   0   0000000000   A   000000   000000   000000000000000   000000000000000   0000A0000000
 002070   62729428501   034031            2   002   180326   00   000000   0   000000000000000   000   000000000000000   000   000000000000000      000000000001143847   000   000000002287694   0   0000000000   A   0   0000000000   A   000000   000000   000000000000000   000000000000000   0000A0000000
 002070   62729428501   031837            2   020   180326   00   000000   0   000000000000000   000   000000000000000   000   000000000000000      000000000001197802   000   000000023956038   0   0000000000   A   0   0000000000   A   000000   000000   000000000000000   000000000000000   0000A0000000
 002070   62729428501   056867            2   003   180326   00   000000   0   000000000000000   000   000000000000000   000   000000000000000      000000000003538345   000   000000010615034   0   0000000000   A   0   0000000000   A   000000   000000   000000000000000   000000000000000   0000A0000000
 002070   62729428501   060196            2   005   180326   00   000000   0   000000000000000   000   000000000000000   000   000000000000000      000000000001657198   000   000000008285990   0   0000000000   A   0   0000000000   A   000000   000000   000000000000000   000000000000000   0000A0000000
 002070   62729428501   047574            2   001   180326   00   000000   0   000000000000000   000   000000000000000   000   000000000000000      000000000003681882   000   000000003681882   0   0000000000   A   0   0000000000   A   000000   000000   000000000000000   000000000000000   0000A0000000
 002070   62729428501   032590            2   001   180326   00   000000   0   000000000000000   000   000000000000000   000   000000000000000      000000000000671285   000   000000000671285   0   0000000000   A   0   0000000000   A   000000   000000   000000000000000   000000000000000   0000A0000000
 002070   62729428501   055436            2   001   180326   00   000000   0   000000000000000   000   000000000000000   000   000000000000000      000000000006791715   000   000000006791715   0   0000000000   A   0   0000000000   A   000000   000000   000000000000000   000000000000000   0000A0000000
 002070   62729428501   058832            2   005   180326   00   000000   0   000000000000000   000   000000000000000   000   000000000000000      000000000000886245   000   000000004431226   0   0000000000   A   0   0000000000   A   000000   000000   000000000000000   000000000000000   0000A0000000
 002070   62729428501   056850            2   001   180326   00   000000   0   000000000000000   000   000000000000000   000   000000000000000      000000000002508998   000   000000002508998   0   0000000000   A   0   0000000000   A   000000   000000   000000000000000   000000000000000   0000A0000000
 002070   62729428501   930306            2   003   180326   00   000000   0   000000000000000   000   000000000000000   000   000000000000000      000000000000047855   000   000000000143564   0   0000000000   A   0   0000000000   A   000000   000000   000000000000000   000000000000000   0000A0000000
 002070   62729428501   930306            2   001   180326   00   000000   0   000000000000000   000   000000000000000   000   000000000000000      000000000000594156   000   000000000594156   0   0000000000   A   0   0000000000   A   000000   000000   000000000000000   000000000000000   0000A0000000
 002070   62729428501   930306            2   001   180326   00   000000   0   000000000000000   000   000000000000000   000   000000000000000      000000000000381150   000   000000000381150   0   0000000000   A   0   0000000000   A   000000   000000   000000000000000   000000000000000   0000A0000000
 002070   62729428501   053986            2   001   180326   00   000000   0   000000000000000   000   000000000000000   000   000000000000000      000000000000238054   000   000000000238054   0   0000000000   A   0   0000000000   A   000000   000000   000000000000000   000000000000000   0000A0000000
 002070   62729428501   053986            2   001   180326   00   000000   0   000000000000000   000   000000000000000   000   000000000000000      000000000000238054   000   000000000238054   0   0000000000   A   0   0000000000   A   000000   000000   000000000000000   000000000000000   0000A0000000
 002070   62729428501   031837            2   002   180326   00   000000   0   000000000000000   000   000000000000000   000   000000000000000      000000000001197802   000   000000002395604   0   0000000000   A   0   0000000000   A   000000   000000   000000000000000   000000000000000   0000A0000000
 002070   62729428501   930306            2   001   190326   00   000000   0   000000000000000   000   000000000000000   000   000000000000000      000000000000320440   000   000000000320440   0   0000000000   A   0   0000000000   A   000000   000000   000000000000000   000000000000000   0000A0000000
 002070   62729428501   053986            2   001   190326   00   000000   0   000000000000000   000   000000000000000   000   000000000000000      000000000000238054   000   000000000238054   0   0000000000   A   0   0000000000   A   000000   000000   000000000000000   000000000000000   0000A0000000
 002070   62729428501   031837            2   001   190326   00   000000   0   000000000000000   000   000000000000000   000   000000000000000      000000000001197802   000   000000001197802   0   0000000000   A   0   0000000000   A   000000   000000   000000000000000   000000000000000   0000A0000000
 002070   62729428501   019716            2   001   190326   00   000000   0   000000000000000   000   000000000000000   000   000000000000000      000000000000906552   000   000000000906552   0   0000000000   A   0   0000000000   A   000000   000000   000000000000000   000000000000000   0000A0000000
 002070   62729428501   056867            2   003   190326   00   000000   0   000000000000000   000   000000000000000   000   000000000000000      000000000003538345   000   000000010615034   0   0000000000   A   0   0000000000   A   000000   000000   000000000000000   000000000000000   0000A0000000
 002070   62729428501   060196            2   005   190326   00   000000   0   000000000000000   000   000000000000000   000   000000000000000      000000000001657198   000   000000008285990   0   0000000000   A   0   0000000000   A   000000   000000   000000000000000   000000000000000   0000A0000000
 002070   62729428501   047574            2   001   190326   00   000000   0   000000000000000   000   000000000000000   000   000000000000000      000000000003681882   000   000000003681882   0   0000000000   A   0   0000000000   A   000000   000000   000000000000000   000000000000000   0000A0000000
 002070   62729428501   032590            2   001   190326   00   000000   0   000000000000000   000   000000000000000   000   000000000000000      000000000000671285   000   000000000671285   0   0000000000   A   0   0000000000   A   000000   000000   000000000000000   000000000000000   0000A0000000
 002070   62729428501   055436            2   001   190326   00   000000   0   000000000000000   000   000000000000000   000   000000000000000      000000000006791715   000   000000006791715   0   0000000000   A   0   0000000000   A   000000   000000   000000000000000   000000000000000   0000A0000000
 002070   62729428501   058832            2   005   190326   00   000000   0   000000000000000   000   000000000000000   000   000000000000000      000000000000886245   000   000000004431226   0   0000000000   A   0   0000000000   A   000000   000000   000000000000000   000000000000000   0000A0000000
 002070   62729428501   056850            2   001   190326   00   000000   0   000000000000000   000   000000000000000   000   000000000000000      000000000002508998   000   000000002508998   0   0000000000   A   0   0000000000   A   000000   000000   000000000000000   000000000000000   0000A0000000
 002070   62729428501   930306            2   003   190326   00   000000   0   000000000000000   000   000000000000000   000   000000000000000      000000000000047855   000   000000000143564   0   0000000000   A   0   0000000000   A   000000   000000   000000000000000   000000000000000   0000A0000000
 002070   62729428501   930306            2   002   190326   00   000000   0   000000000000000   000   000000000000000   000   000000000000000      000000000000320440   000   000000000640881   0   0000000000   A   0   0000000000   A   000000   000000   000000000000000   000000000000000   0000A0000000
 002070   62729428501   930306            2   003   190326   00   000000   0   000000000000000   000   000000000000000   000   000000000000000      000000000000320441   000   000000000961322   0   0000000000   A   0   0000000000   A   000000   000000   000000000000000   000000000000000   0000A0000000
 002070   62729428501   053986            2   001   190326   00   000000   0   000000000000000   000   000000000000000   000   000000000000000      000000000000238054   000   000000000238054   0   0000000000   A   0   0000000000   A   000000   000000   000000000000000   000000000000000   0000A0000000
 002070   62729428501   930306            2   001   190326   00   000000   0   000000000000000   000   000000000000000   000   000000000000000      000000000002026125   000   000000002026125   0   0000000000   A   0   0000000000   A   000000   000000   000000000000000   000000000000000   0000A0000000
 002070   62729428501   930306            2   003   190326   00   000000   0   000000000000000   000   000000000000000   000   000000000000000      000000000000047855   000   000000000143564   0   0000000000   A   0   0000000000   A   000000   000000   000000000000000   000000000000000   0000A0000000
 002070   62729428501   930306            2   003   190326   00   000000   0   000000000000000   000   000000000000000   000   000000000000000      000000000000320441   000   000000000961322   0   0000000000   A   0   0000000000   A   000000   000000   000000000000000   000000000000000   0000A0000000
 002070   62729428501   053986            2   001   190326   00   000000   0   000000000000000   000   000000000000000   000   000000000000000      000000000000238054   000   000000000238054   0   0000000000   A   0   0000000000   A   000000   000000   000000000000000   000000000000000   0000A0000000
 002070   62729428501   059162            2   004   190326   00   000000   0   000000000000000   000   000000000000000   000   000000000000000      000000000001342200   000   000000005368802   0   0000000000   A   0   0000000000   A   000000   000000   000000000000000   000000000000000   0000A0000000
 002070   62729428501   041924            2   003   190326   00   000000   0   000000000000000   000   000000000000000   000   000000000000000      000000000000616586   000   000000001849759   0   0000000000   A   0   0000000000   A   000000   000000   000000000000000   000000000000000   0000A0000000
 002070   62729428501   930306            2   002   200326   00   000000   0   000000000000000   000   000000000000000   000   000000000000000      000000000000047855   000   000000000095710   0   0000000000   A   0   0000000000   A   000000   000000   000000000000000   000000000000000   0000A0000000
 002070   62729428501   930306            2   002   200326   00   000000   0   000000000000000   000   000000000000000   000   000000000000000      000000000000320440   000   000000000640881   0   0000000000   A   0   0000000000   A   000000   000000   000000000000000   000000000000000   0000A0000000
 002070   62729428501   930306            2   003   200326   00   000000   0   000000000000000   000   000000000000000   000   000000000000000      000000000000320441   000   000000000961322   0   0000000000   A   0   0000000000   A   000000   000000   000000000000000   000000000000000   0000A0000000
 002070   62729428501   057998            2   001   200326   00   000000   0   000000000000000   000   000000000000000   000   000000000000000      000000000000683196   000   000000000683196   0   0000000000   A   0   0000000000   A   000000   000000   000000000000000   000000000000000   0000A0000000
 002070   62729428501   057998            2   002   210326   00   000000   0   000000000000000   000   000000000000000   000   000000000000000      000000000000683196   000   000000001366393   0   0000000000   A   0   0000000000   A   000000   000000   000000000000000   000000000000000   0000A0000000
 002070   13222261201   029366            2   001   230326   00   000000   0   000000000000000   000   000000000000000   000   000000000000000      000000000000488976   000   000000000488976   0   0000000000   A   0   0000000000   A   000000   000000   000000000000000   000000000000000   0000A0000000
 002070   13222261201   930306            2   001   230326   00   000000   0   000000000000000   000   000000000000000   000   000000000000000      000000000000382801   000   000000000382801   0   0000000000   A   0   0000000000   A   000000   000000   000000000000000   000000000000000   0000A0000000
 002070   13222261201   930306            2   001   230326   00   000000   0   000000000000000   000   000000000000000   000   000000000000000      000000000000381150   000   000000000381150   0   0000000000   A   0   0000000000   A   000000   000000   000000000000000   000000000000000   0000A0000000
 002070   13222261201   058373            2   001   230326   00   000000   0   000000000000000   000   000000000000000   000   000000000000000      000000000000353019   000   000000000353019   0   0000000000   A   0   0000000000   A   000000   000000   000000000000000   000000000000000   0000A0000000
 002070   13222261201   930306            2   001   230326   00   000000   0   000000000000000   000   000000000000000   000   000000000000000      000000000000168489   000   000000000168489   0   0000000000   A   0   0000000000   A   000000   000000   000000000000000   000000000000000   0000A0000000
 002070   13222261201   930306            2   001   230326   00   000000   0   000000000000000   000   000000000000000   000   000000000000000      000000000000381150   000   000000000381150   0   0000000000   A   0   0000000000   A   000000   000000   000000000000000   000000000000000   0000A0000000
 002070   13222261201   049924            2   001   230326   00   000000   0   000000000000000   000   000000000000000   000   000000000000000      000000000001412419   000   000000001412419   0   0000000000   A   0   0000000000   A   000000   000000   000000000000000   000000000000000   0000A0000000
 002070   13222261201   055439            2   001   230326   00   000000   0   000000000000000   000   000000000000000   000   000000000000000      000000000003723915   000   000000003723915   0   0000000000   A   0   0000000000   A   000000   000000   000000000000000   000000000000000   0000A0000000
 002070   13222261201   053986            2   001   230326   00   000000   0   000000000000000   000   000000000000000   000   000000000000000      000000000000238054   000   000000000238054   0   0000000000   A   0   0000000000   A   000000   000000   000000000000000   000000000000000   0000A0000000
 002070   13222261201   055439            2   004   230326   00   000000   0   000000000000000   000   000000000000000   000   000000000000000      000000000003723915   000   000000014895659   0   0000000000   A   0   0000000000   A   000000   000000   000000000000000   000000000000000   0000A0000000
 002070   13222261201   930306            2   001   230326   00   000000   0   000000000000000   000   000000000000000   000   000000000000000      000000000001184071   000   000000001184071   0   0000000000   A   0   0000000000   A   000000   000000   000000000000000   000000000000000   0000A0000000
 002070   13222261201   029366            2   006   230326   00   000000   0   000000000000000   000   000000000000000   000   000000000000000      000000000000488976   000   000000002933858   0   0000000000   A   0   0000000000   A   000000   000000   000000000000000   000000000000000   0000A0000000
 002070   13222261201   053986            2   001   250326   00   000000   0   000000000000000   000   000000000000000   000   000000000000000      000000000000238054   000   000000000238054   0   0000000000   A   0   0000000000   A   000000   000000   000000000000000   000000000000000   0000A0000000
 002070   13222261201   055439            2   002   250326   00   000000   0   000000000000000   000   000000000000000   000   000000000000000      000000000003723914   000   000000007447829   0   0000000000   A   0   0000000000   A   000000   000000   000000000000000   000000000000000   0000A0000000
 002070   13222261201   029366            2   003   250326   00   000000   0   000000000000000   000   000000000000000   000   000000000000000      000000000000488976   000   000000001466929   0   0000000000   A   0   0000000000   A   000000   000000   000000000000000   000000000000000   0000A0000000
 002070   13222261201   022323            2   002   250326   00   000000   0   000000000000000   000   000000000000000   000   000000000000000      000000000001959430   000   000000003918861   0   0000000000   A   0   0000000000   A   000000   000000   000000000000000   000000000000000   0000A0000000
 002070   13222261202   055439            2   003   250326   00   000000   0   000000000000000   000   000000000000000   000   000000000000000      000000000003723915   000   000000011171744   0   0000000000   A   0   0000000000   A   000000   000000   000000000000000   000000000000000   0000A0000000
 002070   13222261202   029366            2   003   250326   00   000000   0   000000000000000   000   000000000000000   000   000000000000000      000000000000488976   000   000000001466929   0   0000000000   A   0   0000000000   A   000000   000000   000000000000000   000000000000000   0000A0000000
 002070   13222261202   930306            2   001   250326   00   000000   0   000000000000000   000   000000000000000   000   000000000000000      000000000000382801   000   000000000382801   0   0000000000   A   0   0000000000   A   000000   000000   000000000000000   000000000000000   0000A0000000
 002070   13222261202   930306            2   001   250326   00   000000   0   000000000000000   000   000000000000000   000   000000000000000      000000000000168489   000   000000000168489   0   0000000000   A   0   0000000000   A   000000   000000   000000000000000   000000000000000   0000A0000000
 002070   13222261202   930306            2   001   250326   00   000000   0   000000000000000   000   000000000000000   000   000000000000000      000000000000381150   000   000000000381150   0   0000000000   A   0   0000000000   A   000000   000000   000000000000000   000000000000000   0000A0000000
 002070   13222261202   022323            2   002   250326   00   000000   0   000000000000000   000   000000000000000   000   000000000000000      000000000001959430   000   000000003918861   0   0000000000   A   0   0000000000   A   000000   000000   000000000000000   000000000000000   0000A0000000
 002070   13222261201   053986            2   001   260326   00   000000   0   000000000000000   000   000000000000000   000   000000000000000      000000000000238054   000   000000000238054   0   0000000000   A   0   0000000000   A   000000   000000   000000000000000   000000000000000   0000A0000000
 002070   13222261201   055439            2   002   260326   00   000000   0   000000000000000   000   000000000000000   000   000000000000000      000000000003723914   000   000000007447829   0   0000000000   A   0   0000000000   A   000000   000000   000000000000000   000000000000000   0000A0000000
 002070   13222261201   029366            2   003   260326   00   000000   0   000000000000000   000   000000000000000   000   000000000000000      000000000000488976   000   000000001466929   0   0000000000   A   0   0000000000   A   000000   000000   000000000000000   000000000000000   0000A0000000
 002070   13222261201   022323            2   002   260326   00   000000   0   000000000000000   000   000000000000000   000   000000000000000      000000000001959430   000   000000003918861   0   0000000000   A   0   0000000000   A   000000   000000   000000000000000   000000000000000   0000A0000000
 002070   13222261201   020095            2   006   260326   00   000000   0   000000000000000   000   000000000000000   000   000000000000000      000000000000023854   000   000000000143127   0   0000000000   A   0   0000000000   A   000000   000000   000000000000000   000000000000000   0000A0000000
 002070   13222261202   029366            2   003   260326   00   000000   0   000000000000000   000   000000000000000   000   000000000000000      000000000000488976   000   000000001466929   0   0000000000   A   0   0000000000   A   000000   000000   000000000000000   000000000000000   0000A0000000
 002070   13222261202   022323            2   002   260326   00   000000   0   000000000000000   000   000000000000000   000   000000000000000      000000000001959430   000   000000003918861   0   0000000000   A   0   0000000000   A   000000   000000   000000000000000   000000000000000   0000A0000000
 002070   13222261202   055439            2   003   260326   00   000000   0   000000000000000   000   000000000000000   000   000000000000000      000000000003723915   000   000000011171744   0   0000000000   A   0   0000000000   A   000000   000000   000000000000000   000000000000000   0000A0000000
 002070   13222261202   058823            2   003   260326   00   000000   0   000000000000000   000   000000000000000   000   000000000000000      000000000000468147   000   000000001404440   0   0000000000   A   0   0000000000   A   000000   000000   000000000000000   000000000000000   0000A0000000
 002070   13222261202   020095            2   006   260326   00   000000   0   000000000000000   000   000000000000000   000   000000000000000      000000000000023854   000   000000000143127   0   0000000000   A   0   0000000000   A   000000   000000   000000000000000   000000000000000   0000A0000000
 002070   61278174601   029366            2   001   260326   00   000000   0   000000000000000   000   000000000000000   000   000000000000000      000000000000488976   000   000000000488976   0   0000000000   A   0   0000000000   A   000000   000000   000000000000000   000000000000000   0000A0000000
 002070   61278174601   930306            2   001   260326   00   000000   0   000000000000000   000   000000000000000   000   000000000000000      000000000000382801   000   000000000382801   0   0000000000   A   0   0000000000   A   000000   000000   000000000000000   000000000000000   0000A0000000
 002070   61278174601   930306            2   001   260326   00   000000   0   000000000000000   000   000000000000000   000   000000000000000      000000000000381150   000   000000000381150   0   0000000000   A   0   0000000000   A   000000   000000   000000000000000   000000000000000   0000A0000000
 002070   61278174601   930306            2   001   260326   00   000000   0   000000000000000   000   000000000000000   000   000000000000000      000000000000168489   000   000000000168489   0   0000000000   A   0   0000000000   A   000000   000000   000000000000000   000000000000000   0000A0000000
 002070   61278174601   930306            2   001   260326   00   000000   0   000000000000000   000   000000000000000   000   000000000000000      000000000000381150   000   000000000381150   0   0000000000   A   0   0000000000   A   000000   000000   000000000000000   000000000000000   0000A0000000
 002070   61278174601   055439            2   001   260326   00   000000   0   000000000000000   000   000000000000000   000   000000000000000      000000000003723915   000   000000003723915   0   0000000000   A   0   0000000000   A   000000   000000   000000000000000   000000000000000   0000A0000000
 002070   61278174601   930306            2   001   260326   00   000000   0   000000000000000   000   000000000000000   000   000000000000000      000000000001184071   000   000000001184071   0   0000000000   A   0   0000000000   A   000000   000000   000000000000000   000000000000000   0000A0000000
 002070   61278174601   029366            2   001   260326   00   000000   0   000000000000000   000   000000000000000   000   000000000000000      000000000000488976   000   000000000488976   0   0000000000   A   0   0000000000   A   000000   000000   000000000000000   000000000000000   0000A0000000
 002070   61278174601   056438            2   001   260326   00   000000   0   000000000000000   000   000000000000000   000   000000000000000      000000000001743854   000   000000001743854   0   0000000000   A   0   0000000000   A   000000   000000   000000000000000   000000000000000   0000A0000000
 002070   61278174601   058606            2   001   260326   00   000000   0   000000000000000   000   000000000000000   000   000000000000000      000000000000433987   000   000000000433987   0   0000000000   A   0   0000000000   A   000000   000000   000000000000000   000000000000000   0000A0000000
 002070   61278174601   058373            2   001   260326   00   000000   0   000000000000000   000   000000000000000   000   000000000000000      000000000000353019   000   000000000353019   0   0000000000   A   0   0000000000   A   000000   000000   000000000000000   000000000000000   0000A0000000
 002070   13222261201   055439            2   002   270326   00   000000   0   000000000000000   000   000000000000000   000   000000000000000      000000000003723914   000   000000007447829   0   0000000000   A   0   0000000000   A   000000   000000   000000000000000   000000000000000   0000A0000000
 002070   13222261201   029366            2   003   270326   00   000000   0   000000000000000   000   000000000000000   000   000000000000000      000000000000488976   000   000000001466929   0   0000000000   A   0   0000000000   A   000000   000000   000000000000000   000000000000000   0000A0000000
 002070   13222261201   022323            2   002   270326   00   000000   0   000000000000000   000   000000000000000   000   000000000000000      000000000001959430   000   000000003918861   0   0000000000   A   0   0000000000   A   000000   000000   000000000000000   000000000000000   0000A0000000
 002070   13222261201   020095            2   006   270326   00   000000   0   000000000000000   000   000000000000000   000   000000000000000      000000000000023854   000   000000000143127   0   0000000000   A   0   0000000000   A   000000   000000   000000000000000   000000000000000   0000A0000000
 002070   13222261202   029366            2   003   270326   00   000000   0   000000000000000   000   000000000000000   000   000000000000000      000000000000488976   000   000000001466929   0   0000000000   A   0   0000000000   A   000000   000000   000000000000000   000000000000000   0000A0000000
 002070   13222261202   022323            2   002   270326   00   000000   0   000000000000000   000   000000000000000   000   000000000000000      000000000001959430   000   000000003918861   0   0000000000   A   0   0000000000   A   000000   000000   000000000000000   000000000000000   0000A0000000
 002070   13222261202   055439            2   003   270326   00   000000   0   000000000000000   000   000000000000000   000   000000000000000      000000000003723915   000   000000011171744   0   0000000000   A   0   0000000000   A   000000   000000   000000000000000   000000000000000   0000A0000000
 002070   13222261202   058823            2   003   270326   00   000000   0   000000000000000   000   000000000000000   000   000000000000000      000000000000468147   000   000000001404440   0   0000000000   A   0   0000000000   A   000000   000000   000000000000000   000000000000000   0000A0000000
 002070   13222261202   020095            2   006   270326   00   000000   0   000000000000000   000   000000000000000   000   000000000000000      000000000000023854   000   000000000143127   0   0000000000   A   0   0000000000   A   000000   000000   000000000000000   000000000000000   0000A0000000
 002070   13222261201   053609            2   001   270326   00   000000   0   000000000000000   000   000000000000000   000   000000000000000      000000000000498296   000   000000000498296   0   0000000000   A   0   0000000000   A   000000   000000   000000000000000   000000000000000   0000A0000000
 002070   13222261202   029366            2   001   270326   00   000000   0   000000000000000   000   000000000000000   000   000000000000000      000000000000488976   000   000000000488976   0   0000000000   A   0   0000000000   A   000000   000000   000000000000000   000000000000000   0000A0000000
 002070   13222261201   020095            2   002   270326   00   000000   0   000000000000000   000   000000000000000   000   000000000000000      000000000000023854   000   000000000047709   0   0000000000   A   0   0000000000   A   000000   000000   000000000000000   000000000000000   0000A0000000
 002070   13222261202   020095            2   002   270326   00   000000   0   000000000000000   000   000000000000000   000   000000000000000      000000000000023854   000   000000000047709   0   0000000000   A   0   0000000000   A   000000   000000   000000000000000   000000000000000   0000A0000000
 002070   13222261202   058823            2   001   270326   00   000000   0   000000000000000   000   000000000000000   000   000000000000000      000000000000468147   000   000000000468147   0   0000000000   A   0   0000000000   A   000000   000000   000000000000000   000000000000000   0000A0000000
 002070   13222261202   930306            2   001   270326   00   000000   0   000000000000000   000   000000000000000   000   000000000000000      000000000000381150   000   000000000381150   0   0000000000   A   0   0000000000   A   000000   000000   000000000000000   000000000000000   0000A0000000
 002070   13222261201   020095            2   002   270326   00   000000   0   000000000000000   000   000000000000000   000   000000000000000      000000000000023854   000   000000000047709   0   0000000000   A   0   0000000000   A   000000   000000   000000000000000   000000000000000   0000A0000000
 002070   13222261201   020095            2   002   270326   00   000000   0   000000000000000   000   000000000000000   000   000000000000000      000000000000023854   000   000000000047709   0   0000000000   A   0   0000000000   A   000000   000000   000000000000000   000000000000000   0000A0000000
 002070   13222261202   020095            2   002   270326   00   000000   0   000000000000000   000   000000000000000   000   000000000000000      000000000000023854   000   000000000047709   0   0000000000   A   0   0000000000   A   000000   000000   000000000000000   000000000000000   0000A0000000
 002070   13222261202   058823            2   001   270326   00   000000   0   000000000000000   000   000000000000000   000   000000000000000      000000000000468147   000   000000000468147   0   0000000000   A   0   0000000000   A   000000   000000   000000000000000   000000000000000   0000A0000000
 002070   13222261201   022323            2   001   270326   00   000000   0   000000000000000   000   000000000000000   000   000000000000000      000000000001959430   000   000000001959430   0   0000000000   A   0   0000000000   A   000000   000000   000000000000000   000000000000000   0000A0000000
 002070   13222261201   055439            2   001   270326   00   000000   0   000000000000000   000   000000000000000   000   000000000000000      000000000003723915   000   000000003723915   0   0000000000   A   0   0000000000   A   000000   000000   000000000000000   000000000000000   0000A0000000
 002070   13222261201   020095            2   002   270326   00   000000   0   000000000000000   000   000000000000000   000   000000000000000      000000000000023854   000   000000000047709   0   0000000000   A   0   0000000000   A   000000   000000   000000000000000   000000000000000   0000A0000000
 002070   13222261201   055439            2   001   280326   00   000000   0   000000000000000   000   000000000000000   000   000000000000000      000000000003723915   000   000000003723915   0   0000000000   A   0   0000000000   A   000000   000000   000000000000000   000000000000000   0000A0000000
 002070   13222261201   029366            2   001   280326   00   000000   0   000000000000000   000   000000000000000   000   000000000000000      000000000000488976   000   000000000488976   0   0000000000   A   0   0000000000   A   000000   000000   000000000000000   000000000000000   0000A0000000
 002070   13222261201   020095            2   003   280326   00   000000   0   000000000000000   000   000000000000000   000   000000000000000      000000000000023855   000   000000000071564   0   0000000000   A   0   0000000000   A   000000   000000   000000000000000   000000000000000   0000A0000000
 002070   13222261202   029366            2   001   280326   00   000000   0   000000000000000   000   000000000000000   000   000000000000000      000000000000488976   000   000000000488976   0   0000000000   A   0   0000000000   A   000000   000000   000000000000000   000000000000000   0000A0000000
 002070   13222261202   055439            2   002   280326   00   000000   0   000000000000000   000   000000000000000   000   000000000000000      000000000003723914   000   000000007447829   0   0000000000   A   0   0000000000   A   000000   000000   000000000000000   000000000000000   0000A0000000
 002070   13222261202   058823            2   001   280326   00   000000   0   000000000000000   000   000000000000000   000   000000000000000      000000000000468147   000   000000000468147   0   0000000000   A   0   0000000000   A   000000   000000   000000000000000   000000000000000   0000A0000000
 002070   13222261202   020095            2   002   280326   00   000000   0   000000000000000   000   000000000000000   000   000000000000000      000000000000023854   000   000000000047709   0   0000000000   A   0   0000000000   A   000000   000000   000000000000000   000000000000000   0000A0000000
 002070   13222261202   058823            2   001   300326   00   000000   0   000000000000000   000   000000000000000   000   000000000000000      000000000000468147   000   000000000468147   0   0000000000   A   0   0000000000   A   000000   000000   000000000000000   000000000000000   0000A0000000
 002070   13222261201   930306            2   001   300326   00   000000   0   000000000000000   000   000000000000000   000   000000000000000      000000000001184071   000   000000001184071   0   0000000000   A   0   0000000000   A   000000   000000   000000000000000   000000000000000   0000A0000000
 002070   61753668501   420301            2   002   270226   00   000000   0   000000001267979   000   000000000000000   000   000000000000000      000000000000000000   000   000000002535958   0   0000000000   A   0   0000000000   A   000000   000000   000000000000000   000000000000000   0000A0000000
 002070   61753668501   170101            2   001   270226   00   000000   0   000000000794314   000   000000000000000   000   000000000000000      000000000000000000   000   000000000794314   0   0000000000   A   0   0000000000   A   000000   000000   000000000000000   000000000000000   0000A0000000
 002070   61753668501   420303            2   001   280226   00   000000   0   000000001267979   000   000000000000000   000   000000000000000      000000000000000000   000   000000001267979   0   0000000000   A   0   0000000000   A   000000   000000   000000000000000   000000000000000   0000A0000000
 002070   61753668501   250181            2   004   030326   00   000000   0   000000000532135   000   000000000000000   000   000000000000000      000000000000000000   000   000000002128540   0   0000000000   A   0   0000000000   A   000000   000000   000000000000000   000000000000000   0000A0000000
 002070   61753668501   420301            2   005   040326   00   000000   0   000000001267979   000   000000000000000   000   000000000000000      000000000000000000   000   000000006339895   0   0000000000   A   0   0000000000   A   000000   000000   000000000000000   000000000000000   0000A0000000
 002070   62729428501   250181            2   028   040326   00   000000   0   000000000532135   000   000000000000000   000   000000000000000      000000000000000000   000   000000014899780   0   0000000000   A   0   0000000000   A   000000   000000   000000000000000   000000000000000   0000A0000000
 002070   61753668501   250181            2   001   050326   00   000000   0   000000000532135   000   000000000000000   000   000000000000000      000000000000000000   000   000000000532135   0   0000000000   A   0   0000000000   A   000000   000000   000000000000000   000000000000000   0000A0000000
 002070   61753668501   250181            2   003   060326   00   000000   0   000000000352135   000   000000000000000   000   000000000000000      000000000000000000   000   000000001056405   0   0000000000   A   0   0000000000   A   000000   000000   000000000000000   000000000000000   0000A0000000
 002070   62729428501   170101            2   001   060326   00   000000   0   000000000794314   000   000000000000000   000   000000000000000      000000000000000000   000   000000000794314   0   0000000000   A   0   0000000000   A   000000   000000   000000000000000   000000000000000   0000A0000000
 002070   62729428501   430760            2   006   070326   00   000000   0   000000000000000   000   000000000000000   000   000000000000000      000000000000561270   000   000000003367620   0   0000000000   A   0   0000000000   A   000000   000000   000000000000000   000000000000000   0000A0000000
 002070   62934649501   420301            2   002   080326   00   000000   0   000000001267979   000   000000000000000   000   000000000000000      000000000000000000   000   000000002535958   0   0000000000   A   0   0000000000   A   000000   000000   000000000000000   000000000000000   0000A0000000
 002070   62934649501   420303            2   001   080326   00   000000   0   000000001267979   000   000000000000000   000   000000000000000      000000000000000000   000   000000001267979   0   0000000000   A   0   0000000000   A   000000   000000   000000000000000   000000000000000   0000A0000000
 002070   62934649501   170101            2   001   080326   00   000000   0   000000000794314   000   000000000000000   000   000000000000000      000000000000000000   000   000000000794314   0   0000000000   A   0   0000000000   A   000000   000000   000000000000000   000000000000000   0000A0000000
 002070   62934649501   420303            2   001   080326   00   000000   0   000000001267979   000   000000000000000   000   000000000000000      000000000000000000   000   000000001267979   0   0000000000   A   0   0000000000   A   000000   000000   000000000000000   000000000000000   0000A0000000
 002070   62278753701   170101            2   001   090326   00   000000   0   000000000794314   000   000000000000000   000   000000000000000      000000000000000000   000   000000000794314   0   0000000000   A   0   0000000000   A   000000   000000   000000000000000   000000000000000   0000A0000000
 002070   62278753701   420303            2   001   090326   00   000000   0   000000001267979   000   000000000000000   000   000000000000000      000000000000000000   000   000000001267979   0   0000000000   A   0   0000000000   A   000000   000000   000000000000000   000000000000000   0000A0000000
 002070   62278753701   420303            2   001   090326   00   000000   0   000000001267979   000   000000000000000   000   000000000000000      000000000000000000   000   000000001267979   0   0000000000   A   0   0000000000   A   000000   000000   000000000000000   000000000000000   0000A0000000
 002070   62278753701   250181            2   001   090326   00   000000   0   000000000532135   000   000000000000000   000   000000000000000      000000000000000000   000   000000000532135   0   0000000000   A   0   0000000000   A   000000   000000   000000000000000   000000000000000   0000A0000000
 002070   62729428501   431103            2   007   130326   00   000000   0   000000000000000   000   000000000000000   000   000000000000000      000000000008730344   000   000000061112408   0   0000000000   A   0   0000000000   A   000000   000000   000000000000000   000000000000000   0000A0000000
 002070   61867603001   170101            2   001   140326   00   000000   0   000000000794314   000   000000000000000   000   000000000000000      000000000000000000   000   000000000794314   0   0000000000   A   0   0000000000   A   000000   000000   000000000000000   000000000000000   0000A0000000
 002070   61867603001   420303            2   001   140326   00   000000   0   000000001267979   000   000000000000000   000   000000000000000      000000000000000000   000   000000001267979   0   0000000000   A   0   0000000000   A   000000   000000   000000000000000   000000000000000   0000A0000000
 002070   62729428501   250181            2   003   150326   00   000000   0   000000000523135   000   000000000000000   000   000000000000000      000000000000000000   000   000000001569405   0   0000000000   A   0   0000000000   A   000000   000000   000000000000000   000000000000000   0000A0000000
 002070   13222261201   170101            2   001   230326   00   000000   0   000000000794314   000   000000000000000   000   000000000000000      000000000000000000   000   000000000794314   0   0000000000   A   0   0000000000   A   000000   000000   000000000000000   000000000000000   0000A0000000
 002070   13222261202   420303            2   001   250326   00   000000   0   000000001267979   000   000000000000000   000   000000000000000      000000000000000000   000   000000001267979   0   0000000000   A   0   0000000000   A   000000   000000   000000000000000   000000000000000   0000A0000000
 002070   61278174601   170101            2   001   260326   00   000000   0   000000000794314   000   000000000000000   000   000000000000000      000000000000000000   000   000000000794314   0   0000000000   A   0   0000000000   A   000000   000000   000000000000000   000000000000000   0000A0000000
 002070   61278174601   420303            2   001   260326   00   000000   0   000000001267979   000   000000000000000   000   000000000000000      000000000000000000   000   000000001267979   0   0000000000   A   0   0000000000   A   000000   000000   000000000000000   000000000000000   0000A0000000
