 002070   63166956501   430171            2   026   010620   00   000000   0   000000000000000   000   000000000000000   000   000000000000000      000000000023256235   000   000000093024940   0   0000000000   A   0   0000000000   A   000000   000000   000000000000000   000000000000000   0000A0000000
 002070   61524752002   400101            2   002   020626   00   000000   0   000000000000000   000   000000000000000   000   000000000000000      000000000038465304   000   000000076930608   0   0000000000   A   0   0000000000   A   000000   000000   000000000000000   000000000000000   0000A0000000
 002070   61524752002   430171            2   001   030626   00   000000   0   000000000000000   000   000000000000000   000   000000000000000      000000000023256235   000   000000023256235   0   0000000000   A   0   0000000000   A   000000   000000   000000000000000   000000000000000   0000A0000000
 002070   61033617602   400101            2   002   030626   00   000000   0   000000000000000   000   000000000000000   000   000000000000000      000000000038465304   000   000000076930608   0   0000000000   A   0   0000000000   A   000000   000000   000000000000000   000000000000000   0000A0000000
 002070   61033617602   430171            2   004   050626   00   000000   0   000000000000000   000   000000000000000   000   000000000000000      000000000023256235   000   000000093024940   0   0000000000   A   0   0000000000   A   000000   000000   000000000000000   000000000000000   0000A0000000
 002070   61708800301   400101            2   002   080626   00   000000   0   000000000000000   000   000000000000000   000   000000000000000      000000000038465304   000   000000076930608   0   0000000000   A   0   0000000000   A   000000   000000   000000000000000   000000000000000   0000A0000000
 002070   63056736001   430171            2   001   090626   00   000000   0   000000000000000   000   000000000000000   000   000000000000000      000000000023256235   000   000000023256235   0   0000000000   A   0   0000000000   A   000000   000000   000000000000000   000000000000000   0000A0000000
 002070   62716981201   430171            2   001   160626   00   000000   0   000000000000000   000   000000000000000   000   000000000000000      000000000023256235   000   000000023256235   0   0000000000   A   0   0000000000   A   000000   000000   000000000000000   000000000000000   0000A0000000
 002070   62580079501   430185            2   001   160626   00   000000   0   000000000000000   000   000000000000000   000   000000000000000      000000000008190383   000   000000008190383   0   0000000000   A   0   0000000000   A   000000   000000   000000000000000   000000000000000   0000A0000000
 002070   62977838701   430171            2   002   160626   00   000000   0   000000000000000   000   000000000000000   000   000000000000000      000000000023256235   000   000000046512470   0   0000000000   A   0   0000000000   A   000000   000000   000000000000000   000000000000000   0000A0000000
 002070   61613593801   430171            2   001   170626   00   000000   0   000000000000000   000   000000000000000   000   000000000000000      000000000023256235   000   000000023256235   0   0000000000   A   0   0000000000   A   000000   000000   000000000000000   000000000000000   0000A0000000
 002070   15206787101   430171            2   001   230626   00   000000   0   000000000000000   000   000000000000000   000   000000000000000      000000000023256235   000   000000023256235   0   0000000000   A   0   0000000000   A   000000   000000   000000000000000   000000000000000   0000A0000000
 002070   63317961101   430185            2   001   250626   00   000000   0   000000000000000   000   000000000000000   000   000000000000000      000000000008190383   000   000000008190383   0   0000000000   A   0   0000000000   A   000000   000000   000000000000000   000000000000000   0000A0000000
 002070   61484790601   430185            2   001   260626   00   000000   0   000000000000000   000   000000000000000   000   000000000000000      000000000008190383   000   000000008190383   0   0000000000   A   0   0000000000   A   000000   000000   000000000000000   000000000000000   0000A0000000
 002070   00000000000   430171            2   001   300626   00   000000   0   000000000000000   000   000000000000000   000   000000000000000      000000000023256235   000   000000023256235   0   0000000000   A   0   0000000000   A   000000   000000   000000000000000   000000000000000   0000A0000000
 002070   61033617602   080511            2   001   030626   00   000000   0   000000000000000   000   000000000000000   000   000000000000000      000000000050240084   000   000000050240084   0   0000000000   A   0   0000000000   A   000000   000000   000000000000000   000000000000000   0000A0000000
 002070   61033617602   080521            2   001   030626   00   000000   0   000000000000000   000   000000000000000   000   000000000000000      000000000033368414   000   000000033368414   0   0000000000   A   0   0000000000   A   000000   000000   000000000000000   000000000000000   0000A0000000
 002070   61033617602   431101            2   001   030626   00   000000   0   000000000000000   000   000000000000000   000   000000000000000      000000000001179421   000   000000001179421   0   0000000000   A   0   0000000000   A   000000   000000   000000000000000   000000000000000   0000A0000000
 002070   61033617602   930442            2   001   030626   00   000000   0   000000000000000   000   000000000000000   000   000000000000000      000000000027826202   000   000000027826202   0   0000000000   A   0   0000000000   A   000000   000000   000000000000000   000000000000000   0000A0000000
 002070   63056736001   100124            2   001   090626   00   000000   0   000000000000000   000   000000000000000   000   000000000000000      000000000044189342   000   000000044189342   0   0000000000   A   0   0000000000   A   000000   000000   000000000000000   000000000000000   0000A0000000
 002070   62716981201   100506            2   001   160626   00   000000   0   000000000000000   000   000000000000000   000   000000000000000      000000000022495560   000   000000022495560   0   0000000000   A   0   0000000000   A   000000   000000   000000000000000   000000000000000   0000A0000000
 002070   61613593801   080203            2   001   170626   00   000000   0   000000000000000   000   000000000000000   000   000000000000000      000000000041241860   000   000000041241860   0   0000000000   A   0   0000000000   A   000000   000000   000000000000000   000000000000000   0000A0000000
 002070   61613593801   080203            2   001   170626   00   000000   0   000000000000000   000   000000000000000   000   000000000000000      000000000041241860   000   000000012372558   0   0000000000   A   0   0000000000   A   000000   000000   000000000000000   000000000000000   0000A0000000
 002070   61613593801   431101            2   001   170626   00   000000   0   000000000000000   000   000000000000000   000   000000000000000      000000000001179421   000   000000001179421   0   0000000000   A   0   0000000000   A   000000   000000   000000000000000   000000000000000   0000A0000000
 002070   15206787101   080709            2   001   230626   00   000000   0   000000000000000   000   000000000000000   000   000000000000000      000000000050802473   000   000000050802473   0   0000000000   A   0   0000000000   A   000000   000000   000000000000000   000000000000000   0000A0000000
 002070   15206787101   431101            2   001   230626   00   000000   0   000000000000000   000   000000000000000   000   000000000000000      000000000001179421   000   000000001179421   0   0000000000   A   0   0000000000   A   000000   000000   000000000000000   000000000000000   0000A0000000
 002070   00000000000   080203            2   001   300626   00   000000   0   000000000000000   000   000000000000000   000   000000000000000      000000000041241860   000   000000041241860   0   0000000000   A   0   0000000000   A   000000   000000   000000000000000   000000000000000   0000A0000000
 002070   00000000000   431101            2   001   300626   00   000000   0   000000000000000   000   000000000000000   000   000000000000000      000000000001179421   000   000000001179421   0   0000000000   A   0   0000000000   A   000000   000000   000000000000000   000000000000000   0000A0000000
 002070   61033617602   053175            2   010   030626   00   000000   0   000000000000000   000   000000000000000   000   000000000000000      000000000003723915   000   000000037239147   0   0000000000   A   0   0000000000   A   000000   000000   000000000000000   000000000000000   0000A0000000
 002070   61033617602   020172            2   002   030626   00   000000   0   000000000000000   000   000000000000000   000   000000000000000      000000000003489090   000   000000006978181   0   0000000000   A   0   0000000000   A   000000   000000   000000000000000   000000000000000   0000A0000000
 002070   61033617602   052001            2   001   030626   00   000000   0   000000000000000   000   000000000000000   000   000000000000000      000000000003456981   000   000000003456981   0   0000000000   A   0   0000000000   A   000000   000000   000000000000000   000000000000000   0000A0000000
 002070   61033617602   050933            2   120   030626   00   000000   0   000000000000000   000   000000000000000   000   000000000000000      000000000000183860   000   000000022063212   0   0000000000   A   0   0000000000   A   000000   000000   000000000000000   000000000000000   0000A0000000
 002070   61033617602   930306            2   001   030626   00   000000   0   000000000000000   000   000000000000000   000   000000000000000      000000000001915268   000   000000001915268   0   0000000000   A   0   0000000000   A   000000   000000   000000000000000   000000000000000   0000A0000000
 002070   61033617602   022323            2   001   030626   00   000000   0   000000000000000   000   000000000000000   000   000000000000000      000000000002098942   000   000000002098942   0   0000000000   A   0   0000000000   A   000000   000000   000000000000000   000000000000000   0000A0000000
 002070   61033617602   024577            2   002   030626   00   000000   0   000000000000000   000   000000000000000   000   000000000000000      000000000000432824   000   000000000865647   0   0000000000   A   0   0000000000   A   000000   000000   000000000000000   000000000000000   0000A0000000
 002070   61033617602   018163            2   001   030626   00   000000   0   000000000000000   000   000000000000000   000   000000000000000      000000000001521000   000   000000001521000   0   0000000000   A   0   0000000000   A   000000   000000   000000000000000   000000000000000   0000A0000000
 002070   61033617602   040318            2   001   030626   00   000000   0   000000000000000   000   000000000000000   000   000000000000000      000000000003936402   000   000000003936402   0   0000000000   A   0   0000000000   A   000000   000000   000000000000000   000000000000000   0000A0000000
 002070   61033617602   013530            2   001   030626   00   000000   0   000000000000000   000   000000000000000   000   000000000000000      000000000005453424   000   000000005453424   0   0000000000   A   0   0000000000   A   000000   000000   000000000000000   000000000000000   0000A0000000
 002070   61033617602   930306            2   002   030626   00   000000   0   000000000000000   000   000000000000000   000   000000000000000      000000000002819248   000   000000005638496   0   0000000000   A   0   0000000000   A   000000   000000   000000000000000   000000000000000   0000A0000000
 002070   61033617602   930306            2   001   030626   00   000000   0   000000000000000   000   000000000000000   000   000000000000000      000000000009937297   000   000000009937297   0   0000000000   A   0   0000000000   A   000000   000000   000000000000000   000000000000000   0000A0000000
 002070   61033617602   930306            2   001   030626   00   000000   0   000000000000000   000   000000000000000   000   000000000000000      000000000002026125   000   000000002026125   0   0000000000   A   0   0000000000   A   000000   000000   000000000000000   000000000000000   0000A0000000
 002070   61033617602   930306            2   001   030626   00   000000   0   000000000000000   000   000000000000000   000   000000000000000      000000000000550169   000   000000000550169   0   0000000000   A   0   0000000000   A   000000   000000   000000000000000   000000000000000   0000A0000000
 002070   61033617602   930306            2   001   030626   00   000000   0   000000000000000   000   000000000000000   000   000000000000000      000000000012631517   000   000000012631517   0   0000000000   A   0   0000000000   A   000000   000000   000000000000000   000000000000000   0000A0000000
 002070   61033617602   930306            2   001   030626   00   000000   0   000000000000000   000   000000000000000   000   000000000000000      000000000011907000   000   000000011907000   0   0000000000   A   0   0000000000   A   000000   000000   000000000000000   000000000000000   0000A0000000
 002070   61033617602   930306            2   001   030626   00   000000   0   000000000000000   000   000000000000000   000   000000000000000      000000000011025000   000   000000011025000   0   0000000000   A   0   0000000000   A   000000   000000   000000000000000   000000000000000   0000A0000000
 002070   61033617602   024577            2   001   030626   00   000000   0   000000000000000   000   000000000000000   000   000000000000000      000000000000432824   000   000000000432824   0   0000000000   A   0   0000000000   A   000000   000000   000000000000000   000000000000000   0000A0000000
 002070   61033617602   060196            2   001   030626   00   000000   0   000000000000000   000   000000000000000   000   000000000000000      000000000001740058   000   000000001740058   0   0000000000   A   0   0000000000   A   000000   000000   000000000000000   000000000000000   0000A0000000
 002070   61033617602   058689            2   001   030626   00   000000   0   000000000000000   000   000000000000000   000   000000000000000      000000000003789454   000   000000003789454   0   0000000000   A   0   0000000000   A   000000   000000   000000000000000   000000000000000   0000A0000000
 002070   61033617602   034031            2   001   030626   00   000000   0   000000000000000   000   000000000000000   000   000000000000000      000000000001206392   000   000000001206392   0   0000000000   A   0   0000000000   A   000000   000000   000000000000000   000000000000000   0000A0000000
 002070   61033617602   058606            2   002   030626   00   000000   0   000000000000000   000   000000000000000   000   000000000000000      000000000000487627   000   000000000975254   0   0000000000   A   0   0000000000   A   000000   000000   000000000000000   000000000000000   0000A0000000
 002070   61033617602   024104            2   001   030626   00   000000   0   000000000000000   000   000000000000000   000   000000000000000      000000000003528630   000   000000003528630   0   0000000000   A   0   0000000000   A   000000   000000   000000000000000   000000000000000   0000A0000000
 002070   61033617602   049924            2   001   030626   00   000000   0   000000000000000   000   000000000000000   000   000000000000000      000000000001412419   000   000000001412419   0   0000000000   A   0   0000000000   A   000000   000000   000000000000000   000000000000000   0000A0000000
 002070   61033617602   930306            2   005   030626   00   000000   0   000000000000000   000   000000000000000   000   000000000000000      000000000000047855   000   000000000239274   0   0000000000   A   0   0000000000   A   000000   000000   000000000000000   000000000000000   0000A0000000
 002070   61033617602   930306            2   001   030626   00   000000   0   000000000000000   000   000000000000000   000   000000000000000      000000000002472750   000   000000002472750   0   0000000000   A   0   0000000000   A   000000   000000   000000000000000   000000000000000   0000A0000000
 002070   61033617602   930306            2   001   030626   00   000000   0   000000000000000   000   000000000000000   000   000000000000000      000000000003420873   000   000000003420873   0   0000000000   A   0   0000000000   A   000000   000000   000000000000000   000000000000000   0000A0000000
 002070   63166956501   058689            2   001   050626   00   000000   0   000000000000000   000   000000000000000   000   000000000000000      000000000003789454   000   000000003789454   0   0000000000   A   0   0000000000   A   000000   000000   000000000000000   000000000000000   0000A0000000
 002070   63166956501   930306            2   001   050626   00   000000   0   000000000000000   000   000000000000000   000   000000000000000      000000000000257277   000   000000000257277   0   0000000000   A   0   0000000000   A   000000   000000   000000000000000   000000000000000   0000A0000000
 002070   63056736001   022323            2   001   090626   00   000000   0   000000000000000   000   000000000000000   000   000000000000000      000000000002098942   000   000000002098942   0   0000000000   A   0   0000000000   A   000000   000000   000000000000000   000000000000000   0000A0000000
 002070   63056736001   018168            2   002   090626   00   000000   0   000000000000000   000   000000000000000   000   000000000000000      000000000000921600   000   000000001843200   0   0000000000   A   0   0000000000   A   000000   000000   000000000000000   000000000000000   0000A0000000
 002070   63056736001   055443            2   001   090626   00   000000   0   000000000000000   000   000000000000000   000   000000000000000      000000000004765203   000   000000004765203   0   0000000000   A   0   0000000000   A   000000   000000   000000000000000   000000000000000   0000A0000000
 002070   63056736001   053175            2   005   090626   00   000000   0   000000000000000   000   000000000000000   000   000000000000000      000000000003723915   000   000000018619574   0   0000000000   A   0   0000000000   A   000000   000000   000000000000000   000000000000000   0000A0000000
 002070   63056736001   056870            2   003   090626   00   000000   0   000000000000000   000   000000000000000   000   000000000000000      000000000003767335   000   000000011302006   0   0000000000   A   0   0000000000   A   000000   000000   000000000000000   000000000000000   0000A0000000
 002070   63056736001   004066            2   001   090626   00   000000   0   000000000000000   000   000000000000000   000   000000000000000      000000000009035672   000   000000009035672   0   0000000000   A   0   0000000000   A   000000   000000   000000000000000   000000000000000   0000A0000000
 002070   63056736001   057916            2   001   090626   00   000000   0   000000000000000   000   000000000000000   000   000000000000000      000000000003754800   000   000000003754800   0   0000000000   A   0   0000000000   A   000000   000000   000000000000000   000000000000000   0000A0000000
 002070   63056736001   024577            2   001   090626   00   000000   0   000000000000000   000   000000000000000   000   000000000000000      000000000000432824   000   000000000432824   0   0000000000   A   0   0000000000   A   000000   000000   000000000000000   000000000000000   0000A0000000
 002070   63056736001   031837            2   001   090626   00   000000   0   000000000000000   000   000000000000000   000   000000000000000      000000000001345371   000   000000001345371   0   0000000000   A   0   0000000000   A   000000   000000   000000000000000   000000000000000   0000A0000000
 002070   63056736001   034031            2   001   090626   00   000000   0   000000000000000   000   000000000000000   000   000000000000000      000000000001206392   000   000000001206392   0   0000000000   A   0   0000000000   A   000000   000000   000000000000000   000000000000000   0000A0000000
 002070   63056736001   058606            2   002   090626   00   000000   0   000000000000000   000   000000000000000   000   000000000000000      000000000000487627   000   000000000975254   0   0000000000   A   0   0000000000   A   000000   000000   000000000000000   000000000000000   0000A0000000
 002070   63056736001   058373            2   001   090626   00   000000   0   000000000000000   000   000000000000000   000   000000000000000      000000000000389168   000   000000000389168   0   0000000000   A   0   0000000000   A   000000   000000   000000000000000   000000000000000   0000A0000000
 002070   63056736001   049924            2   001   090626   00   000000   0   000000000000000   000   000000000000000   000   000000000000000      000000000001412419   000   000000001412419   0   0000000000   A   0   0000000000   A   000000   000000   000000000000000   000000000000000   0000A0000000
 002070   63056736001   930306            2   005   090626   00   000000   0   000000000000000   000   000000000000000   000   000000000000000      000000000000047855   000   000000000239274   0   0000000000   A   0   0000000000   A   000000   000000   000000000000000   000000000000000   0000A0000000
 002070   63056736001   930306            2   001   090626   00   000000   0   000000000000000   000   000000000000000   000   000000000000000      000000000002472750   000   000000002472750   0   0000000000   A   0   0000000000   A   000000   000000   000000000000000   000000000000000   0000A0000000
 002070   62716981201   018163            2   001   160626   00   000000   0   000000000000000   000   000000000000000   000   000000000000000      000000000001521000   000   000000001521000   0   0000000000   A   0   0000000000   A   000000   000000   000000000000000   000000000000000   0000A0000000
 002070   62716981201   053175            2   004   160626   00   000000   0   000000000000000   000   000000000000000   000   000000000000000      000000000003723915   000   000000014895659   0   0000000000   A   0   0000000000   A   000000   000000   000000000000000   000000000000000   0000A0000000
 002070   62716981201   057916            2   001   160626   00   000000   0   000000000000000   000   000000000000000   000   000000000000000      000000000003754800   000   000000003754800   0   0000000000   A   0   0000000000   A   000000   000000   000000000000000   000000000000000   0000A0000000
 002070   62716981201   060196            2   001   160626   00   000000   0   000000000000000   000   000000000000000   000   000000000000000      000000000001740058   000   000000001740058   0   0000000000   A   0   0000000000   A   000000   000000   000000000000000   000000000000000   0000A0000000
 002070   62716981201   045332            2   001   160626   00   000000   0   000000000000000   000   000000000000000   000   000000000000000      000000000001737178   000   000000001737178   0   0000000000   A   0   0000000000   A   000000   000000   000000000000000   000000000000000   0000A0000000
 002070   62716981201   034031            2   001   160626   00   000000   0   000000000000000   000   000000000000000   000   000000000000000      000000000001206392   000   000000001206392   0   0000000000   A   0   0000000000   A   000000   000000   000000000000000   000000000000000   0000A0000000
 002070   62716981201   058606            2   002   160626   00   000000   0   000000000000000   000   000000000000000   000   000000000000000      000000000000487627   000   000000000975254   0   0000000000   A   0   0000000000   A   000000   000000   000000000000000   000000000000000   0000A0000000
 002070   62716981201   058373            2   001   160626   00   000000   0   000000000000000   000   000000000000000   000   000000000000000      000000000000389168   000   000000000389168   0   0000000000   A   0   0000000000   A   000000   000000   000000000000000   000000000000000   0000A0000000
 002070   62716981201   049924            2   001   160626   00   000000   0   000000000000000   000   000000000000000   000   000000000000000      000000000001412419   000   000000001412419   0   0000000000   A   0   0000000000   A   000000   000000   000000000000000   000000000000000   0000A0000000
 002070   62716981201   930306            2   005   160626   00   000000   0   000000000000000   000   000000000000000   000   000000000000000      000000000000047855   000   000000000239274   0   0000000000   A   0   0000000000   A   000000   000000   000000000000000   000000000000000   0000A0000000
 002070   62716981201   930306            2   001   160626   00   000000   0   000000000000000   000   000000000000000   000   000000000000000      000000000003420873   000   000000003420873   0   0000000000   A   0   0000000000   A   000000   000000   000000000000000   000000000000000   0000A0000000
 002070   61613593801   930306            2   004   170626   00   000000   0   000000000000000   000   000000000000000   000   000000000000000      000000000005040000   000   000000020160000   0   0000000000   A   0   0000000000   A   000000   000000   000000000000000   000000000000000   0000A0000000
 002070   61613593801   020172            2   001   170626   00   000000   0   000000000000000   000   000000000000000   000   000000000000000      000000000003489090   000   000000003489090   0   0000000000   A   0   0000000000   A   000000   000000   000000000000000   000000000000000   0000A0000000
 002070   61613593801   015670            2   001   170626   00   000000   0   000000000000000   000   000000000000000   000   000000000000000      000000000002514970   000   000000002514970   0   0000000000   A   0   0000000000   A   000000   000000   000000000000000   000000000000000   0000A0000000
 002070   61613593801   018163            2   001   170626   00   000000   0   000000000000000   000   000000000000000   000   000000000000000      000000000001521000   000   000000001521000   0   0000000000   A   0   0000000000   A   000000   000000   000000000000000   000000000000000   0000A0000000
 002070   61613593801   052001            2   001   170626   00   000000   0   000000000000000   000   000000000000000   000   000000000000000      000000000003456981   000   000000003456981   0   0000000000   A   0   0000000000   A   000000   000000   000000000000000   000000000000000   0000A0000000
 002070   61613593801   014916            2   030   170626   00   000000   0   000000000000000   000   000000000000000   000   000000000000000      000000000000183860   000   000000005515803   0   0000000000   A   0   0000000000   A   000000   000000   000000000000000   000000000000000   0000A0000000
 002070   61613593801   053175            2   005   170626   00   000000   0   000000000000000   000   000000000000000   000   000000000000000      000000000003723915   000   000000018619574   0   0000000000   A   0   0000000000   A   000000   000000   000000000000000   000000000000000   0000A0000000
 002070   61613593801   019428            2   001   170626   00   000000   0   000000000000000   000   000000000000000   000   000000000000000      000000000000454114   000   000000000454114   0   0000000000   A   0   0000000000   A   000000   000000   000000000000000   000000000000000   0000A0000000
 002070   61613593801   024577            2   001   170626   00   000000   0   000000000000000   000   000000000000000   000   000000000000000      000000000000432824   000   000000000432824   0   0000000000   A   0   0000000000   A   000000   000000   000000000000000   000000000000000   0000A0000000
 002070   61613593801   060196            2   001   170626   00   000000   0   000000000000000   000   000000000000000   000   000000000000000      000000000001740058   000   000000001740058   0   0000000000   A   0   0000000000   A   000000   000000   000000000000000   000000000000000   0000A0000000
 002070   61613593801   058689            2   001   170626   00   000000   0   000000000000000   000   000000000000000   000   000000000000000      000000000003789454   000   000000003789454   0   0000000000   A   0   0000000000   A   000000   000000   000000000000000   000000000000000   0000A0000000
 002070   61613593801   034031            2   001   170626   00   000000   0   000000000000000   000   000000000000000   000   000000000000000      000000000001206392   000   000000001206392   0   0000000000   A   0   0000000000   A   000000   000000   000000000000000   000000000000000   0000A0000000
 002070   61613593801   058606            2   002   170626   00   000000   0   000000000000000   000   000000000000000   000   000000000000000      000000000000487627   000   000000000975254   0   0000000000   A   0   0000000000   A   000000   000000   000000000000000   000000000000000   0000A0000000
 002070   61613593801   058373            2   001   170626   00   000000   0   000000000000000   000   000000000000000   000   000000000000000      000000000000389168   000   000000000389168   0   0000000000   A   0   0000000000   A   000000   000000   000000000000000   000000000000000   0000A0000000
 002070   61613593801   024104            2   001   170626   00   000000   0   000000000000000   000   000000000000000   000   000000000000000      000000000003528630   000   000000003528630   0   0000000000   A   0   0000000000   A   000000   000000   000000000000000   000000000000000   0000A0000000
 002070   61613593801   049924            2   001   170626   00   000000   0   000000000000000   000   000000000000000   000   000000000000000      000000000001412419   000   000000001412419   0   0000000000   A   0   0000000000   A   000000   000000   000000000000000   000000000000000   0000A0000000
 002070   61613593801   018910            2   004   170626   00   000000   0   000000000000000   000   000000000000000   000   000000000000000      000000000001833258   000   000000007333034   0   0000000000   A   0   0000000000   A   000000   000000   000000000000000   000000000000000   0000A0000000
 002070   61613593801   930306            2   005   170626   00   000000   0   000000000000000   000   000000000000000   000   000000000000000      000000000000047855   000   000000000239274   0   0000000000   A   0   0000000000   A   000000   000000   000000000000000   000000000000000   0000A0000000
 002070   61613593801   930306            2   001   170626   00   000000   0   000000000000000   000   000000000000000   000   000000000000000      000000000002472750   000   000000002472750   0   0000000000   A   0   0000000000   A   000000   000000   000000000000000   000000000000000   0000A0000000
 002070   61613593801   930306            2   001   170626   00   000000   0   000000000000000   000   000000000000000   000   000000000000000      000000000003420873   000   000000003420873   0   0000000000   A   0   0000000000   A   000000   000000   000000000000000   000000000000000   0000A0000000
 002070   15206787101   930306            2   001   230626   00   000000   0   000000000000000   000   000000000000000   000   000000000000000      000000000010300500   000   000000010300500   0   0000000000   A   0   0000000000   A   000000   000000   000000000000000   000000000000000   0000A0000000
 002070   15206787101   020172            2   001   230626   00   000000   0   000000000000000   000   000000000000000   000   000000000000000      000000000003489090   000   000000003489090   0   0000000000   A   0   0000000000   A   000000   000000   000000000000000   000000000000000   0000A0000000
 002070   15206787101   015010            2   001   230626   00   000000   0   000000000000000   000   000000000000000   000   000000000000000      000000000001780200   000   000000001780200   0   0000000000   A   0   0000000000   A   000000   000000   000000000000000   000000000000000   0000A0000000
 002070   15206787101   052001            2   001   230626   00   000000   0   000000000000000   000   000000000000000   000   000000000000000      000000000003456981   000   000000003456981   0   0000000000   A   0   0000000000   A   000000   000000   000000000000000   000000000000000   0000A0000000
 002070   15206787101   053175            2   005   230626   00   000000   0   000000000000000   000   000000000000000   000   000000000000000      000000000003723915   000   000000018619574   0   0000000000   A   0   0000000000   A   000000   000000   000000000000000   000000000000000   0000A0000000
 002070   15206787101   014916            2   025   230626   00   000000   0   000000000000000   000   000000000000000   000   000000000000000      000000000000183860   000   000000004596502   0   0000000000   A   0   0000000000   A   000000   000000   000000000000000   000000000000000   0000A0000000
 002070   15206787101   024577            2   001   230626   00   000000   0   000000000000000   000   000000000000000   000   000000000000000      000000000000432824   000   000000000432824   0   0000000000   A   0   0000000000   A   000000   000000   000000000000000   000000000000000   0000A0000000
 002070   15206787101   060196            2   001   230626   00   000000   0   000000000000000   000   000000000000000   000   000000000000000      000000000001740058   000   000000001740058   0   0000000000   A   0   0000000000   A   000000   000000   000000000000000   000000000000000   0000A0000000
 002070   15206787101   058689            2   001   230626   00   000000   0   000000000000000   000   000000000000000   000   000000000000000      000000000003789454   000   000000003789454   0   0000000000   A   0   0000000000   A   000000   000000   000000000000000   000000000000000   0000A0000000
 002070   15206787101   045332            2   001   230626   00   000000   0   000000000000000   000   000000000000000   000   000000000000000      000000000001737178   000   000000001737178   0   0000000000   A   0   0000000000   A   000000   000000   000000000000000   000000000000000   0000A0000000
 002070   15206787101   034031            2   001   230626   00   000000   0   000000000000000   000   000000000000000   000   000000000000000      000000000001206392   000   000000001206392   0   0000000000   A   0   0000000000   A   000000   000000   000000000000000   000000000000000   0000A0000000
 002070   15206787101   058606            2   002   230626   00   000000   0   000000000000000   000   000000000000000   000   000000000000000      000000000000487627   000   000000000975254   0   0000000000   A   0   0000000000   A   000000   000000   000000000000000   000000000000000   0000A0000000
 002070   15206787101   058373            2   001   230626   00   000000   0   000000000000000   000   000000000000000   000   000000000000000      000000000000389168   000   000000000389168   0   0000000000   A   0   0000000000   A   000000   000000   000000000000000   000000000000000   0000A0000000
 002070   15206787101   930306            2   005   230626   00   000000   0   000000000000000   000   000000000000000   000   000000000000000      000000000000047855   000   000000000239274   0   0000000000   A   0   0000000000   A   000000   000000   000000000000000   000000000000000   0000A0000000
 002070   15206787101   930306            2   001   230626   00   000000   0   000000000000000   000   000000000000000   000   000000000000000      000000000002472750   000   000000002472750   0   0000000000   A   0   0000000000   A   000000   000000   000000000000000   000000000000000   0000A0000000
 002070   15206787101   930306            2   001   230626   00   000000   0   000000000000000   000   000000000000000   000   000000000000000      000000000003420873   000   000000003420873   0   0000000000   A   0   0000000000   A   000000   000000   000000000000000   000000000000000   0000A0000000
 002070   00000000000   930306            2   001   300626   00   000000   0   000000000000000   000   000000000000000   000   000000000000000      000000000010300500   000   000000010300500   0   0000000000   A   0   0000000000   A   000000   000000   000000000000000   000000000000000   0000A0000000
 002070   00000000000   020172            2   001   300626   00   000000   0   000000000000000   000   000000000000000   000   000000000000000      000000000003489090   000   000000003489090   0   0000000000   A   0   0000000000   A   000000   000000   000000000000000   000000000000000   0000A0000000
 002070   00000000000   015010            2   001   300626   00   000000   0   000000000000000   000   000000000000000   000   000000000000000      000000000001780200   000   000000001780200   0   0000000000   A   0   0000000000   A   000000   000000   000000000000000   000000000000000   0000A0000000
 002070   00000000000   052001            2   001   300626   00   000000   0   000000000000000   000   000000000000000   000   000000000000000      000000000003456981   000   000000003456981   0   0000000000   A   0   0000000000   A   000000   000000   000000000000000   000000000000000   0000A0000000
 002070   00000000000   053175            2   005   300626   00   000000   0   000000000000000   000   000000000000000   000   000000000000000      000000000003723915   000   000000018619574   0   0000000000   A   0   0000000000   A   000000   000000   000000000000000   000000000000000   0000A0000000
 002070   00000000000   930306            2   001   300626   00   000000   0   000000000000000   000   000000000000000   000   000000000000000      000000000011025000   000   000000011025000   0   0000000000   A   0   0000000000   A   000000   000000   000000000000000   000000000000000   0000A0000000
 002070   00000000000   050933            2   030   300626   00   000000   0   000000000000000   000   000000000000000   000   000000000000000      000000000000183860   000   000000005515803   0   0000000000   A   0   0000000000   A   000000   000000   000000000000000   000000000000000   0000A0000000
 002070   00000000000   058689            2   001   300626   00   000000   0   000000000000000   000   000000000000000   000   000000000000000      000000000003789454   000   000000003789454   0   0000000000   A   0   0000000000   A   000000   000000   000000000000000   000000000000000   0000A0000000
 002070   00000000000   045332            2   001   300626   00   000000   0   000000000000000   000   000000000000000   000   000000000000000      000000000001737178   000   000000001737178   0   0000000000   A   0   0000000000   A   000000   000000   000000000000000   000000000000000   0000A0000000
 002070   00000000000   034031            2   001   300626   00   000000   0   000000000000000   000   000000000000000   000   000000000000000      000000000001206392   000   000000001206392   0   0000000000   A   0   0000000000   A   000000   000000   000000000000000   000000000000000   0000A0000000
 002070   00000000000   033647            2   002   300626   00   000000   0   000000000000000   000   000000000000000   000   000000000000000      000000000000332682   000   000000000665363   0   0000000000   A   0   0000000000   A   000000   000000   000000000000000   000000000000000   0000A0000000
 002070   00000000000   058606            2   002   300626   00   000000   0   000000000000000   000   000000000000000   000   000000000000000      000000000000487627   000   000000000975254   0   0000000000   A   0   0000000000   A   000000   000000   000000000000000   000000000000000   0000A0000000
 002070   00000000000   058373            2   001   300626   00   000000   0   000000000000000   000   000000000000000   000   000000000000000      000000000000389168   000   000000000389168   0   0000000000   A   0   0000000000   A   000000   000000   000000000000000   000000000000000   0000A0000000
 002070   00000000000   024104            2   001   300626   00   000000   0   000000000000000   000   000000000000000   000   000000000000000      000000000003528630   000   000000003528630   0   0000000000   A   0   0000000000   A   000000   000000   000000000000000   000000000000000   0000A0000000
 002070   00000000000   049924            2   002   300626   00   000000   0   000000000000000   000   000000000000000   000   000000000000000      000000000001412418   000   000000002824837   0   0000000000   A   0   0000000000   A   000000   000000   000000000000000   000000000000000   0000A0000000
 002070   00000000000   930306            2   005   300626   00   000000   0   000000000000000   000   000000000000000   000   000000000000000      000000000000047855   000   000000000239274   0   0000000000   A   0   0000000000   A   000000   000000   000000000000000   000000000000000   0000A0000000
 002070   00000000000   930306            2   001   300626   00   000000   0   000000000000000   000   000000000000000   000   000000000000000      000000000002472750   000   000000002472750   0   0000000000   A   0   0000000000   A   000000   000000   000000000000000   000000000000000   0000A0000000
 002070   00000000000   930306            2   001   300626   00   000000   0   000000000000000   000   000000000000000   000   000000000000000      000000000003420873   000   000000003420873   0   0000000000   A   0   0000000000   A   000000   000000   000000000000000   000000000000000   0000A0000000
 002070   63166956501   029366            2   001   010626   00   000000   0   000000000000000   000   000000000000000   000   000000000000000      000000000000528681   000   000000000528681   0   0000000000   A   0   0000000000   A   000000   000000   000000000000000   000000000000000   0000A0000000
 002070   63166956501   930306            2   001   010626   00   000000   0   000000000000000   000   000000000000000   000   000000000000000      000000000000382801   000   000000000382801   0   0000000000   A   0   0000000000   A   000000   000000   000000000000000   000000000000000   0000A0000000
 002070   63166956501   058606            2   001   010626   00   000000   0   000000000000000   000   000000000000000   000   000000000000000      000000000000487627   000   000000000487627   0   0000000000   A   0   0000000000   A   000000   000000   000000000000000   000000000000000   0000A0000000
 002070   63166956501   058373            2   001   010626   00   000000   0   000000000000000   000   000000000000000   000   000000000000000      000000000000389168   000   000000000389168   0   0000000000   A   0   0000000000   A   000000   000000   000000000000000   000000000000000   0000A0000000
 002070   63166956501   930306            2   001   010626   00   000000   0   000000000000000   000   000000000000000   000   000000000000000      000000000000168489   000   000000000168489   0   0000000000   A   0   0000000000   A   000000   000000   000000000000000   000000000000000   0000A0000000
 002070   63166956501   930306            2   001   010626   00   000000   0   000000000000000   000   000000000000000   000   000000000000000      000000000000381150   000   000000000381150   0   0000000000   A   0   0000000000   A   000000   000000   000000000000000   000000000000000   0000A0000000
 002070   63166956501   930306            2   001   010626   00   000000   0   000000000000000   000   000000000000000   000   000000000000000      000000000002472750   000   000000002472750   0   0000000000   A   0   0000000000   A   000000   000000   000000000000000   000000000000000   0000A0000000
 002070   63166956501   053175            2   001   010626   00   000000   0   000000000000000   000   000000000000000   000   000000000000000      000000000003723915   000   000000003723915   0   0000000000   A   0   0000000000   A   000000   000000   000000000000000   000000000000000   0000A0000000
 002070   63166956501   930306            2   001   010626   00   000000   0   000000000000000   000   000000000000000   000   000000000000000      000000000000382801   000   000000000382801   0   0000000000   A   0   0000000000   A   000000   000000   000000000000000   000000000000000   0000A0000000
 002070   63166956501   930306            2   001   010626   00   000000   0   000000000000000   000   000000000000000   000   000000000000000      000000000000381150   000   000000000381150   0   0000000000   A   0   0000000000   A   000000   000000   000000000000000   000000000000000   0000A0000000
 002070   61524752002   029366            2   001   010626   00   000000   0   000000000000000   000   000000000000000   000   000000000000000      000000000000528681   000   000000000528681   0   0000000000   A   0   0000000000   A   000000   000000   000000000000000   000000000000000   0000A0000000
 002070   61524752002   930306            2   002   010626   00   000000   0   000000000000000   000   000000000000000   000   000000000000000      000000000000382800   000   000000000765601   0   0000000000   A   0   0000000000   A   000000   000000   000000000000000   000000000000000   0000A0000000
 002070   61524752002   930306            2   001   010626   00   000000   0   000000000000000   000   000000000000000   000   000000000000000      000000000000382801   000   000000000382801   0   0000000000   A   0   0000000000   A   000000   000000   000000000000000   000000000000000   0000A0000000
 002070   61524752002   058373            2   001   010626   00   000000   0   000000000000000   000   000000000000000   000   000000000000000      000000000000389168   000   000000000389168   0   0000000000   A   0   0000000000   A   000000   000000   000000000000000   000000000000000   0000A0000000
 002070   61524752002   930306            2   001   010626   00   000000   0   000000000000000   000   000000000000000   000   000000000000000      000000000000168489   000   000000000168489   0   0000000000   A   0   0000000000   A   000000   000000   000000000000000   000000000000000   0000A0000000
 002070   61524752002   930306            2   001   010626   00   000000   0   000000000000000   000   000000000000000   000   000000000000000      000000000000381150   000   000000000381150   0   0000000000   A   0   0000000000   A   000000   000000   000000000000000   000000000000000   0000A0000000
 002070   61524752002   930306            2   001   010626   00   000000   0   000000000000000   000   000000000000000   000   000000000000000      000000000000366932   000   000000000366932   0   0000000000   A   0   0000000000   A   000000   000000   000000000000000   000000000000000   0000A0000000
 002070   61524752002   053986            2   001   010626   00   000000   0   000000000000000   000   000000000000000   000   000000000000000      000000000000238054   000   000000000238054   0   0000000000   A   0   0000000000   A   000000   000000   000000000000000   000000000000000   0000A0000000
 002070   61524752002   930306            2   001   010626   00   000000   0   000000000000000   000   000000000000000   000   000000000000000      000000000000381150   000   000000000381150   0   0000000000   A   0   0000000000   A   000000   000000   000000000000000   000000000000000   0000A0000000
 002070   61524752002   053175            2   001   020626   00   000000   0   000000000000000   000   000000000000000   000   000000000000000      000000000003723915   000   000000003723915   0   0000000000   A   0   0000000000   A   000000   000000   000000000000000   000000000000000   0000A0000000
 002070   61524752002   930306            2   001   020626   00   000000   0   000000000000000   000   000000000000000   000   000000000000000      000000000000382801   000   000000000382801   0   0000000000   A   0   0000000000   A   000000   000000   000000000000000   000000000000000   0000A0000000
 002070   61524752002   930306            2   003   020626   00   000000   0   000000000000000   000   000000000000000   000   000000000000000      000000000000047855   000   000000000143564   0   0000000000   A   0   0000000000   A   000000   000000   000000000000000   000000000000000   0000A0000000
 002070   61524752002   930306            2   001   020626   00   000000   0   000000000000000   000   000000000000000   000   000000000000000      000000000000381150   000   000000000381150   0   0000000000   A   0   0000000000   A   000000   000000   000000000000000   000000000000000   0000A0000000
 002070   61524752002   029366            2   001   020626   00   000000   0   000000000000000   000   000000000000000   000   000000000000000      000000000000528681   000   000000000528681   0   0000000000   A   0   0000000000   A   000000   000000   000000000000000   000000000000000   0000A0000000
 002070   61524752002   930306            2   001   020626   00   000000   0   000000000000000   000   000000000000000   000   000000000000000      000000000000366932   000   000000000366932   0   0000000000   A   0   0000000000   A   000000   000000   000000000000000   000000000000000   0000A0000000
 002070   61524752002   059442            2   002   020626   00   000000   0   000000000000000   000   000000000000000   000   000000000000000      000000000001246915   000   000000002493830   0   0000000000   A   0   0000000000   A   000000   000000   000000000000000   000000000000000   0000A0000000
 002070   61524752002   053175            2   003   020626   00   000000   0   000000000000000   000   000000000000000   000   000000000000000      000000000003723915   000   000000011171744   0   0000000000   A   0   0000000000   A   000000   000000   000000000000000   000000000000000   0000A0000000
 002070   61524752002   053986            2   002   020626   00   000000   0   000000000000000   000   000000000000000   000   000000000000000      000000000000238054   000   000000000476107   0   0000000000   A   0   0000000000   A   000000   000000   000000000000000   000000000000000   0000A0000000
 002070   61524752002   930306            2   001   020626   00   000000   0   000000000000000   000   000000000000000   000   000000000000000      000000000002472750   000   000000002472750   0   0000000000   A   0   0000000000   A   000000   000000   000000000000000   000000000000000   0000A0000000
 002070   61524752002   930306            2   001   020626   00   000000   0   000000000000000   000   000000000000000   000   000000000000000      000000000000168489   000   000000000168489   0   0000000000   A   0   0000000000   A   000000   000000   000000000000000   000000000000000   0000A0000000
 002070   61524752002   058823            2   002   020626   00   000000   0   000000000000000   000   000000000000000   000   000000000000000      000000000000525822   000   000000001051645   0   0000000000   A   0   0000000000   A   000000   000000   000000000000000   000000000000000   0000A0000000
 002070   63166956501   053175            2   003   020626   00   000000   0   000000000000000   000   000000000000000   000   000000000000000      000000000003723915   000   000000011171744   0   0000000000   A   0   0000000000   A   000000   000000   000000000000000   000000000000000   0000A0000000
 002070   63166956501   029366            2   003   020626   00   000000   0   000000000000000   000   000000000000000   000   000000000000000      000000000000528681   000   000000001586042   0   0000000000   A   0   0000000000   A   000000   000000   000000000000000   000000000000000   0000A0000000
 002070   63166956501   058606            2   003   020626   00   000000   0   000000000000000   000   000000000000000   000   000000000000000      000000000000487627   000   000000001462882   0   0000000000   A   0   0000000000   A   000000   000000   000000000000000   000000000000000   0000A0000000
 002070   63166956501   022323            2   002   020626   00   000000   0   000000000000000   000   000000000000000   000   000000000000000      000000000002098942   000   000000004197884   0   0000000000   A   0   0000000000   A   000000   000000   000000000000000   000000000000000   0000A0000000
 002070   63166956501   053175            2   001   020626   00   000000   0   000000000000000   000   000000000000000   000   000000000000000      000000000003723915   000   000000003723915   0   0000000000   A   0   0000000000   A   000000   000000   000000000000000   000000000000000   0000A0000000
 002070   63166956501   058823            2   003   020626   00   000000   0   000000000000000   000   000000000000000   000   000000000000000      000000000000525822   000   000000001577467   0   0000000000   A   0   0000000000   A   000000   000000   000000000000000   000000000000000   0000A0000000
 002070   61524752002   029366            2   001   020626   00   000000   0   000000000000000   000   000000000000000   000   000000000000000      000000000000528681   000   000000000528681   0   0000000000   A   0   0000000000   A   000000   000000   000000000000000   000000000000000   0000A0000000
 002070   61524752002   059442            2   001   020626   00   000000   0   000000000000000   000   000000000000000   000   000000000000000      000000000001246915   000   000000001246915   0   0000000000   A   0   0000000000   A   000000   000000   000000000000000   000000000000000   0000A0000000
 002070   61524752002   053175            2   001   020626   00   000000   0   000000000000000   000   000000000000000   000   000000000000000      000000000003723915   000   000000003723915   0   0000000000   A   0   0000000000   A   000000   000000   000000000000000   000000000000000   0000A0000000
 002070   61524752002   053986            2   002   020626   00   000000   0   000000000000000   000   000000000000000   000   000000000000000      000000000000238054   000   000000000476107   0   0000000000   A   0   0000000000   A   000000   000000   000000000000000   000000000000000   0000A0000000
 002070   61524752002   029366            2   003   020626   00   000000   0   000000000000000   000   000000000000000   000   000000000000000      000000000000528681   000   000000001586042   0   0000000000   A   0   0000000000   A   000000   000000   000000000000000   000000000000000   0000A0000000
 002070   61524752002   038891            2   002   020626   00   000000   0   000000000000000   000   000000000000000   000   000000000000000      000000000000065693   000   000000000131386   0   0000000000   A   0   0000000000   A   000000   000000   000000000000000   000000000000000   0000A0000000
 002070   61524752002   053175            2   005   020626   00   000000   0   000000000000000   000   000000000000000   000   000000000000000      000000000003723915   000   000000018619574   0   0000000000   A   0   0000000000   A   000000   000000   000000000000000   000000000000000   0000A0000000
 002070   61524752002   058823            2   001   020626   00   000000   0   000000000000000   000   000000000000000   000   000000000000000      000000000000525822   000   000000000525822   0   0000000000   A   0   0000000000   A   000000   000000   000000000000000   000000000000000   0000A0000000
 002070   61524752002   059442            2   001   020626   00   000000   0   000000000000000   000   000000000000000   000   000000000000000      000000000001246915   000   000000001246915   0   0000000000   A   0   0000000000   A   000000   000000   000000000000000   000000000000000   0000A0000000
 002070   63166956501   058606            2   001   020626   00   000000   0   000000000000000   000   000000000000000   000   000000000000000      000000000000487627   000   000000000487627   0   0000000000   A   0   0000000000   A   000000   000000   000000000000000   000000000000000   0000A0000000
 002070   63166956501   029366            2   001   020626   00   000000   0   000000000000000   000   000000000000000   000   000000000000000      000000000000528681   000   000000000528681   0   0000000000   A   0   0000000000   A   000000   000000   000000000000000   000000000000000   0000A0000000
 002070   63166956501   022323            2   001   020626   00   000000   0   000000000000000   000   000000000000000   000   000000000000000      000000000002098942   000   000000002098942   0   0000000000   A   0   0000000000   A   000000   000000   000000000000000   000000000000000   0000A0000000
 002070   63166956501   053175            2   001   020626   00   000000   0   000000000000000   000   000000000000000   000   000000000000000      000000000003723915   000   000000003723915   0   0000000000   A   0   0000000000   A   000000   000000   000000000000000   000000000000000   0000A0000000
 002070   61524752002   930306            2   001   020626   00   000000   0   000000000000000   000   000000000000000   000   000000000000000      000000000002472750   000   000000002472750   0   0000000000   A   0   0000000000   A   000000   000000   000000000000000   000000000000000   0000A0000000
 002070   61524752002   038605            2   001   030626   00   000000   0   000000000000000   000   000000000000000   000   000000000000000      000000000007155000   000   000000007155000   0   0000000000   A   0   0000000000   A   000000   000000   000000000000000   000000000000000   0000A0000000
 002070   61524752002   053986            2   002   030626   00   000000   0   000000000000000   000   000000000000000   000   000000000000000      000000000000238054   000   000000000476107   0   0000000000   A   0   0000000000   A   000000   000000   000000000000000   000000000000000   0000A0000000
 002070   61524752002   053986            2   001   030626   00   000000   0   000000000000000   000   000000000000000   000   000000000000000      000000000000238054   000   000000000238054   0   0000000000   A   0   0000000000   A   000000   000000   000000000000000   000000000000000   0000A0000000
 002070   61524752002   011929            2   001   030626   00   000000   0   000000000000000   000   000000000000000   000   000000000000000      000000000002598740   000   000000002598740   0   0000000000   A   0   0000000000   A   000000   000000   000000000000000   000000000000000   0000A0000000
 002070   61524752002   058823            2   001   030626   00   000000   0   000000000000000   000   000000000000000   000   000000000000000      000000000000525822   000   000000000525822   0   0000000000   A   0   0000000000   A   000000   000000   000000000000000   000000000000000   0000A0000000
 002070   61524752002   930306            2   001   030626   00   000000   0   000000000000000   000   000000000000000   000   000000000000000      000000000000382801   000   000000000382801   0   0000000000   A   0   0000000000   A   000000   000000   000000000000000   000000000000000   0000A0000000
 002070   61524752002   930306            2   001   030626   00   000000   0   000000000000000   000   000000000000000   000   000000000000000      000000000000168489   000   000000000168489   0   0000000000   A   0   0000000000   A   000000   000000   000000000000000   000000000000000   0000A0000000
 002070   61524752002   930306            2   001   030626   00   000000   0   000000000000000   000   000000000000000   000   000000000000000      000000000000381150   000   000000000381150   0   0000000000   A   0   0000000000   A   000000   000000   000000000000000   000000000000000   0000A0000000
 002070   61524752002   930306            2   001   030626   00   000000   0   000000000000000   000   000000000000000   000   000000000000000      000000000000366932   000   000000000366932   0   0000000000   A   0   0000000000   A   000000   000000   000000000000000   000000000000000   0000A0000000
 002070   61524752002   930306            2   001   030626   00   000000   0   000000000000000   000   000000000000000   000   000000000000000      000000000002472750   000   000000002472750   0   0000000000   A   0   0000000000   A   000000   000000   000000000000000   000000000000000   0000A0000000
 002070   63166956501   029366            2   003   030626   00   000000   0   000000000000000   000   000000000000000   000   000000000000000      000000000000528681   000   000000001586042   0   0000000000   A   0   0000000000   A   000000   000000   000000000000000   000000000000000   0000A0000000
 002070   63166956501   058606            2   003   030626   00   000000   0   000000000000000   000   000000000000000   000   000000000000000      000000000000487627   000   000000001462882   0   0000000000   A   0   0000000000   A   000000   000000   000000000000000   000000000000000   0000A0000000
 002070   63166956501   022323            2   002   030626   00   000000   0   000000000000000   000   000000000000000   000   000000000000000      000000000002098942   000   000000004197884   0   0000000000   A   0   0000000000   A   000000   000000   000000000000000   000000000000000   0000A0000000
 002070   63166956501   053175            2   002   030626   00   000000   0   000000000000000   000   000000000000000   000   000000000000000      000000000003723914   000   000000007447829   0   0000000000   A   0   0000000000   A   000000   000000   000000000000000   000000000000000   0000A0000000
 002070   61033617602   053175            2   001   030626   00   000000   0   000000000000000   000   000000000000000   000   000000000000000      000000000003723915   000   000000003723915   0   0000000000   A   0   0000000000   A   000000   000000   000000000000000   000000000000000   0000A0000000
 002070   61033617602   058823            2   001   030626   00   000000   0   000000000000000   000   000000000000000   000   000000000000000      000000000000525822   000   000000000525822   0   0000000000   A   0   0000000000   A   000000   000000   000000000000000   000000000000000   0000A0000000
 002070   61033617602   930306            2   001   030626   00   000000   0   000000000000000   000   000000000000000   000   000000000000000      000000000000168489   000   000000000168489   0   0000000000   A   0   0000000000   A   000000   000000   000000000000000   000000000000000   0000A0000000
 002070   61033617602   930306            2   001   030626   00   000000   0   000000000000000   000   000000000000000   000   000000000000000      000000000002472750   000   000000002472750   0   0000000000   A   0   0000000000   A   000000   000000   000000000000000   000000000000000   0000A0000000
 002070   61033617602   930306            2   001   030626   00   000000   0   000000000000000   000   000000000000000   000   000000000000000      000000000000381150   000   000000000381150   0   0000000000   A   0   0000000000   A   000000   000000   000000000000000   000000000000000   0000A0000000
 002070   61033617602   040318            2   001   030626   00   000000   0   000000000000000   000   000000000000000   000   000000000000000      000000000003936402   000   000000003936402   0   0000000000   A   0   0000000000   A   000000   000000   000000000000000   000000000000000   0000A0000000
 002070   61033617602   022323            2   001   030626   00   000000   0   000000000000000   000   000000000000000   000   000000000000000      000000000002098942   000   000000002098942   0   0000000000   A   0   0000000000   A   000000   000000   000000000000000   000000000000000   0000A0000000
 002070   61524752002   029366            2   003   030626   00   000000   0   000000000000000   000   000000000000000   000   000000000000000      000000000000528681   000   000000001586042   0   0000000000   A   0   0000000000   A   000000   000000   000000000000000   000000000000000   0000A0000000
 002070   61524752002   038891            2   002   030626   00   000000   0   000000000000000   000   000000000000000   000   000000000000000      000000000000065693   000   000000000131386   0   0000000000   A   0   0000000000   A   000000   000000   000000000000000   000000000000000   0000A0000000
 002070   61524752002   055439            2   005   030626   00   000000   0   000000000000000   000   000000000000000   000   000000000000000      000000000001311012   000   000000006555060   0   0000000000   A   0   0000000000   A   000000   000000   000000000000000   000000000000000   0000A0000000
 002070   61524752002   058823            2   001   030626   00   000000   0   000000000000000   000   000000000000000   000   000000000000000      000000000000525822   000   000000000525822   0   0000000000   A   0   0000000000   A   000000   000000   000000000000000   000000000000000   0000A0000000
 002070   61524752002   059442            2   001   030626   00   000000   0   000000000000000   000   000000000000000   000   000000000000000      000000000001246915   000   000000001246915   0   0000000000   A   0   0000000000   A   000000   000000   000000000000000   000000000000000   0000A0000000
 002070   61033617602   022323            2   002   030626   00   000000   0   000000000000000   000   000000000000000   000   000000000000000      000000000002098942   000   000000004197884   0   0000000000   A   0   0000000000   A   000000   000000   000000000000000   000000000000000   0000A0000000
 002070   61033617602   055439            2   003   030626   00   000000   0   000000000000000   000   000000000000000   000   000000000000000      000000000001311012   000   000000003933036   0   0000000000   A   0   0000000000   A   000000   000000   000000000000000   000000000000000   0000A0000000
 002070   61033617602   053179            2   003   030626   00   000000   0   000000000000000   000   000000000000000   000   000000000000000      000000000004394405   000   000000013183214   0   0000000000   A   0   0000000000   A   000000   000000   000000000000000   000000000000000   0000A0000000
 002070   61033617602   058823            2   006   030626   00   000000   0   000000000000000   000   000000000000000   000   000000000000000      000000000000525822   000   000000003154934   0   0000000000   A   0   0000000000   A   000000   000000   000000000000000   000000000000000   0000A0000000
 002070   61033617602   040318            2   002   030626   00   000000   0   000000000000000   000   000000000000000   000   000000000000000      000000000003936402   000   000000007872804   0   0000000000   A   0   0000000000   A   000000   000000   000000000000000   000000000000000   0000A0000000
 002070   61033617602   058606            2   001   030626   00   000000   0   000000000000000   000   000000000000000   000   000000000000000      000000000000487627   000   000000000487627   0   0000000000   A   0   0000000000   A   000000   000000   000000000000000   000000000000000   0000A0000000
 002070   61033617602   058373            2   001   030626   00   000000   0   000000000000000   000   000000000000000   000   000000000000000      000000000000389168   000   000000000389168   0   0000000000   A   0   0000000000   A   000000   000000   000000000000000   000000000000000   0000A0000000
 002070   61033617602   040318            2   001   030626   00   000000   0   000000000000000   000   000000000000000   000   000000000000000      000000000003936402   000   000000003936402   0   0000000000   A   0   0000000000   A   000000   000000   000000000000000   000000000000000   0000A0000000
 002070   61033617602   029366            2   001   030626   00   000000   0   000000000000000   000   000000000000000   000   000000000000000      000000000000528681   000   000000000528681   0   0000000000   A   0   0000000000   A   000000   000000   000000000000000   000000000000000   0000A0000000
 002070   61033617602   049924            2   001   030626   00   000000   0   000000000000000   000   000000000000000   000   000000000000000      000000000001412419   000   000000001412419   0   0000000000   A   0   0000000000   A   000000   000000   000000000000000   000000000000000   0000A0000000
 002070   61033617602   059442            2   001   030626   00   000000   0   000000000000000   000   000000000000000   000   000000000000000      000000000001246915   000   000000001246915   0   0000000000   A   0   0000000000   A   000000   000000   000000000000000   000000000000000   0000A0000000
 002070   61033617602   034031            2   001   030626   00   000000   0   000000000000000   000   000000000000000   000   000000000000000      000000000001206392   000   000000001206392   0   0000000000   A   0   0000000000   A   000000   000000   000000000000000   000000000000000   0000A0000000
 002070   61033617602   053175            2   001   030626   00   000000   0   000000000000000   000   000000000000000   000   000000000000000      000000000003723915   000   000000003723915   0   0000000000   A   0   0000000000   A   000000   000000   000000000000000   000000000000000   0000A0000000
 002070   61524752002   053986            2   003   030626   00   000000   0   000000000000000   000   000000000000000   000   000000000000000      000000000000238054   000   000000000714161   0   0000000000   A   0   0000000000   A   000000   000000   000000000000000   000000000000000   0000A0000000
 002070   61033617602   058606            2   001   040626   00   000000   0   000000000000000   000   000000000000000   000   000000000000000      000000000000487627   000   000000000487627   0   0000000000   A   0   0000000000   A   000000   000000   000000000000000   000000000000000   0000A0000000
 002070   61033617602   930306            2   001   040626   00   000000   0   000000000000000   000   000000000000000   000   000000000000000      000000000000381150   000   000000000381150   0   0000000000   A   0   0000000000   A   000000   000000   000000000000000   000000000000000   0000A0000000
 002070   61033617602   029366            2   001   040626   00   000000   0   000000000000000   000   000000000000000   000   000000000000000      000000000000528681   000   000000000528681   0   0000000000   A   0   0000000000   A   000000   000000   000000000000000   000000000000000   0000A0000000
 002070   61033617602   049924            2   001   040626   00   000000   0   000000000000000   000   000000000000000   000   000000000000000      000000000001412419   000   000000001412419   0   0000000000   A   0   0000000000   A   000000   000000   000000000000000   000000000000000   0000A0000000
 002070   61033617602   053175            2   002   040626   00   000000   0   000000000000000   000   000000000000000   000   000000000000000      000000000003723914   000   000000007447829   0   0000000000   A   0   0000000000   A   000000   000000   000000000000000   000000000000000   0000A0000000
 002070   61033617602   930306            2   001   040626   00   000000   0   000000000000000   000   000000000000000   000   000000000000000      000000000002819248   000   000000002819248   0   0000000000   A   0   0000000000   A   000000   000000   000000000000000   000000000000000   0000A0000000
 002070   61033617602   053986            2   001   040626   00   000000   0   000000000000000   000   000000000000000   000   000000000000000      000000000000238054   000   000000000238054   0   0000000000   A   0   0000000000   A   000000   000000   000000000000000   000000000000000   0000A0000000
 002070   61524752002   053986            2   001   040626   00   000000   0   000000000000000   000   000000000000000   000   000000000000000      000000000000238054   000   000000000238054   0   0000000000   A   0   0000000000   A   000000   000000   000000000000000   000000000000000   0000A0000000
 002070   61033617602   930306            2   001   040626   00   000000   0   000000000000000   000   000000000000000   000   000000000000000      000000000001184071   000   000000001184071   0   0000000000   A   0   0000000000   A   000000   000000   000000000000000   000000000000000   0000A0000000
 002070   61033617602   022323            2   001   040626   00   000000   0   000000000000000   000   000000000000000   000   000000000000000      000000000002098942   000   000000002098942   0   0000000000   A   0   0000000000   A   000000   000000   000000000000000   000000000000000   0000A0000000
 002070   61033617602   058823            2   001   040626   00   000000   0   000000000000000   000   000000000000000   000   000000000000000      000000000000525822   000   000000000525822   0   0000000000   A   0   0000000000   A   000000   000000   000000000000000   000000000000000   0000A0000000
 002070   61033617602   032971            2   001   040626   00   000000   0   000000000000000   000   000000000000000   000   000000000000000      000000000000683024   000   000000000683024   0   0000000000   A   0   0000000000   A   000000   000000   000000000000000   000000000000000   0000A0000000
 002070   61033617602   058606            2   001   040626   00   000000   0   000000000000000   000   000000000000000   000   000000000000000      000000000000487627   000   000000000487627   0   0000000000   A   0   0000000000   A   000000   000000   000000000000000   000000000000000   0000A0000000
 002070   61033617602   040318            2   001   040626   00   000000   0   000000000000000   000   000000000000000   000   000000000000000      000000000003936402   000   000000003936402   0   0000000000   A   0   0000000000   A   000000   000000   000000000000000   000000000000000   0000A0000000
 002070   61033617602   029366            2   001   040626   00   000000   0   000000000000000   000   000000000000000   000   000000000000000      000000000000528681   000   000000000528681   0   0000000000   A   0   0000000000   A   000000   000000   000000000000000   000000000000000   0000A0000000
 002070   61033617602   049924            2   001   040626   00   000000   0   000000000000000   000   000000000000000   000   000000000000000      000000000001412419   000   000000001412419   0   0000000000   A   0   0000000000   A   000000   000000   000000000000000   000000000000000   0000A0000000
 002070   63166956501   029366            2   003   040626   00   000000   0   000000000000000   000   000000000000000   000   000000000000000      000000000000528681   000   000000001586042   0   0000000000   A   0   0000000000   A   000000   000000   000000000000000   000000000000000   0000A0000000
 002070   63166956501   058606            2   003   040626   00   000000   0   000000000000000   000   000000000000000   000   000000000000000      000000000000487627   000   000000001462882   0   0000000000   A   0   0000000000   A   000000   000000   000000000000000   000000000000000   0000A0000000
 002070   63166956501   022323            2   002   040626   00   000000   0   000000000000000   000   000000000000000   000   000000000000000      000000000002098942   000   000000004197884   0   0000000000   A   0   0000000000   A   000000   000000   000000000000000   000000000000000   0000A0000000
 002070   63166956501   053175            2   003   040626   00   000000   0   000000000000000   000   000000000000000   000   000000000000000      000000000003723915   000   000000011171744   0   0000000000   A   0   0000000000   A   000000   000000   000000000000000   000000000000000   0000A0000000
 002070   63166956501   058823            2   002   040626   00   000000   0   000000000000000   000   000000000000000   000   000000000000000      000000000000525822   000   000000001051645   0   0000000000   A   0   0000000000   A   000000   000000   000000000000000   000000000000000   0000A0000000
 002070   61524752002   038891            2   001   040626   00   000000   0   000000000000000   000   000000000000000   000   000000000000000      000000000000065693   000   000000000065693   0   0000000000   A   0   0000000000   A   000000   000000   000000000000000   000000000000000   0000A0000000
 002070   61524752002   058823            2   001   040626   00   000000   0   000000000000000   000   000000000000000   000   000000000000000      000000000000525822   000   000000000525822   0   0000000000   A   0   0000000000   A   000000   000000   000000000000000   000000000000000   0000A0000000
 002070   61524752002   059442            2   001   040626   00   000000   0   000000000000000   000   000000000000000   000   000000000000000      000000000001246915   000   000000001246915   0   0000000000   A   0   0000000000   A   000000   000000   000000000000000   000000000000000   0000A0000000
 002070   61033617602   022323            2   002   040626   00   000000   0   000000000000000   000   000000000000000   000   000000000000000      000000000002098942   000   000000004197884   0   0000000000   A   0   0000000000   A   000000   000000   000000000000000   000000000000000   0000A0000000
 002070   61033617602   040318            2   002   040626   00   000000   0   000000000000000   000   000000000000000   000   000000000000000      000000000003936402   000   000000007872804   0   0000000000   A   0   0000000000   A   000000   000000   000000000000000   000000000000000   0000A0000000
 002070   61033617602   053175            2   001   040626   00   000000   0   000000000000000   000   000000000000000   000   000000000000000      000000000003723915   000   000000003723915   0   0000000000   A   0   0000000000   A   000000   000000   000000000000000   000000000000000   0000A0000000
 002070   61033617602   058823            2   001   040626   00   000000   0   000000000000000   000   000000000000000   000   000000000000000      000000000000525822   000   000000000525822   0   0000000000   A   0   0000000000   A   000000   000000   000000000000000   000000000000000   0000A0000000
 002070   61033617602   059442            2   001   040626   00   000000   0   000000000000000   000   000000000000000   000   000000000000000      000000000001246915   000   000000001246915   0   0000000000   A   0   0000000000   A   000000   000000   000000000000000   000000000000000   0000A0000000
 002070   61033617602   058606            2   003   040626   00   000000   0   000000000000000   000   000000000000000   000   000000000000000      000000000000487627   000   000000001462882   0   0000000000   A   0   0000000000   A   000000   000000   000000000000000   000000000000000   0000A0000000
 002070   61033617602   029366            2   003   040626   00   000000   0   000000000000000   000   000000000000000   000   000000000000000      000000000000528681   000   000000001586042   0   0000000000   A   0   0000000000   A   000000   000000   000000000000000   000000000000000   0000A0000000
 002070   61033617602   032971            2   001   040626   00   000000   0   000000000000000   000   000000000000000   000   000000000000000      000000000000683024   000   000000000683024   0   0000000000   A   0   0000000000   A   000000   000000   000000000000000   000000000000000   0000A0000000
 002070   61033617602   034031            2   001   040626   00   000000   0   000000000000000   000   000000000000000   000   000000000000000      000000000001206392   000   000000001206392   0   0000000000   A   0   0000000000   A   000000   000000   000000000000000   000000000000000   0000A0000000
 002070   61033617602   053986            2   001   040626   00   000000   0   000000000000000   000   000000000000000   000   000000000000000      000000000000238054   000   000000000238054   0   0000000000   A   0   0000000000   A   000000   000000   000000000000000   000000000000000   0000A0000000
 002070   61033617602   930306            2   001   050626   00   000000   0   000000000000000   000   000000000000000   000   000000000000000      000000000000047855   000   000000000047855   0   0000000000   A   0   0000000000   A   000000   000000   000000000000000   000000000000000   0000A0000000
 002070   61033617602   058373            2   001   050626   00   000000   0   000000000000000   000   000000000000000   000   000000000000000      000000000000389168   000   000000000389168   0   0000000000   A   0   0000000000   A   000000   000000   000000000000000   000000000000000   0000A0000000
 002070   61033617602   930306            2   002   050626   00   000000   0   000000000000000   000   000000000000000   000   000000000000000      000000000002026125   000   000000004052250   0   0000000000   A   0   0000000000   A   000000   000000   000000000000000   000000000000000   0000A0000000
 002070   61033617602   022323            2   001   050626   00   000000   0   000000000000000   000   000000000000000   000   000000000000000      000000000002098942   000   000000002098942   0   0000000000   A   0   0000000000   A   000000   000000   000000000000000   000000000000000   0000A0000000
 002070   61033617602   024104            2   001   050626   00   000000   0   000000000000000   000   000000000000000   000   000000000000000      000000000003528630   000   000000003528630   0   0000000000   A   0   0000000000   A   000000   000000   000000000000000   000000000000000   0000A0000000
 002070   61033617602   034031            2   001   050626   00   000000   0   000000000000000   000   000000000000000   000   000000000000000      000000000001206392   000   000000001206392   0   0000000000   A   0   0000000000   A   000000   000000   000000000000000   000000000000000   0000A0000000
 002070   61033617602   018693            2   001   050626   00   000000   0   000000000000000   000   000000000000000   000   000000000000000      000000000007934733   000   000000007934733   0   0000000000   A   0   0000000000   A   000000   000000   000000000000000   000000000000000   0000A0000000
 002070   61033617602   040318            2   001   050626   00   000000   0   000000000000000   000   000000000000000   000   000000000000000      000000000003936402   000   000000003936402   0   0000000000   A   0   0000000000   A   000000   000000   000000000000000   000000000000000   0000A0000000
 002070   61033617602   930306            2   001   050626   00   000000   0   000000000000000   000   000000000000000   000   000000000000000      000000000002026125   000   000000002026125   0   0000000000   A   0   0000000000   A   000000   000000   000000000000000   000000000000000   0000A0000000
 002070   63166956501   029366            2   001   050626   00   000000   0   000000000000000   000   000000000000000   000   000000000000000      000000000000528681   000   000000000528681   0   0000000000   A   0   0000000000   A   000000   000000   000000000000000   000000000000000   0000A0000000
 002070   63166956501   058606            2   001   050626   00   000000   0   000000000000000   000   000000000000000   000   000000000000000      000000000000487627   000   000000000487627   0   0000000000   A   0   0000000000   A   000000   000000   000000000000000   000000000000000   0000A0000000
 002070   63166956501   053175            2   001   050626   00   000000   0   000000000000000   000   000000000000000   000   000000000000000      000000000003723915   000   000000003723915   0   0000000000   A   0   0000000000   A   000000   000000   000000000000000   000000000000000   0000A0000000
 002070   61033617602   022323            2   002   050626   00   000000   0   000000000000000   000   000000000000000   000   000000000000000      000000000002098942   000   000000004197884   0   0000000000   A   0   0000000000   A   000000   000000   000000000000000   000000000000000   0000A0000000
 002070   61033617602   053175            2   001   050626   00   000000   0   000000000000000   000   000000000000000   000   000000000000000      000000000003723915   000   000000003723915   0   0000000000   A   0   0000000000   A   000000   000000   000000000000000   000000000000000   0000A0000000
 002070   61033617602   058823            2   001   050626   00   000000   0   000000000000000   000   000000000000000   000   000000000000000      000000000000525822   000   000000000525822   0   0000000000   A   0   0000000000   A   000000   000000   000000000000000   000000000000000   0000A0000000
 002070   61033617602   059442            2   001   050626   00   000000   0   000000000000000   000   000000000000000   000   000000000000000      000000000001246915   000   000000001246915   0   0000000000   A   0   0000000000   A   000000   000000   000000000000000   000000000000000   0000A0000000
 002070   61033617602   058606            2   003   050626   00   000000   0   000000000000000   000   000000000000000   000   000000000000000      000000000000487627   000   000000001462882   0   0000000000   A   0   0000000000   A   000000   000000   000000000000000   000000000000000   0000A0000000
 002070   61033617602   058373            2   003   050626   00   000000   0   000000000000000   000   000000000000000   000   000000000000000      000000000000389168   000   000000001167504   0   0000000000   A   0   0000000000   A   000000   000000   000000000000000   000000000000000   0000A0000000
 002070   61033617602   029366            2   003   050626   00   000000   0   000000000000000   000   000000000000000   000   000000000000000      000000000000528681   000   000000001586042   0   0000000000   A   0   0000000000   A   000000   000000   000000000000000   000000000000000   0000A0000000
 002070   61033617602   040318            2   003   050626   00   000000   0   000000000000000   000   000000000000000   000   000000000000000      000000000003936402   000   000000011809206   0   0000000000   A   0   0000000000   A   000000   000000   000000000000000   000000000000000   0000A0000000
 002070   61033617602   018693            2   001   050626   00   000000   0   000000000000000   000   000000000000000   000   000000000000000      000000000007934733   000   000000007934733   0   0000000000   A   0   0000000000   A   000000   000000   000000000000000   000000000000000   0000A0000000
 002070   61033617602   053175            2   004   060626   00   000000   0   000000000000000   000   000000000000000   000   000000000000000      000000000003723915   000   000000014895659   0   0000000000   A   0   0000000000   A   000000   000000   000000000000000   000000000000000   0000A0000000
 002070   61033617602   058823            2   002   060626   00   000000   0   000000000000000   000   000000000000000   000   000000000000000      000000000000525822   000   000000001051645   0   0000000000   A   0   0000000000   A   000000   000000   000000000000000   000000000000000   0000A0000000
 002070   61033617602   059442            2   004   060626   00   000000   0   000000000000000   000   000000000000000   000   000000000000000      000000000001246915   000   000000004987660   0   0000000000   A   0   0000000000   A   000000   000000   000000000000000   000000000000000   0000A0000000
 002070   61033617602   058373            2   005   060626   00   000000   0   000000000000000   000   000000000000000   000   000000000000000      000000000000389168   000   000000001945840   0   0000000000   A   0   0000000000   A   000000   000000   000000000000000   000000000000000   0000A0000000
 002070   61033617602   029366            2   006   060626   00   000000   0   000000000000000   000   000000000000000   000   000000000000000      000000000000528681   000   000000003172084   0   0000000000   A   0   0000000000   A   000000   000000   000000000000000   000000000000000   0000A0000000
 002070   61033617602   058606            2   001   060626   00   000000   0   000000000000000   000   000000000000000   000   000000000000000      000000000000487627   000   000000000487627   0   0000000000   A   0   0000000000   A   000000   000000   000000000000000   000000000000000   0000A0000000
 002070   61033617602   018693            2   002   060626   00   000000   0   000000000000000   000   000000000000000   000   000000000000000      000000000007934733   000   000000015869466   0   0000000000   A   0   0000000000   A   000000   000000   000000000000000   000000000000000   0000A0000000
 002070   61033617602   022323            2   003   060626   00   000000   0   000000000000000   000   000000000000000   000   000000000000000      000000000002098942   000   000000006296827   0   0000000000   A   0   0000000000   A   000000   000000   000000000000000   000000000000000   0000A0000000
 002070   61033617602   040318            2   006   060626   00   000000   0   000000000000000   000   000000000000000   000   000000000000000      000000000003936402   000   000000023618412   0   0000000000   A   0   0000000000   A   000000   000000   000000000000000   000000000000000   0000A0000000
 002070   61033617602   930306            2   001   060626   00   000000   0   000000000000000   000   000000000000000   000   000000000000000      000000000001184071   000   000000001184071   0   0000000000   A   0   0000000000   A   000000   000000   000000000000000   000000000000000   0000A0000000
 002070   61033617602   059442            2   001   060626   00   000000   0   000000000000000   000   000000000000000   000   000000000000000      000000000001246915   000   000000001246915   0   0000000000   A   0   0000000000   A   000000   000000   000000000000000   000000000000000   0000A0000000
 002070   61033617602   053175            2   001   060626   00   000000   0   000000000000000   000   000000000000000   000   000000000000000      000000000003723915   000   000000003723915   0   0000000000   A   0   0000000000   A   000000   000000   000000000000000   000000000000000   0000A0000000
 002070   61033617602   029366            2   002   080626   00   000000   0   000000000000000   000   000000000000000   000   000000000000000      000000000000528680   000   000000001057361   0   0000000000   A   0   0000000000   A   000000   000000   000000000000000   000000000000000   0000A0000000
 002070   61033617602   055442            2   001   080626   00   000000   0   000000000000000   000   000000000000000   000   000000000000000      000000000001712133   000   000000001712133   0   0000000000   A   0   0000000000   A   000000   000000   000000000000000   000000000000000   0000A0000000
 002070   61033617602   024104            2   001   080626   00   000000   0   000000000000000   000   000000000000000   000   000000000000000      000000000003528630   000   000000003528630   0   0000000000   A   0   0000000000   A   000000   000000   000000000000000   000000000000000   0000A0000000
 002070   61033617602   058606            2   001   080626   00   000000   0   000000000000000   000   000000000000000   000   000000000000000      000000000000487627   000   000000000487627   0   0000000000   A   0   0000000000   A   000000   000000   000000000000000   000000000000000   0000A0000000
 002070   61708800301   930306            2   001   080626   00   000000   0   000000000000000   000   000000000000000   000   000000000000000      000000000000382801   000   000000000382801   0   0000000000   A   0   0000000000   A   000000   000000   000000000000000   000000000000000   0000A0000000
 002070   61708800301   930306            2   001   080626   00   000000   0   000000000000000   000   000000000000000   000   000000000000000      000000000000382801   000   000000000382801   0   0000000000   A   0   0000000000   A   000000   000000   000000000000000   000000000000000   0000A0000000
 002070   61708800301   930306            2   001   080626   00   000000   0   000000000000000   000   000000000000000   000   000000000000000      000000000000168489   000   000000000168489   0   0000000000   A   0   0000000000   A   000000   000000   000000000000000   000000000000000   0000A0000000
 002070   61708800301   930306            2   001   080626   00   000000   0   000000000000000   000   000000000000000   000   000000000000000      000000000000381150   000   000000000381150   0   0000000000   A   0   0000000000   A   000000   000000   000000000000000   000000000000000   0000A0000000
 002070   61708800301   930306            2   001   080626   00   000000   0   000000000000000   000   000000000000000   000   000000000000000      000000000002472750   000   000000002472750   0   0000000000   A   0   0000000000   A   000000   000000   000000000000000   000000000000000   0000A0000000
 002070   61708800301   053175            2   001   080626   00   000000   0   000000000000000   000   000000000000000   000   000000000000000      000000000003723915   000   000000003723915   0   0000000000   A   0   0000000000   A   000000   000000   000000000000000   000000000000000   0000A0000000
 002070   61708800301   930306            2   003   080626   00   000000   0   000000000000000   000   000000000000000   000   000000000000000      000000000000047855   000   000000000143564   0   0000000000   A   0   0000000000   A   000000   000000   000000000000000   000000000000000   0000A0000000
 002070   61708800301   930306            2   001   080626   00   000000   0   000000000000000   000   000000000000000   000   000000000000000      000000000000666210   000   000000000666210   0   0000000000   A   0   0000000000   A   000000   000000   000000000000000   000000000000000   0000A0000000
 002070   61708800301   058373            2   001   080626   00   000000   0   000000000000000   000   000000000000000   000   000000000000000      000000000000389168   000   000000000389168   0   0000000000   A   0   0000000000   A   000000   000000   000000000000000   000000000000000   0000A0000000
 002070   61708800301   930306            2   001   080626   00   000000   0   000000000000000   000   000000000000000   000   000000000000000      000000000000168489   000   000000000168489   0   0000000000   A   0   0000000000   A   000000   000000   000000000000000   000000000000000   0000A0000000
 002070   61708800301   029366            2   001   080626   00   000000   0   000000000000000   000   000000000000000   000   000000000000000      000000000000528681   000   000000000528681   0   0000000000   A   0   0000000000   A   000000   000000   000000000000000   000000000000000   0000A0000000
 002070   61708800301   930306            2   001   080626   00   000000   0   000000000000000   000   000000000000000   000   000000000000000      000000000001184071   000   000000001184071   0   0000000000   A   0   0000000000   A   000000   000000   000000000000000   000000000000000   0000A0000000
 002070   61708800301   053986            2   001   080626   00   000000   0   000000000000000   000   000000000000000   000   000000000000000      000000000000238054   000   000000000238054   0   0000000000   A   0   0000000000   A   000000   000000   000000000000000   000000000000000   0000A0000000
 002070   61708800301   036549            2   003   080626   00   000000   0   000000000000000   000   000000000000000   000   000000000000000      000000000001643380   000   000000004930141   0   0000000000   A   0   0000000000   A   000000   000000   000000000000000   000000000000000   0000A0000000
 002070   61708800301   058606            2   003   080626   00   000000   0   000000000000000   000   000000000000000   000   000000000000000      000000000000487627   000   000000001462882   0   0000000000   A   0   0000000000   A   000000   000000   000000000000000   000000000000000   0000A0000000
 002070   61708800301   049924            2   001   080626   00   000000   0   000000000000000   000   000000000000000   000   000000000000000      000000000001412419   000   000000001412419   0   0000000000   A   0   0000000000   A   000000   000000   000000000000000   000000000000000   0000A0000000
 002070   61708800301   053175            2   001   080626   00   000000   0   000000000000000   000   000000000000000   000   000000000000000      000000000003723915   000   000000003723915   0   0000000000   A   0   0000000000   A   000000   000000   000000000000000   000000000000000   0000A0000000
 002070   61708800301   058373            2   001   090626   00   000000   0   000000000000000   000   000000000000000   000   000000000000000      000000000000389168   000   000000000389168   0   0000000000   A   0   0000000000   A   000000   000000   000000000000000   000000000000000   0000A0000000
 002070   61708800301   930306            2   001   090626   00   000000   0   000000000000000   000   000000000000000   000   000000000000000      000000000000168489   000   000000000168489   0   0000000000   A   0   0000000000   A   000000   000000   000000000000000   000000000000000   0000A0000000
 002070   61708800301   029366            2   001   090626   00   000000   0   000000000000000   000   000000000000000   000   000000000000000      000000000000528681   000   000000000528681   0   0000000000   A   0   0000000000   A   000000   000000   000000000000000   000000000000000   0000A0000000
 002070   61708800301   053175            2   002   090626   00   000000   0   000000000000000   000   000000000000000   000   000000000000000      000000000003723914   000   000000007447829   0   0000000000   A   0   0000000000   A   000000   000000   000000000000000   000000000000000   0000A0000000
 002070   61708800301   053986            2   001   090626   00   000000   0   000000000000000   000   000000000000000   000   000000000000000      000000000000238054   000   000000000238054   0   0000000000   A   0   0000000000   A   000000   000000   000000000000000   000000000000000   0000A0000000
 002070   61708800301   930306            2   001   090626   00   000000   0   000000000000000   000   000000000000000   000   000000000000000      000000000002472750   000   000000002472750   0   0000000000   A   0   0000000000   A   000000   000000   000000000000000   000000000000000   0000A0000000
 002070   61708800301   045886            2   001   090626   00   000000   0   000000000000000   000   000000000000000   000   000000000000000      000000000003034955   000   000000003034955   0   0000000000   A   0   0000000000   A   000000   000000   000000000000000   000000000000000   0000A0000000
 002070   61708800301   018694            2   001   090626   00   000000   0   000000000000000   000   000000000000000   000   000000000000000      000000000010470573   000   000000010470573   0   0000000000   A   0   0000000000   A   000000   000000   000000000000000   000000000000000   0000A0000000
 002070   61708800301   056867            2   001   090626   00   000000   0   000000000000000   000   000000000000000   000   000000000000000      000000000003573728   000   000000003573728   0   0000000000   A   0   0000000000   A   000000   000000   000000000000000   000000000000000   0000A0000000
 002070   61708800301   010599            2   001   090626   00   000000   0   000000000000000   000   000000000000000   000   000000000000000      000000000001558354   000   000000001558354   0   0000000000   A   0   0000000000   A   000000   000000   000000000000000   000000000000000   0000A0000000
 002070   61708800301   041926            2   001   090626   00   000000   0   000000000000000   000   000000000000000   000   000000000000000      000000000000559741   000   000000000559741   0   0000000000   A   0   0000000000   A   000000   000000   000000000000000   000000000000000   0000A0000000
 002070   61708800301   058606            2   001   090626   00   000000   0   000000000000000   000   000000000000000   000   000000000000000      000000000000487627   000   000000000487627   0   0000000000   A   0   0000000000   A   000000   000000   000000000000000   000000000000000   0000A0000000
 002070   61708800301   018694            2   001   090626   00   000000   0   000000000000000   000   000000000000000   000   000000000000000      000000000010470573   000   000000010470573   0   0000000000   A   0   0000000000   A   000000   000000   000000000000000   000000000000000   0000A0000000
 002070   61033617602   930306            2   001   090626   00   000000   0   000000000000000   000   000000000000000   000   000000000000000      000000000002026125   000   000000002026125   0   0000000000   A   0   0000000000   A   000000   000000   000000000000000   000000000000000   0000A0000000
 002070   61033617602   058606            2   001   090626   00   000000   0   000000000000000   000   000000000000000   000   000000000000000      000000000000487627   000   000000000487627   0   0000000000   A   0   0000000000   A   000000   000000   000000000000000   000000000000000   0000A0000000
 002070   61708800301   058373            2   001   090626   00   000000   0   000000000000000   000   000000000000000   000   000000000000000      000000000000389168   000   000000000389168   0   0000000000   A   0   0000000000   A   000000   000000   000000000000000   000000000000000   0000A0000000
 002070   61708800301   029366            2   001   090626   00   000000   0   000000000000000   000   000000000000000   000   000000000000000      000000000000528681   000   000000000528681   0   0000000000   A   0   0000000000   A   000000   000000   000000000000000   000000000000000   0000A0000000
 002070   61708800301   053986            2   001   090626   00   000000   0   000000000000000   000   000000000000000   000   000000000000000      000000000000238054   000   000000000238054   0   0000000000   A   0   0000000000   A   000000   000000   000000000000000   000000000000000   0000A0000000
 002070   61708800301   053175            2   002   090626   00   000000   0   000000000000000   000   000000000000000   000   000000000000000      000000000003723914   000   000000007447829   0   0000000000   A   0   0000000000   A   000000   000000   000000000000000   000000000000000   0000A0000000
 002070   61708800301   058606            2   003   090626   00   000000   0   000000000000000   000   000000000000000   000   000000000000000      000000000000487627   000   000000001462882   0   0000000000   A   0   0000000000   A   000000   000000   000000000000000   000000000000000   0000A0000000
 002070   61708800301   056867            2   001   090626   00   000000   0   000000000000000   000   000000000000000   000   000000000000000      000000000003573728   000   000000003573728   0   0000000000   A   0   0000000000   A   000000   000000   000000000000000   000000000000000   0000A0000000
 002070   61708800301   029366            2   003   090626   00   000000   0   000000000000000   000   000000000000000   000   000000000000000      000000000000528681   000   000000001586042   0   0000000000   A   0   0000000000   A   000000   000000   000000000000000   000000000000000   0000A0000000
 002070   61708800301   058373            2   003   090626   00   000000   0   000000000000000   000   000000000000000   000   000000000000000      000000000000389168   000   000000001167504   0   0000000000   A   0   0000000000   A   000000   000000   000000000000000   000000000000000   0000A0000000
 002070   61708800301   018694            2   002   090626   00   000000   0   000000000000000   000   000000000000000   000   000000000000000      000000000010470573   000   000000020941146   0   0000000000   A   0   0000000000   A   000000   000000   000000000000000   000000000000000   0000A0000000
 002070   61033617602   930306            2   001   090626   00   000000   0   000000000000000   000   000000000000000   000   000000000000000      000000000002819248   000   000000002819248   0   0000000000   A   0   0000000000   A   000000   000000   000000000000000   000000000000000   0000A0000000
 002070   63056736001   053175            2   003   090626   00   000000   0   000000000000000   000   000000000000000   000   000000000000000      000000000003723915   000   000000011171744   0   0000000000   A   0   0000000000   A   000000   000000   000000000000000   000000000000000   0000A0000000
 002070   63056736001   029366            2   003   090626   00   000000   0   000000000000000   000   000000000000000   000   000000000000000      000000000000528681   000   000000001586042   0   0000000000   A   0   0000000000   A   000000   000000   000000000000000   000000000000000   0000A0000000
 002070   63056736001   058606            2   002   090626   00   000000   0   000000000000000   000   000000000000000   000   000000000000000      000000000000487627   000   000000000975254   0   0000000000   A   0   0000000000   A   000000   000000   000000000000000   000000000000000   0000A0000000
 002070   63056736001   022323            2   002   090626   00   000000   0   000000000000000   000   000000000000000   000   000000000000000      000000000002098942   000   000000004197884   0   0000000000   A   0   0000000000   A   000000   000000   000000000000000   000000000000000   0000A0000000
 002070   61708800301   053986            2   001   090626   00   000000   0   000000000000000   000   000000000000000   000   000000000000000      000000000000238054   000   000000000238054   0   0000000000   A   0   0000000000   A   000000   000000   000000000000000   000000000000000   0000A0000000
 002070   61708800301   053986            2   001   100626   00   000000   0   000000000000000   000   000000000000000   000   000000000000000      000000000000238054   000   000000000238054   0   0000000000   A   0   0000000000   A   000000   000000   000000000000000   000000000000000   0000A0000000
 002070   61708800301   930306            2   001   100626   00   000000   0   000000000000000   000   000000000000000   000   000000000000000      000000000000168489   000   000000000168489   0   0000000000   A   0   0000000000   A   000000   000000   000000000000000   000000000000000   0000A0000000
 002070   61708800301   930306            2   001   100626   00   000000   0   000000000000000   000   000000000000000   000   000000000000000      000000000002472750   000   000000002472750   0   0000000000   A   0   0000000000   A   000000   000000   000000000000000   000000000000000   0000A0000000
 002070   61708800301   053986            2   001   100626   00   000000   0   000000000000000   000   000000000000000   000   000000000000000      000000000000238054   000   000000000238054   0   0000000000   A   0   0000000000   A   000000   000000   000000000000000   000000000000000   0000A0000000
 002070   61033617602   930306            2   001   100626   00   000000   0   000000000000000   000   000000000000000   000   000000000000000      000000000002819248   000   000000002819248   0   0000000000   A   0   0000000000   A   000000   000000   000000000000000   000000000000000   0000A0000000
 002070   61708800301   053175            2   001   100626   00   000000   0   000000000000000   000   000000000000000   000   000000000000000      000000000003723915   000   000000003723915   0   0000000000   A   0   0000000000   A   000000   000000   000000000000000   000000000000000   0000A0000000
 002070   61708800301   029366            2   001   100626   00   000000   0   000000000000000   000   000000000000000   000   000000000000000      000000000000528681   000   000000000528681   0   0000000000   A   0   0000000000   A   000000   000000   000000000000000   000000000000000   0000A0000000
 002070   61708800301   058373            2   001   100626   00   000000   0   000000000000000   000   000000000000000   000   000000000000000      000000000000389168   000   000000000389168   0   0000000000   A   0   0000000000   A   000000   000000   000000000000000   000000000000000   0000A0000000
 002070   62716981201   930306            2   001   160626   00   000000   0   000000000000000   000   000000000000000   000   000000000000000      000000000001184071   000   000000001184071   0   0000000000   A   0   0000000000   A   000000   000000   000000000000000   000000000000000   0000A0000000
 002070   62716981201   029366            2   002   160626   00   000000   0   000000000000000   000   000000000000000   000   000000000000000      000000000000528680   000   000000001057361   0   0000000000   A   0   0000000000   A   000000   000000   000000000000000   000000000000000   0000A0000000
 002070   62716981201   058606            2   002   160626   00   000000   0   000000000000000   000   000000000000000   000   000000000000000      000000000000487627   000   000000000975254   0   0000000000   A   0   0000000000   A   000000   000000   000000000000000   000000000000000   0000A0000000
 002070   62977838701   029366            2   001   160626   00   000000   0   000000000000000   000   000000000000000   000   000000000000000      000000000000528681   000   000000000528681   0   0000000000   A   0   0000000000   A   000000   000000   000000000000000   000000000000000   0000A0000000
 002070   62977838701   930306            2   001   160626   00   000000   0   000000000000000   000   000000000000000   000   000000000000000      000000000000382801   000   000000000382801   0   0000000000   A   0   0000000000   A   000000   000000   000000000000000   000000000000000   0000A0000000
 002070   62977838701   058606            2   001   160626   00   000000   0   000000000000000   000   000000000000000   000   000000000000000      000000000000487627   000   000000000487627   0   0000000000   A   0   0000000000   A   000000   000000   000000000000000   000000000000000   0000A0000000
 002070   62977838701   930306            2   001   160626   00   000000   0   000000000000000   000   000000000000000   000   000000000000000      000000000000168489   000   000000000168489   0   0000000000   A   0   0000000000   A   000000   000000   000000000000000   000000000000000   0000A0000000
 002070   62977838701   930306            2   001   160626   00   000000   0   000000000000000   000   000000000000000   000   000000000000000      000000000000381150   000   000000000381150   0   0000000000   A   0   0000000000   A   000000   000000   000000000000000   000000000000000   0000A0000000
 002070   62977838701   930306            2   001   160626   00   000000   0   000000000000000   000   000000000000000   000   000000000000000      000000000002472750   000   000000002472750   0   0000000000   A   0   0000000000   A   000000   000000   000000000000000   000000000000000   0000A0000000
 002070   62977838701   053175            2   001   160626   00   000000   0   000000000000000   000   000000000000000   000   000000000000000      000000000003723915   000   000000003723915   0   0000000000   A   0   0000000000   A   000000   000000   000000000000000   000000000000000   0000A0000000
 002070   62977838701   053175            2   003   160626   00   000000   0   000000000000000   000   000000000000000   000   000000000000000      000000000003723915   000   000000011171744   0   0000000000   A   0   0000000000   A   000000   000000   000000000000000   000000000000000   0000A0000000
 002070   62977838701   058606            2   001   160626   00   000000   0   000000000000000   000   000000000000000   000   000000000000000      000000000000487627   000   000000000487627   0   0000000000   A   0   0000000000   A   000000   000000   000000000000000   000000000000000   0000A0000000
 002070   62977838701   029366            2   003   160626   00   000000   0   000000000000000   000   000000000000000   000   000000000000000      000000000000528681   000   000000001586042   0   0000000000   A   0   0000000000   A   000000   000000   000000000000000   000000000000000   0000A0000000
 002070   62977838701   029366            2   001   170626   00   000000   0   000000000000000   000   000000000000000   000   000000000000000      000000000000528681   000   000000000528681   0   0000000000   A   0   0000000000   A   000000   000000   000000000000000   000000000000000   0000A0000000
 002070   62977838701   058606            2   002   170626   00   000000   0   000000000000000   000   000000000000000   000   000000000000000      000000000000487627   000   000000000975254   0   0000000000   A   0   0000000000   A   000000   000000   000000000000000   000000000000000   0000A0000000
 002070   61613593801   053175            2   003   170626   00   000000   0   000000000000000   000   000000000000000   000   000000000000000      000000000003723915   000   000000011171744   0   0000000000   A   0   0000000000   A   000000   000000   000000000000000   000000000000000   0000A0000000
 002070   61613593801   045332            2   003   170626   00   000000   0   000000000000000   000   000000000000000   000   000000000000000      000000000001737178   000   000000005211535   0   0000000000   A   0   0000000000   A   000000   000000   000000000000000   000000000000000   0000A0000000
 002070   61613593801   029366            2   003   170626   00   000000   0   000000000000000   000   000000000000000   000   000000000000000      000000000000528681   000   000000001586042   0   0000000000   A   0   0000000000   A   000000   000000   000000000000000   000000000000000   0000A0000000
 002070   61613593801   058606            2   003   170626   00   000000   0   000000000000000   000   000000000000000   000   000000000000000      000000000000487627   000   000000001462882   0   0000000000   A   0   0000000000   A   000000   000000   000000000000000   000000000000000   0000A0000000
 002070   62977838701   053175            2   001   180626   00   000000   0   000000000000000   000   000000000000000   000   000000000000000      000000000003723915   000   000000003723915   0   0000000000   A   0   0000000000   A   000000   000000   000000000000000   000000000000000   0000A0000000
 002070   62977838701   029366            2   001   180626   00   000000   0   000000000000000   000   000000000000000   000   000000000000000      000000000000528681   000   000000000528681   0   0000000000   A   0   0000000000   A   000000   000000   000000000000000   000000000000000   0000A0000000
 002070   15206787101   029366            2   001   230626   00   000000   0   000000000000000   000   000000000000000   000   000000000000000      000000000000528681   000   000000000528681   0   0000000000   A   0   0000000000   A   000000   000000   000000000000000   000000000000000   0000A0000000
 002070   15206787101   930306            2   001   230626   00   000000   0   000000000000000   000   000000000000000   000   000000000000000      000000000000382801   000   000000000382801   0   0000000000   A   0   0000000000   A   000000   000000   000000000000000   000000000000000   0000A0000000
 002070   15206787101   058606            2   001   230626   00   000000   0   000000000000000   000   000000000000000   000   000000000000000      000000000000487627   000   000000000487627   0   0000000000   A   0   0000000000   A   000000   000000   000000000000000   000000000000000   0000A0000000
 002070   15206787101   930306            2   001   230626   00   000000   0   000000000000000   000   000000000000000   000   000000000000000      000000000000168489   000   000000000168489   0   0000000000   A   0   0000000000   A   000000   000000   000000000000000   000000000000000   0000A0000000
 002070   15206787101   930306            2   001   230626   00   000000   0   000000000000000   000   000000000000000   000   000000000000000      000000000000381150   000   000000000381150   0   0000000000   A   0   0000000000   A   000000   000000   000000000000000   000000000000000   0000A0000000
 002070   15206787101   056867            2   001   230626   00   000000   0   000000000000000   000   000000000000000   000   000000000000000      000000000003573728   000   000000003573728   0   0000000000   A   0   0000000000   A   000000   000000   000000000000000   000000000000000   0000A0000000
 002070   15206787101   053986            2   001   230626   00   000000   0   000000000000000   000   000000000000000   000   000000000000000      000000000000238054   000   000000000238054   0   0000000000   A   0   0000000000   A   000000   000000   000000000000000   000000000000000   0000A0000000
 002070   15206787101   930306            2   001   230626   00   000000   0   000000000000000   000   000000000000000   000   000000000000000      000000000002472750   000   000000002472750   0   0000000000   A   0   0000000000   A   000000   000000   000000000000000   000000000000000   0000A0000000
 002070   15206787101   053175            2   004   230626   00   000000   0   000000000000000   000   000000000000000   000   000000000000000      000000000003723915   000   000000014895659   0   0000000000   A   0   0000000000   A   000000   000000   000000000000000   000000000000000   0000A0000000
 002070   15206787101   029366            2   003   230626   00   000000   0   000000000000000   000   000000000000000   000   000000000000000      000000000000528681   000   000000001586042   0   0000000000   A   0   0000000000   A   000000   000000   000000000000000   000000000000000   0000A0000000
 002070   15206787101   058606            2   003   230626   00   000000   0   000000000000000   000   000000000000000   000   000000000000000      000000000000487627   000   000000001462882   0   0000000000   A   0   0000000000   A   000000   000000   000000000000000   000000000000000   0000A0000000
 002070   15206787101   056438            2   004   230626   00   000000   0   000000000000000   000   000000000000000   000   000000000000000      000000000001743854   000   000000006975418   0   0000000000   A   0   0000000000   A   000000   000000   000000000000000   000000000000000   0000A0000000
 002070   15206787101   053986            2   001   240626   00   000000   0   000000000000000   000   000000000000000   000   000000000000000      000000000000238054   000   000000000238054   0   0000000000   A   0   0000000000   A   000000   000000   000000000000000   000000000000000   0000A0000000
 002070   15206787101   053986            2   001   250626   00   000000   0   000000000000000   000   000000000000000   000   000000000000000      000000000000238054   000   000000000238054   0   0000000000   A   0   0000000000   A   000000   000000   000000000000000   000000000000000   0000A0000000
 002070   00000000000   053175            2   003   300626   00   000000   0   000000000000000   000   000000000000000   000   000000000000000      000000000003723915   000   000000011171744   0   0000000000   A   0   0000000000   A   000000   000000   000000000000000   000000000000000   0000A0000000
 002070   00000000000   029366            2   003   300626   00   000000   0   000000000000000   000   000000000000000   000   000000000000000      000000000000528681   000   000000001586042   0   0000000000   A   0   0000000000   A   000000   000000   000000000000000   000000000000000   0000A0000000
 002070   00000000000   058373            2   003   300626   00   000000   0   000000000000000   000   000000000000000   000   000000000000000      000000000000389168   000   000000001167504   0   0000000000   A   0   0000000000   A   000000   000000   000000000000000   000000000000000   0000A0000000
 002070   00000000000   058606            2   003   300626   00   000000   0   000000000000000   000   000000000000000   000   000000000000000      000000000000487627   000   000000001462882   0   0000000000   A   0   0000000000   A   000000   000000   000000000000000   000000000000000   0000A0000000
 002070   00000000000   056438            2   003   300626   00   000000   0   000000000000000   000   000000000000000   000   000000000000000      000000000001743854   000   000000005231563   0   0000000000   A   0   0000000000   A   000000   000000   000000000000000   000000000000000   0000A0000000
 002070   61524752002   170101            2   001   010626   00   000000   0   000000000794314   000   000000000000000   000   000000000000000      000000000000000000   000   000000000794314   0   0000000000   A   0   0000000000   A   000000   000000   000000000000000   000000000000000   0000A0000000
 002070   61524752002   420303            2   001   010626   00   000000   0   000000001332300   000   000000000000000   000   000000000000000      000000000000000000   000   000000001332300   0   0000000000   A   0   0000000000   A   000000   000000   000000000000000   000000000000000   0000A0000000
 002070   61524752002   250181            2   003   020626   00   000000   0   000000000559129   000   000000000000000   000   000000000000000      000000000000000000   000   000000001677387   0   0000000000   A   0   0000000000   A   000000   000000   000000000000000   000000000000000   0000A0000000
 002070   61033617602   170101            2   001   030626   00   000000   0   000000000794314   000   000000000000000   000   000000000000000      000000000000000000   000   000000000794314   0   0000000000   A   0   0000000000   A   000000   000000   000000000000000   000000000000000   0000A0000000
 002070   61033617602   420303            2   001   030626   00   000000   0   000000001332300   000   000000000000000   000   000000000000000      000000000000000000   000   000000001332300   0   0000000000   A   0   0000000000   A   000000   000000   000000000000000   000000000000000   0000A0000000
 002070   61033617602   250181            2   003   030626   00   000000   0   000000000559129   000   000000000000000   000   000000000000000      000000000000000000   000   000000001677387   0   0000000000   A   0   0000000000   A   000000   000000   000000000000000   000000000000000   0000A0000000
 002070   61524752002   420301            2   001   030626   00   000000   0   000000001332300   000   000000000000000   000   000000000000000      000000000000000000   000   000000001332300   0   0000000000   A   0   0000000000   A   000000   000000   000000000000000   000000000000000   0000A0000000
 002070   61708800301   420303            2   001   080626   00   000000   0   000000001332300   000   000000000000000   000   000000000000000      000000000000000000   000   000000001332300   0   0000000000   A   0   0000000000   A   000000   000000   000000000000000   000000000000000   0000A0000000
 002070   61708800301   420303            2   001   090626   00   000000   0   000000001332300   000   000000000000000   000   000000000000000      000000000000000000   000   000000001332300   0   0000000000   A   0   0000000000   A   000000   000000   000000000000000   000000000000000   0000A0000000
 002070   61708800301   250181            2   002   090626   00   000000   0   000000000559129   000   000000000000000   000   000000000000000      000000000000000000   000   000000001118258   0   0000000000   A   0   0000000000   A   000000   000000   000000000000000   000000000000000   0000A0000000
 002070   62977838701   420303            2   001   160626   00   000000   0   000000001332300   000   000000000000000   000   000000000000000      000000000000000000   000   000000001332300   0   0000000000   A   0   0000000000   A   000000   000000   000000000000000   000000000000000   0000A0000000
 002070   62977838701   170101            2   001   160626   00   000000   0   000000000794314   000   000000000000000   000   000000000000000      000000000000000000   000   000000000794314   0   0000000000   A   0   0000000000   A   000000   000000   000000000000000   000000000000000   0000A0000000
 002070   15206787101   170101            2   001   230626   00   000000   0   000000000794314   000   000000000000000   000   000000000000000      000000000000000000   000   000000000794314   0   0000000000   A   0   0000000000   A   000000   000000   000000000000000   000000000000000   0000A0000000
 002070   15206787101   420303            2   001   230626   00   000000   0   000000001332300   000   000000000000000   000   000000000000000      000000000000000000   000   000000001332300   0   0000000000   A   0   0000000000   A   000000   000000   000000000000000   000000000000000   0000A0000000
